icao,ident,name,municipality,state,latitude_deg,longitude_deg,iso_country,type,point_category,source
SBGP,SBGP,EMBRAER - Unidade Gavião Peixoto,GAVIÃO PEIXOTO,SP,-21.764444,-48.404722,BR,private_aerodrome,Brasil,ANAC_privados
SBIT,SBIT,Hidrelétrica de Itumbiara,ITUMBIARA,GO,-18.445,-49.214167,BR,private_aerodrome,Brasil,ANAC_privados
SBOA,SBOA,Fazenda Antas,SAPÉ,PB,-6.9733333,-35.253333,BR,private_aerodrome,Brasil,ANAC_privados
SBOB,SBOB,Fazenda Buriti,UNAÍ,MG,-16.3225,-47.223333,BR,private_aerodrome,Brasil,ANAC_privados
SBOD,SBOD,Fazenda Santa Cruz,ARAGUAÍNA,TO,-7.4558333,-49.195556,BR,private_aerodrome,Brasil,ANAC_privados
SBOE,SBOE,Fazenda Americana,QUERÊNCIA,MT,-12.587222,-52.096389,BR,private_aerodrome,Brasil,ANAC_privados
SBOF,SBOF,FAZENDA BANDEIRANTES,CHAPADÃO DO SUL,MS,-19.318611,-52.533333,BR,private_aerodrome,Brasil,ANAC_privados
SBOG,SBOG,Fazenda Vereda Grande,VITÓRIA DA CONQUISTA,BA,-14.784722,-40.816944,BR,private_aerodrome,Brasil,ANAC_privados
SBOH,SBOH,Fazenda São Sebastião,TESOURO,MT,-15.999167,-53.543056,BR,private_aerodrome,Brasil,ANAC_privados
SBOJ,SBOJ,Crepurizão,ITAITUBA,PA,-6.82,-56.841389,BR,private_aerodrome,Brasil,ANAC_privados
SBOK,SBOK,Fazenda São Vicente,LUCAS DO RIO VERDE,MT,-13.290556,-55.975,BR,private_aerodrome,Brasil,ANAC_privados
SBOL,SBOL,Fazenda Santa Lúcia,APORÉ,GO,-18.920278,-52.001389,BR,private_aerodrome,Brasil,ANAC_privados
SBOM,SBOM,Fazenda Santa Maria,LAMBARI D'OESTE,MT,-15.377222,-57.681944,BR,private_aerodrome,Brasil,ANAC_privados
SBON,SBON,Fazenda Renascer,GOIATINS,TO,-7.6155556,-47.451667,BR,private_aerodrome,Brasil,ANAC_privados
SBOO,SBOO,Fazenda Ceita Corê,BONITO,MS,-20.838611,-56.588611,BR,private_aerodrome,Brasil,ANAC_privados
SBOP,SBOP,Arena Corinthians,SÃO PAULO,São Paulo,-23.544167,-46.477778,BR,heliport,Brasil,ANAC_helipontos
SBOQ,SBOQ,Fazenda Irmãs Prata,CHAPADÃO DO CÉU,GO,-18.621111,-52.833056,BR,private_aerodrome,Brasil,ANAC_privados
SBOR,SBOR,Fazenda AgroTamareira,MUNDO NOVO,GO,-13.730278,-50.358056,BR,private_aerodrome,Brasil,ANAC_privados
SBOS,SBOS,Fazenda Santo Augusto,BRASNORTE,MT,-13.152778,-58.1175,BR,private_aerodrome,Brasil,ANAC_privados
SBOT,SBOT,Fazenda Eldorado,MONÇÃO,MA,-3.6919444,-45.268889,BR,private_aerodrome,Brasil,ANAC_privados
SBOU,SBOU,Fazenda São Jerônimo,NOVA CANAÃ DO NORTE,MT,-10.270278,-55.786111,BR,private_aerodrome,Brasil,ANAC_privados
SBOV,SBOV,Fazenda Tabatinga,SANTA RITA DO TRIVELATO,MT,-14.159444,-54.926667,BR,private_aerodrome,Brasil,ANAC_privados
SBOW,SBOW,Fazenda Agropecuária Vale do Ouro,ITAITUBA,PA,-4.1866667,-56.058056,BR,private_aerodrome,Brasil,ANAC_privados
SBOX,SBOX,FAZENDA BAIA MORENA,CORUMBÁ,MS,-18.26,-55.374444,BR,private_aerodrome,Brasil,ANAC_privados
SBOY,SBOY,Fazenda São José,CORUMBÁ,MS,-17.418333,-56.179722,BR,private_aerodrome,Brasil,ANAC_privados
SBOZ,SBOZ,Fazenda Arizona,CÁCERES,MT,-16.18,-57.278333,BR,private_aerodrome,Brasil,ANAC_privados
SBQA,SBQA,Fazenda Floresta,NAZÁRIO,GO,-16.536111,-49.838056,BR,private_aerodrome,Brasil,ANAC_privados
SBQB,SBQB,Fazenda Pedrinhas II,CORRENTINA,BA,-13.269444,-45.085,BR,private_aerodrome,Brasil,ANAC_privados
SBQC,SBQC,Fazenda Cantagalo,NOVA MUTUM,MT,-13.366389,-55.855,BR,private_aerodrome,Brasil,ANAC_privados
SBQD,SBQD,Fazenda Vaca Branca,ALTA FLORESTA,MT,-9.5233333,-56.238333,BR,private_aerodrome,Brasil,ANAC_privados
SBQE,SBQE,Fazenda Tradição,RIBEIRO GONÇALVES,PI,-7.8002778,-45.054167,BR,private_aerodrome,Brasil,ANAC_privados
SBQF,SBQF,Ferigolo,NOVA PALMA,Rio Grande do Sul,-29.461667,-53.463611,BR,heliport,Brasil,ANAC_helipontos
SBQG,SBQG,Fazenda Rio Azul,SÃO JOSÉ DO RIO CLARO,MT,-13.513056,-56.598333,BR,private_aerodrome,Brasil,ANAC_privados
SBQH,SBQH,CMTE Juliano Rambo,CONFRESA,MT,-10.698889,-51.615556,BR,private_aerodrome,Brasil,ANAC_privados
SBQJ,SBQJ,Osvaldo de Carvalho,IBAITI,PR,-23.846389,-50.208333,BR,private_aerodrome,Brasil,ANAC_privados
SBQK,SBQK,Fazenda Mundial,SÃO FÉLIX DO XINGU,PA,-6.5388889,-51.441944,BR,private_aerodrome,Brasil,ANAC_privados
SBQL,SBQL,Centro de Convenções Ponta da Praia,SANTOS,São Paulo,-23.984722,-46.294444,BR,heliport,Brasil,ANAC_helipontos
SBQM,SBQM,FAZENDA SÃO MIGUEL,JATEÍ,MS,-22.765278,-53.908333,BR,private_aerodrome,Brasil,ANAC_privados
SBQN,SBQN,Fazenda Nossa Senhora Aparecida II,PORTO ESTRELA,MT,-15.575278,-57.378056,BR,private_aerodrome,Brasil,ANAC_privados
SBQO,SBQO,Fazenda Paraíso,PRADO,BA,-17.0275,-39.176111,BR,private_aerodrome,Brasil,ANAC_privados
SBQP,SBQP,Fazenda Três Santos,URUÇUÍ,PI,-7.75,-44.316389,BR,private_aerodrome,Brasil,ANAC_privados
SBQQ,SBQQ,Comandante Gravatá,ANGRA DOS REIS,Rio de Janeiro,-23.018611,-44.319444,BR,heliport,Brasil,ANAC_helipontos
SBQR,SBQR,Fazenda Arena de Aço,BURITIZEIRO,MG,-16.808333,-44.973611,BR,private_aerodrome,Brasil,ANAC_privados
SBQS,SBQS,Santa Rosa,CAMPO VERDE,MT,-15.4075,-54.965556,BR,private_aerodrome,Brasil,ANAC_privados
SBQT,SBQT,Fazenda Campo Formoso,TESOURO,MT,-15.801944,-53.557778,BR,private_aerodrome,Brasil,ANAC_privados
SBQU,SBQU,Hungaro Helipark,ARAGUAÍNA,Tocantins,-7.2041667,-48.219722,BR,heliport,Brasil,ANAC_helipontos
SBQW,SBQW,Paíto Motors,ARARAS,São Paulo,-22.355556,-47.373611,BR,heliport,Brasil,ANAC_helipontos
SBQY,SBQY,LDB - Itapevi,ITAPEVI,São Paulo,-23.530278,-46.937222,BR,heliport,Brasil,ANAC_helipontos
SBQZ,SBQZ,Fazenda Mariane,BROTAS,São Paulo,-22.240278,-48.319167,BR,heliport,Brasil,ANAC_helipontos
SBTV,SBTV,Terravista,PORTO SEGURO,BA,-16.541389,-39.108056,BR,private_aerodrome,Brasil,ANAC_privados
SBUY,SBUY,Urucu,COARI,AM,-4.8830556,-65.355833,BR,private_aerodrome,Brasil,ANAC_privados
SD00,SD00,Americano Brito,TRAIRI,CE,-3.2580556,-39.3425,BR,private_aerodrome,Brasil,ANAC_privados
SD01,SD01,Fazenda Dona Ester,JUSSARA,GO,-15.806389,-51.413611,BR,private_aerodrome,Brasil,ANAC_privados
SD02,SD02,Agro Basso,LUÍS EDUARDO MAGALHÃES,BA,-11.9375,-45.8725,BR,private_aerodrome,Brasil,ANAC_privados
SD03,SD03,FAZENDA SÃO CRISTÓVÃO,BODOQUENA,MS,-20.675,-56.629444,BR,private_aerodrome,Brasil,ANAC_privados
SD04,SD04,Fazenda Sol Nascente,ITAITUBA,PA,-5.4902778,-57.214722,BR,private_aerodrome,Brasil,ANAC_privados
SD06,SD06,Pr Empreendimentos Agricolas,GOIATINS,TO,-8.0683333,-47.464722,BR,private_aerodrome,Brasil,ANAC_privados
SD07,SD07,Fazenda Ceres,SÃO DESIDÉRIO,BA,-13.1825,-45.636389,BR,private_aerodrome,Brasil,ANAC_privados
SD08,SD08,Fazenda Martelli 1,TAPURAH,MT,-12.531667,-56.708056,BR,private_aerodrome,Brasil,ANAC_privados
SD09,SD09,FAZENDA UNIÃO,SÃO FÉLIX DO ARAGUAIA,MT,-11.630833,-52.021389,BR,private_aerodrome,Brasil,ANAC_privados
SD0A,SD0A,Lara,CRICIÚMA,Santa Catarina,-28.651389,-49.343611,BR,heliport,Brasil,ANAC_helipontos
SD0D,SD0D,Equiplex,APARECIDA DE GOIÂNIA,Goiás,-16.82,-49.235278,BR,heliport,Brasil,ANAC_helipontos
SD0E,SD0E,Fazenda Tangará,SANTANA DO ARAGUAIA,PA,-9.6686111,-50.780833,BR,private_aerodrome,Brasil,ANAC_privados
SD0F,SD0F,Falcão Aereo Agricola,MARUMBI,Paraná,-23.674444,-51.644722,BR,heliport,Brasil,ANAC_helipontos
SD0G,SD0G,Fazenda Santa Paula,SÃO DESIDÉRIO,BA,-12.815,-45.485278,BR,private_aerodrome,Brasil,ANAC_privados
SD0J,SD0J,Vem Sonhar Comigo,GUARAPARI,Espírito Santo,-20.516944,-40.663889,BR,heliport,Brasil,ANAC_helipontos
SD0L,SD0L,Espaço Talismã,ATIBAIA,São Paulo,-23.063611,-46.487222,BR,heliport,Brasil,ANAC_helipontos
SD0M,SD0M,Fazenda Campo Dania,CORUMBÁ,MS,-18.580278,-57.478611,BR,private_aerodrome,Brasil,ANAC_privados
SD10,SD10,Fazenda Vale do Juruena 2,NOVA BANDEIRANTES,MT,-9.3913889,-58.221111,BR,private_aerodrome,Brasil,ANAC_privados
SD11,SD11,Amazon Runway,MANACAPURU,AM,-3.2316667,-60.486389,BR,private_aerodrome,Brasil,ANAC_privados
SD13,SD13,Agriter Agronegócios,BRASNORTE,MT,-13.048333,-57.791667,BR,private_aerodrome,Brasil,ANAC_privados
SD14,SD14,Bom Sucesso,VAZANTE,MG,-17.608333,-46.699167,BR,private_aerodrome,Brasil,ANAC_privados
SD15,SD15,Fazenda Nova Conquista,SERRA NOVA DOURADA,MT,-12.020556,-51.334722,BR,private_aerodrome,Brasil,ANAC_privados
SD17,SD17,Dwg Guarda-Mor,GUARDA-MOR,MG,-17.760278,-47.110556,BR,private_aerodrome,Brasil,ANAC_privados
SD18,SD18,IFB,GOIÂNIA,Goiás,-16.695556,-49.199167,BR,heliport,Brasil,ANAC_helipontos
SD19,SD19,Fazenda Anta Gorda II,SÃO JOSÉ DO RIO CLARO,MT,-13.799444,-57.179167,BR,private_aerodrome,Brasil,ANAC_privados
SD1A,SD1A,Ninho Verde II,PARDINHO,São Paulo,-23.142778,-48.424722,BR,heliport,Brasil,ANAC_helipontos
SD1B,SD1B,Gaspar,CUJUBIM,RO,-8.8122222,-62.406111,BR,private_aerodrome,Brasil,ANAC_privados
SD1C,SD1C,Fazenda Indiana,ITIQUIRA,MT,-17.633611,-54.295,BR,private_aerodrome,Brasil,ANAC_privados
SD1D,SD1D,Fazenda Ponte de Pedra,CAMPO NOVO DO PARECIS,MT,-13.5875,-57.466389,BR,private_aerodrome,Brasil,ANAC_privados
SD1E,SD1E,Fazenda Rio Capim,PARAGOMINAS,PA,-3.5563889,-48.647222,BR,private_aerodrome,Brasil,ANAC_privados
SD1F,SD1F,Fazenda Marupiara,TAILÂNDIA,PA,-2.7555556,-48.526111,BR,private_aerodrome,Brasil,ANAC_privados
SD1G,SD1G,Época,CONTAGEM,Minas Gerais,-19.900556,-44.064722,BR,heliport,Brasil,ANAC_helipontos
SD1I,SD1I,Fazenda São João Agroer,GAÚCHA DO NORTE,MT,-13.486111,-53.945278,BR,private_aerodrome,Brasil,ANAC_privados
SD1J,SD1J,Fazenda São Joaquim,AMAJARI,RR,3.48194444,-61.134444,BR,private_aerodrome,Brasil,ANAC_privados
SD1K,SD1K,Fazenda Ranchinho,CAMAPUÃ,MS,-19.530278,-53.536389,BR,private_aerodrome,Brasil,ANAC_privados
SD1L,SD1L,Grupo Shimohira - TO,PONTE ALTA DO TOCANTINS,TO,-10.886944,-47.223611,BR,private_aerodrome,Brasil,ANAC_privados
SD1M,SD1M,FAZENDA RIO BRANCO,MARACAJU,MS,-21.660278,-55.700278,BR,private_aerodrome,Brasil,ANAC_privados
SD1N,SD1N,Fazenda Novo Horizonte,MIRANDA,MS,-20.008611,-56.325556,BR,private_aerodrome,Brasil,ANAC_privados
SD1P,SD1P,Fazenda Agropecuária Rio da Prata,SANTA BÁRBARA DO PARÁ,PA,-1.2080556,-48.161944,BR,private_aerodrome,Brasil,ANAC_privados
SD1Q,SD1Q,Rincão dos Sonhos,BONITO,MS,-21.238333,-56.529444,BR,private_aerodrome,Brasil,ANAC_privados
SD1R,SD1R,Fazenda Reginatto,FORMOSA DO RIO PRETO,BA,-10.744444,-45.657222,BR,private_aerodrome,Brasil,ANAC_privados
SD1S,SD1S,Fazenda Muralha,CHUPINGUAIA,RO,-12.796944,-60.65,BR,private_aerodrome,Brasil,ANAC_privados
SD1U,SD1U,CRUZEIRO DO SUL,IMARUÍ,SC,-28.269167,-48.887778,BR,private_aerodrome,Brasil,ANAC_privados
SD1V,SD1V,Fazenda Lago Azul,NOVA CRIXÁS,GO,-13.997222,-50.799722,BR,private_aerodrome,Brasil,ANAC_privados
SD1X,SD1X,Fazenda Querência Agroer,PARANATINGA,MT,-14.233611,-53.904444,BR,private_aerodrome,Brasil,ANAC_privados
SD1Y,SD1Y,Fazenda Indaiá III,PARAÍSO DAS ÁGUAS,MS,-19.191667,-53.294444,BR,private_aerodrome,Brasil,ANAC_privados
SD1Z,SD1Z,Outland Serra da Mesa,NIQUELÂNDIA,GO,-14.250833,-48.276389,BR,private_aerodrome,Brasil,ANAC_privados
SD20,SD20,Pousada Cavaleiro Dos Pirineus,PIRENÓPOLIS,Goiás,-15.836111,-48.948889,BR,heliport,Brasil,ANAC_helipontos
SD22,SD22,Fazenda Santa Ana,CORUMBIARA,RO,-13.006111,-61.240278,BR,private_aerodrome,Brasil,ANAC_privados
SD23,SD23,Fazenda Paraíso,DOURADOS,MS,-22.093889,-55.375833,BR,private_aerodrome,Brasil,ANAC_privados
SD24,SD24,Fazenda Paiaguás,DIAMANTINO,MT,-14.072222,-57.450556,BR,private_aerodrome,Brasil,ANAC_privados
SD26,SD26,Fazenda São Paulo,CORUMBÁ,MS,-18.544167,-55.570833,BR,private_aerodrome,Brasil,ANAC_privados
SD27,SD27,Campo Formoso,CAMPO FORMOSO,BA,-10.494722,-40.4875,BR,private_aerodrome,Brasil,ANAC_privados
SD29,SD29,Faz Entre Rios I,FIGUEIRÃO,MS,-18.6975,-54.373889,BR,private_aerodrome,Brasil,ANAC_privados
SD2A,SD2A,Pista Maranhense,ITAITUBA,PA,-5.3538889,-57.473889,BR,private_aerodrome,Brasil,ANAC_privados
SD2B,SD2B,Fazenda Santa Edwiges,SANTO ANTÔNIO DO LEVERGER,MT,-16.694444,-55.136111,BR,private_aerodrome,Brasil,ANAC_privados
SD2C,SD2C,A Tartaruga,ANGRA DOS REIS,Rio de Janeiro,-23.029722,-44.349167,BR,heliport,Brasil,ANAC_helipontos
SD2D,SD2D,Fazenda São Mateus,NOVA MARINGÁ,MT,-12.255,-57.2575,BR,private_aerodrome,Brasil,ANAC_privados
SD2E,SD2E,Fazenda Santa Ana,CONFRESA,MT,-10.689722,-51.473056,BR,private_aerodrome,Brasil,ANAC_privados
SD2F,SD2F,Fazenda Planura,SANTA MARIA DAS BARREIRAS,PA,-8.9575,-50.104167,BR,private_aerodrome,Brasil,ANAC_privados
SD2G,SD2G,Linha Becker,ITAPIRANGA,SC,-27.109444,-53.7775,BR,private_aerodrome,Brasil,ANAC_privados
SD2H,SD2H,Torre Jequitibá,SÃO PAULO,São Paulo,-23.625278,-46.705556,BR,heliport,Brasil,ANAC_helipontos
SD2I,SD2I,Estância Rancharia Aviação,RANCHARIA,SP,-22.175556,-50.908056,BR,private_aerodrome,Brasil,ANAC_privados
SD2J,SD2J,Fazenda Vale do Forquilha,COCALINHO,MT,-13.004444,-50.982778,BR,private_aerodrome,Brasil,ANAC_privados
SD2K,SD2K,Jotabasso Guiratinga,GUIRATINGA,MT,-16.266389,-53.430278,BR,private_aerodrome,Brasil,ANAC_privados
SD2L,SD2L,Fazenda Ágape,NOVA LACERDA,MT,-14.120833,-59.914167,BR,private_aerodrome,Brasil,ANAC_privados
SD2M,SD2M,Fazenda do Taboado,APARECIDA DO TABOADO,MS,-20.195833,-51.074722,BR,private_aerodrome,Brasil,ANAC_privados
SD2N,SD2N,Érico Veríssimo,CRUZ ALTA,RS,-28.720278,-53.645278,BR,private_aerodrome,Brasil,ANAC_privados
SD2O,SD2O,Bethaville Empresarial Itú,ITU,São Paulo,-23.315833,-47.323056,BR,heliport,Brasil,ANAC_helipontos
SD2P,SD2P,Fazenda São Gabriel,MATEIROS,TO,-10.303611,-45.804722,BR,private_aerodrome,Brasil,ANAC_privados
SD2Q,SD2Q,Fazenda Bom Jesus,BELA VISTA,MS,-21.710278,-56.309444,BR,private_aerodrome,Brasil,ANAC_privados
SD2R,SD2R,Fazenda São Sebastião,BONITO,MS,-21.019722,-56.276111,BR,private_aerodrome,Brasil,ANAC_privados
SD2S,SD2S,Fazenda Flor de Liz,GAÚCHA DO NORTE,MT,-13.061111,-53.003611,BR,private_aerodrome,Brasil,ANAC_privados
SD2T,SD2T,Edson Keller,PARANATINGA,MT,-12.536111,-54.106389,BR,private_aerodrome,Brasil,ANAC_privados
SD2U,SD2U,Portofino Riviera Villas,AQUIRAZ,Ceará,-3.9197222,-38.331111,BR,heliport,Brasil,ANAC_helipontos
SD2V,SD2V,Fazenda Santo Antônio,SORRISO,MT,-12.911667,-55.845833,BR,private_aerodrome,Brasil,ANAC_privados
SD2W,SD2W,Fazenda Aguapeí,VALPARAÍSO,SP,-21.212222,-50.944444,BR,private_aerodrome,Brasil,ANAC_privados
SD2X,SD2X,Fazenda Conquista,CASSILÂNDIA,MS,-19.289444,-52.375,BR,private_aerodrome,Brasil,ANAC_privados
SD2Y,SD2Y,Caminho do Lobo,COMODORO,MT,-13.708056,-59.772778,BR,private_aerodrome,Brasil,ANAC_privados
SD2Z,SD2Z,Fazenda Recanto,COMODORO,MT,-13.423611,-60.318056,BR,private_aerodrome,Brasil,ANAC_privados
SD30,SD30,Fazenda Serra Negra,VILA BELA DA SANTÍSSIMA TRINDADE,MT,-14.405833,-60.210556,BR,private_aerodrome,Brasil,ANAC_privados
SD31,SD31,Agropecuária Fio D'Água,ÁGUA BOA,MT,-14.089167,-52.248611,BR,private_aerodrome,Brasil,ANAC_privados
SD32,SD32,Fazenda São José,ITAITUBA,PA,-7.8844444,-56.558333,BR,private_aerodrome,Brasil,ANAC_privados
SD33,SD33,Imagem Aviação,MONÇÕES,SP,-20.865278,-50.1075,BR,private_aerodrome,Brasil,ANAC_privados
SD34,SD34,ITA,CORRENTINA,BA,-13.814167,-46.152222,BR,private_aerodrome,Brasil,ANAC_privados
SD36,SD36,Fazenda Santa Maria,CORRENTINA,BA,-13.884167,-46.156389,BR,private_aerodrome,Brasil,ANAC_privados
SD37,SD37,Fazenda Itália,DOM ELISEU,PA,-4.5372222,-47.865556,BR,private_aerodrome,Brasil,ANAC_privados
SD38,SD38,Fazenda Esteios,PORTO VELHO,RO,-9.7302778,-65.6425,BR,private_aerodrome,Brasil,ANAC_privados
SD39,SD39,Pista Santa Rita,TRAIRÃO,PA,-5.5072222,-56.568333,BR,private_aerodrome,Brasil,ANAC_privados
SD3A,SD3A,Fazenda São Martinho,SORRISO,MT,-12.3075,-55.849444,BR,private_aerodrome,Brasil,ANAC_privados
SD3B,SD3B,Fazenda Perdizes,PORTO DOS GAÚCHOS,MT,-11.638333,-56.263611,BR,private_aerodrome,Brasil,ANAC_privados
SD3C,SD3C,Thera Corporate,SÃO PAULO,São Paulo,-23.598889,-46.69,BR,heliport,Brasil,ANAC_helipontos
SD3D,SD3D,Fazenda Santa Maria,TRÊS LAGOAS,MS,-20.346389,-52.318889,BR,private_aerodrome,Brasil,ANAC_privados
SD3E,SD3E,Fazenda Rio Madeira,PORTO VELHO,RO,-9.6422222,-64.837222,BR,private_aerodrome,Brasil,ANAC_privados
SD3F,SD3F,Matusa,JIJOCA DE JERICOACOARA,Ceará,-2.7961111,-40.509167,BR,heliport,Brasil,ANAC_helipontos
SD3G,SD3G,Fazenda Verde,RONDONÓPOLIS,MT,-16.589722,-54.86,BR,private_aerodrome,Brasil,ANAC_privados
SD3H,SD3H,Fazenda Angola,VILA RICA,MT,-9.8058333,-51.869722,BR,private_aerodrome,Brasil,ANAC_privados
SD3I,SD3I,Raízen,PIRACICABA,São Paulo,-22.695556,-47.618333,BR,heliport,Brasil,ANAC_helipontos
SD3J,SD3J,Fazenda Santa Pilar,RIBAS DO RIO PARDO,MS,-21.498889,-53.276944,BR,private_aerodrome,Brasil,ANAC_privados
SD3K,SD3K,Fazenda São Marco,ITAPEVA,SP,-23.921667,-48.820278,BR,private_aerodrome,Brasil,ANAC_privados
SD3L,SD3L,Manoel Rodrigues,INDEPENDÊNCIA,CE,-5.4488889,-40.2225,BR,private_aerodrome,Brasil,ANAC_privados
SD3M,SD3M,Fazenda São Francisco,BARRA DO BUGRES,MT,-14.973333,-57.425556,BR,private_aerodrome,Brasil,ANAC_privados
SD3N,SD3N,Aerounião,JAPORÃ,MS,-23.877778,-54.509722,BR,private_aerodrome,Brasil,ANAC_privados
SD3O,SD3O,Fazenda São Gabriel 2,BRASNORTE,MT,-12.521389,-58.236389,BR,private_aerodrome,Brasil,ANAC_privados
SD3P,SD3P,Fazenda Morando,ANAURILÂNDIA,MS,-22.101667,-52.855833,BR,private_aerodrome,Brasil,ANAC_privados
SD3Q,SD3Q,Fazenda Panorama,SÃO DESIDÉRIO,BA,-13.4,-46.116111,BR,private_aerodrome,Brasil,ANAC_privados
SD3R,SD3R,Fazenda Zohar,VILA BELA DA SANTÍSSIMA TRINDADE,MT,-15.366667,-60.045556,BR,private_aerodrome,Brasil,ANAC_privados
SD3S,SD3S,Fazenda Brasil,SENA MADUREIRA,AC,-9.1325,-68.586667,BR,private_aerodrome,Brasil,ANAC_privados
SD3T,SD3T,Trimais Center,SÃO PAULO,São Paulo,-23.478611,-46.610278,BR,heliport,Brasil,ANAC_helipontos
SD3U,SD3U,Idilia Lurdes Zandona Bedin,SORRISO,MT,-12.426667,-55.681111,BR,private_aerodrome,Brasil,ANAC_privados
SD3V,SD3V,Fazenda Divisão,LUCAS DO RIO VERDE,MT,-12.997222,-56.271389,BR,private_aerodrome,Brasil,ANAC_privados
SD3W,SD3W,Fazenda Rio Vermelho,COMODORO,MT,-13.68,-60.209167,BR,private_aerodrome,Brasil,ANAC_privados
SD3X,SD3X,Campo Bahia Resort,SANTA CRUZ CABRÁLIA,Bahia,-16.241667,-39.009167,BR,heliport,Brasil,ANAC_helipontos
SD3Y,SD3Y,Rio Louro,MACAÉ,RJ,-22.291389,-41.758333,BR,private_aerodrome,Brasil,ANAC_privados
SD3Z,SD3Z,Fazenda Eldorado,SÃO JOSÉ DO XINGU,MT,-10.823056,-52.371389,BR,private_aerodrome,Brasil,ANAC_privados
SD40,SD40,Bon Voyage,POMERODE,Santa Catarina,-26.760833,-49.173889,BR,heliport,Brasil,ANAC_helipontos
SD42,SD42,Fazenda Agromapi,SÃO FÉLIX DE BALSAS,MA,-7.3258333,-44.895,BR,private_aerodrome,Brasil,ANAC_privados
SD43,SD43,CARNEIRINHO AGROINDUSTRIAL S.A.,CARNEIRINHO,MG,-19.809722,-50.781389,BR,private_aerodrome,Brasil,ANAC_privados
SD44,SD44,JAMBEIRO,SERRA NOVA DOURADA,MT,-11.829167,-51.179167,BR,private_aerodrome,Brasil,ANAC_privados
SD46,SD46,Fazenda Brasil Fronteira,PIMENTEIRAS DO OESTE,RO,-13.406111,-61.348333,BR,private_aerodrome,Brasil,ANAC_privados
SD47,SD47,Fazenda Dois Buritis,COXIM,MS,-17.983333,-55.160556,BR,private_aerodrome,Brasil,ANAC_privados
SD48,SD48,Ribeirão II,ITIQUIRA,MT,-17.299444,-54.322222,BR,private_aerodrome,Brasil,ANAC_privados
SD49,SD49,Heliponto Trama,PORTO SEGURO,Bahia,-16.601944,-39.121111,BR,heliport,Brasil,ANAC_helipontos
SD4A,SD4A,Agrícola Dall Olivo,LAGOA VERMELHA,RS,-28.03,-51.520278,BR,private_aerodrome,Brasil,ANAC_privados
SD4B,SD4B,Aeródromo Privado Fazenda Primavera,PORTO ALEGRE DO NORTE,MT,-10.637222,-52.028611,BR,private_aerodrome,Brasil,ANAC_privados
SD4C,SD4C,Anderson Franco,IPATINGA,Minas Gerais,-19.459444,-42.571111,BR,heliport,Brasil,ANAC_helipontos
SD4D,SD4D,Fazenda Ibicuí,ALEGRETE,RS,-29.753056,-55.155278,BR,private_aerodrome,Brasil,ANAC_privados
SD4E,SD4E,Fazenda Seara,JABORANDI,BA,-14.050556,-45.720833,BR,private_aerodrome,Brasil,ANAC_privados
SD4F,SD4F,Fazenda Chapadão,COMODORO,MT,-13.924722,-59.493056,BR,private_aerodrome,Brasil,ANAC_privados
SD4G,SD4G,Fazenda Chocolate,BUJARI,AC,-9.5675,-68.291111,BR,private_aerodrome,Brasil,ANAC_privados
SD4H,SD4H,Nova Era & Thomazi Agropecuárias,COMODORO,MT,-13.633611,-59.796111,BR,private_aerodrome,Brasil,ANAC_privados
SD4I,SD4I,SAC Firearms,ITU,São Paulo,-23.279167,-47.336111,BR,heliport,Brasil,ANAC_helipontos
SD4J,SD4J,FAZENDA OURO E PRATA,CARACOL,MS,-21.8525,-56.863056,BR,private_aerodrome,Brasil,ANAC_privados
SD4K,SD4K,Hospital Estadual de Sorocaba,SOROCABA,São Paulo,-23.526667,-47.519167,BR,heliport,Brasil,ANAC_helipontos
SD4L,SD4L,Monte Carmelo,MONTE CARMELO,MG,-18.720833,-47.485556,BR,private_aerodrome,Brasil,ANAC_privados
SD4M,SD4M,IBR,GUARAMIRANGA,Ceará,-4.2644444,-38.948056,BR,heliport,Brasil,ANAC_helipontos
SD4N,SD4N,HUERB - Hospital de Urgência e Emergência de Rio Branco,RIO BRANCO,Acre,-9.9644444,-67.814444,BR,heliport,Brasil,ANAC_helipontos
SD4O,SD4O,Fazenda Entre Rios,CRISTALINA,GO,-16.711389,-47.521111,BR,private_aerodrome,Brasil,ANAC_privados
SD4P,SD4P,Fazenda Garrote II,BRITÂNIA,GO,-15.335556,-51.157222,BR,private_aerodrome,Brasil,ANAC_privados
SD4Q,SD4Q,Fazenda Garrote I,BRITÂNIA,Goiás,-15.330833,-51.164167,BR,heliport,Brasil,ANAC_helipontos
SD4R,SD4R,Fazenda Boa Vista,ITAITUBA,PA,-7.8580556,-56.719444,BR,private_aerodrome,Brasil,ANAC_privados
SD4S,SD4S,São Salvador Alimentos Itaberaí,ITABERAÍ,Goiás,-16.0075,-49.798889,BR,heliport,Brasil,ANAC_helipontos
SD4T,SD4T,São Salvador Alimentos Nova Veneza,NOVA VENEZA,Goiás,-16.378056,-49.295556,BR,heliport,Brasil,ANAC_helipontos
SD4U,SD4U,Ruaro,DOURADOS,MS,-22.236667,-54.712778,BR,private_aerodrome,Brasil,ANAC_privados
SD4V,SD4V,SOCORRO,SOCORRO,SP,-22.560833,-46.545556,BR,private_aerodrome,Brasil,ANAC_privados
SD4W,SD4W,Fazenda Realeza,CAMPO GRANDE,MS,-20.698056,-54.634444,BR,private_aerodrome,Brasil,ANAC_privados
SD4X,SD4X,Tedesco,SÃO JORGE D'OESTE,Paraná,-25.566389,-52.997222,BR,heliport,Brasil,ANAC_helipontos
SD4Y,SD4Y,Fazenda Vista Alegre,IBIAÍ,MG,-16.770278,-44.793333,BR,private_aerodrome,Brasil,ANAC_privados
SD4Z,SD4Z,Fazenda Santo Eugênio,CORUMBÁ,MS,-19.334167,-56.720556,BR,private_aerodrome,Brasil,ANAC_privados
SD50,SD50,Adm. Porto de Paranaguá,PARANAGUÁ,Paraná,-25.506389,-48.514444,BR,heliport,Brasil,ANAC_helipontos
SD51,SD51,Fazenda Letícia II,CAMPOS DE JÚLIO,MT,-13.8125,-59.157222,BR,private_aerodrome,Brasil,ANAC_privados
SD53,SD53,Porto Primavera,ROSANA,SP,-22.525556,-52.971944,BR,private_aerodrome,Brasil,ANAC_privados
SD54,SD54,Capanema,CORRENTE,PI,-10.621667,-45.386111,BR,private_aerodrome,Brasil,ANAC_privados
SD55,SD55,Fazenda Dona Nina,CAMPOS LINDOS,TO,-7.9630556,-46.877222,BR,private_aerodrome,Brasil,ANAC_privados
SD57,SD57,Fazenda Próspera,TABAPORÃ,MT,-11.2225,-56.353611,BR,private_aerodrome,Brasil,ANAC_privados
SD58,SD58,Campo De Bagatelle,SETE LAGOAS,MG,-19.373889,-44.178056,BR,private_aerodrome,Brasil,ANAC_privados
SD59,SD59,Fazenda Terra Santa,SÃO GONÇALO DOS CAMPOS,Bahia,-12.411111,-39.008056,BR,heliport,Brasil,ANAC_helipontos
SD5B,SD5B,Fazenda São Judas Tadeu,PARAÍSO DAS ÁGUAS,MS,-19.405556,-53.160278,BR,private_aerodrome,Brasil,ANAC_privados
SD5C,SD5C,Fazenda Estrela Grande,ARAGUAPAZ,GO,-15.154167,-50.5325,BR,private_aerodrome,Brasil,ANAC_privados
SD5D,SD5D,Fazenda Indaiá II,PARAÍSO DAS ÁGUAS,MS,-19.125,-53.053056,BR,private_aerodrome,Brasil,ANAC_privados
SD5E,SD5E,Fazenda Serra Da Lua,BONFIM,RR,2.60805556,-60.211944,BR,private_aerodrome,Brasil,ANAC_privados
SD5F,SD5F,Hospital São Vicente de Paulo,BOM JESUS DO ITABAPOANA,Rio de Janeiro,-21.138056,-41.678889,BR,heliport,Brasil,ANAC_helipontos
SD5G,SD5G,Fazenda Viúva Negra,OTACÍLIO COSTA,SC,-27.641667,-49.761111,BR,private_aerodrome,Brasil,ANAC_privados
SD5H,SD5H,FAZENDA VALE VERDE III,UNAÍ,MG,-16.716944,-46.5225,BR,private_aerodrome,Brasil,ANAC_privados
SD5I,SD5I,Agrodan,BELÉM DO SÃO FRANCISCO,PE,-8.6672222,-39.161944,BR,private_aerodrome,Brasil,ANAC_privados
SD5J,SD5J,Ninho das Águias,BALNEÁRIO CAMBORIÚ,Santa Catarina,-27.008611,-48.615,BR,heliport,Brasil,ANAC_helipontos
SD5K,SD5K,Santa Lúcia,ALPESTRE,RS,-27.0925,-53.022222,BR,private_aerodrome,Brasil,ANAC_privados
SD5L,SD5L,Hospital Regional Teófilo Otoni,TEÓFILO OTONI,Minas Gerais,-17.831389,-41.5075,BR,heliport,Brasil,ANAC_helipontos
SD5N,SD5N,Fazenda HD,NOVO ARIPUANÃ,AM,-8.1130556,-61.445278,BR,private_aerodrome,Brasil,ANAC_privados
SD5P,SD5P,Alphaville Guarajuba,CAMAÇARI,Bahia,-12.681389,-38.104167,BR,heliport,Brasil,ANAC_helipontos
SD5R,SD5R,Fazenda São Jorge,PORANGATU,GO,-13.563333,-49.530556,BR,private_aerodrome,Brasil,ANAC_privados
SD5S,SD5S,Fazenda Balsa,JUÍNA,MT,-11.600556,-58.439167,BR,private_aerodrome,Brasil,ANAC_privados
SD5T,SD5T,Fazenda Santa Terezinha,TRÊS LAGOAS,MS,-20.498611,-52.368611,BR,private_aerodrome,Brasil,ANAC_privados
SD5U,SD5U,Fazenda Tupan,NOVA MUTUM,MT,-13.668056,-56.049444,BR,private_aerodrome,Brasil,ANAC_privados
SD5V,SD5V,Fazenda Vista Verde,SÁTIRO DIAS,BA,-11.713333,-38.573056,BR,private_aerodrome,Brasil,ANAC_privados
SD5W,SD5W,Fazenda Santo Antônio,FUNILÂNDIA,Minas Gerais,-19.314444,-44.151667,BR,heliport,Brasil,ANAC_helipontos
SD5X,SD5X,Heli Boss,RIO DE JANEIRO,Rio de Janeiro,-23.008333,-43.301667,BR,heliport,Brasil,ANAC_helipontos
SD5Y,SD5Y,Fazenda Cachoeirinha,APARECIDA DO TABOADO,MS,-20.048889,-51.476111,BR,private_aerodrome,Brasil,ANAC_privados
SD61,SD61,Fazenda Princesa Do Sul,RORAINÓPOLIS,RR,0.883888889,-60.423333,BR,private_aerodrome,Brasil,ANAC_privados
SD62,SD62,Fazenda Capim Doce,PONTES E LACERDA,MT,-15.811111,-59.903889,BR,private_aerodrome,Brasil,ANAC_privados
SD63,SD63,Fazenda Bela Vista,CORRENTINA,BA,-13.637222,-46.187222,BR,private_aerodrome,Brasil,ANAC_privados
SD64,SD64,Fazenda União,JABORANDI,BA,-13.988889,-45.965,BR,private_aerodrome,Brasil,ANAC_privados
SD65,SD65,Fazenda Santa Cecília,CUMARU DO NORTE,PA,-8.5913889,-51.38,BR,private_aerodrome,Brasil,ANAC_privados
SD66,SD66,Cravari,BRASNORTE,MT,-12.505556,-57.876389,BR,private_aerodrome,Brasil,ANAC_privados
SD67,SD67,Fazenda Rodoserv IV,CARACOL,MS,-21.826389,-57.127222,BR,private_aerodrome,Brasil,ANAC_privados
SD68,SD68,Fazenda Mesa Vermelha,GUIRATINGA,MT,-16.29,-53.451944,BR,private_aerodrome,Brasil,ANAC_privados
SD69,SD69,Maria Clara,PONTA DE PEDRAS,PA,-1.3763889,-48.813889,BR,private_aerodrome,Brasil,ANAC_privados
SD6A,SD6A,Todeschini,ENCRUZILHADA DO SUL,RS,-30.5475,-52.8975,BR,private_aerodrome,Brasil,ANAC_privados
SD6B,SD6B,Fazenda Chapadão,PEIXOTO DE AZEVEDO,MT,-9.9336111,-53.767222,BR,private_aerodrome,Brasil,ANAC_privados
SD6C,SD6C,Agropecuária Thomazi,COMODORO,MT,-13.670833,-60.348611,BR,private_aerodrome,Brasil,ANAC_privados
SD6D,SD6D,Granitos.COM,NOVA ARAÇÁ,Rio Grande do Sul,-28.662778,-51.740556,BR,heliport,Brasil,ANAC_helipontos
SD6F,SD6F,Hospital Estadual de São José dos Campos,SÃO JOSÉ DOS CAMPOS,São Paulo,-23.238611,-45.908056,BR,heliport,Brasil,ANAC_helipontos
SD6G,SD6G,Fazenda Esplanada,PEIXE,TO,-12.213333,-48.555833,BR,private_aerodrome,Brasil,ANAC_privados
SD6H,SD6H,Fazenda Hill Valley,SÃO SEBASTIÃO DO CAÍ,RS,-29.563333,-51.375278,BR,private_aerodrome,Brasil,ANAC_privados
SD6I,SD6I,Ninho do Pássaro II,LUIZ ALVES,Santa Catarina,-26.713611,-48.913333,BR,heliport,Brasil,ANAC_helipontos
SD6J,SD6J,Fazenda Fortaleza,JUARA,MT,-11.175,-57.244722,BR,private_aerodrome,Brasil,ANAC_privados
SD6K,SD6K,Fazenda Guará,VILA BELA DA SANTÍSSIMA TRINDADE,MT,-15.050278,-60.018333,BR,private_aerodrome,Brasil,ANAC_privados
SD6L,SD6L,Fazenda Paraíso,RIBAS DO RIO PARDO,MS,-20.820278,-53.431111,BR,private_aerodrome,Brasil,ANAC_privados
SD6M,SD6M,Parque da Cidade Torre B1,SÃO PAULO,São Paulo,-23.625,-46.705,BR,heliport,Brasil,ANAC_helipontos
SD6N,SD6N,Fazenda Chapadão,MATUPÁ,MT,-9.7447222,-54.015,BR,private_aerodrome,Brasil,ANAC_privados
SD6O,SD6O,Pontal das Graças,RIBEIRÃO CLARO,Paraná,-23.294444,-49.7375,BR,heliport,Brasil,ANAC_helipontos
SD6P,SD6P,de Belmonte,BELMONTE,BA,-15.872222,-38.872222,BR,private_aerodrome,Brasil,ANAC_privados
SD6Q,SD6Q,Parque da Cidade Torre B2,SÃO PAULO,São Paulo,-23.625,-46.704167,BR,heliport,Brasil,ANAC_helipontos
SD6R,SD6R,Parque da Cidade Torre B3,SÃO PAULO,São Paulo,-23.625,-46.703889,BR,heliport,Brasil,ANAC_helipontos
SD6S,SD6S,Fazenda Torre III,ALTO GARÇAS,MT,-16.856667,-53.601944,BR,private_aerodrome,Brasil,ANAC_privados
SD6T,SD6T,FAZENDA SANTA MARIA,CAMPO GRANDE,MS,-20.869444,-54.429444,BR,private_aerodrome,Brasil,ANAC_privados
SD6U,SD6U,Fazenda Brasnorte,BRASNORTE,MT,-12.69,-58.191111,BR,private_aerodrome,Brasil,ANAC_privados
SD6V,SD6V,Fazenda Maringá III,VILA BELA DA SANTÍSSIMA TRINDADE,MT,-14.447222,-60.125,BR,private_aerodrome,Brasil,ANAC_privados
SD6W,SD6W,Helisai,SANTO AMARO DA IMPERATRIZ,Santa Catarina,-27.680556,-48.766111,BR,heliport,Brasil,ANAC_helipontos
SD6X,SD6X,Malboro,BOA VISTA,RR,2.70138889,-60.849167,BR,private_aerodrome,Brasil,ANAC_privados
SD6Y,SD6Y,Fazenda Bom Retiro,BOCA DO ACRE,AM,-9.3580556,-67.789722,BR,private_aerodrome,Brasil,ANAC_privados
SD6Z,SD6Z,VCM,GUARARAPES,SP,-21.220556,-50.6075,BR,private_aerodrome,Brasil,ANAC_privados
SD70,SD70,FAZENDA VITÓRIA,RIO NEGRO,MS,-19.615833,-54.976111,BR,private_aerodrome,Brasil,ANAC_privados
SD71,SD71,Shopping Mueller,JOINVILLE,Santa Catarina,-26.303056,-48.848889,BR,heliport,Brasil,ANAC_helipontos
SD72,SD72,Fazenda São João do Monge,ÁGUA FRIA DE GOIÁS,GO,-14.883889,-47.641389,BR,private_aerodrome,Brasil,ANAC_privados
SD73,SD73,Fazenda Novo México,JABORANDI,BA,-14.091944,-45.731111,BR,private_aerodrome,Brasil,ANAC_privados
SD74,SD74,Fazenda Paraíso do Formoso,BONITO,MS,-21.141667,-56.383889,BR,private_aerodrome,Brasil,ANAC_privados
SD75,SD75,JMG Agropecuária,ABAETÉ,MG,-19.023056,-45.411667,BR,private_aerodrome,Brasil,ANAC_privados
SD76,SD76,Soldado PM Pedro José Rodrigues,BALNEÁRIO CAMBORIÚ,Santa Catarina,-26.978611,-48.65,BR,heliport,Brasil,ANAC_helipontos
SD77,SD77,Fazenda Alternativa,ALMAS,TO,-11.23,-47.165833,BR,private_aerodrome,Brasil,ANAC_privados
SD78,SD78,Cmte. Dr. Ricardo Stoppe Júnior,LÁBREA,AM,-8.9275,-66.131944,BR,private_aerodrome,Brasil,ANAC_privados
SD79,SD79,Fazenda Santa Maria,BELA VISTA,MS,-22.191389,-56.9425,BR,private_aerodrome,Brasil,ANAC_privados
SD7A,SD7A,Fazenda Campo Hélio,AQUIDAUANA,MS,-19.096667,-55.570556,BR,private_aerodrome,Brasil,ANAC_privados
SD7B,SD7B,Fazenda Bahia,ALENQUER,PA,-0.75555556,-55.053889,BR,private_aerodrome,Brasil,ANAC_privados
SD7C,SD7C,Serrinha,PALMEIRA,PR,-25.459167,-50.035,BR,private_aerodrome,Brasil,ANAC_privados
SD7D,SD7D,Fazenda Baia das Conchas,PORTO MURTINHO,MS,-21.193889,-57.639167,BR,private_aerodrome,Brasil,ANAC_privados
SD7E,SD7E,Fazenda Canaã,TERESINA,PI,-4.9591667,-42.792778,BR,private_aerodrome,Brasil,ANAC_privados
SD7F,SD7F,Fazenda Filipinas,EPITACIOLÂNDIA,AC,-10.783056,-68.569444,BR,private_aerodrome,Brasil,ANAC_privados
SD7G,SD7G,Fazenda Leyton,NOVA MUTUM,MT,-13.963333,-55.651111,BR,private_aerodrome,Brasil,ANAC_privados
SD7H,SD7H,Xapurí,XAPURI,AC,-10.663333,-68.486111,BR,private_aerodrome,Brasil,ANAC_privados
SD7I,SD7I,CANTO GRANDE,BOMBINHAS,Santa Catarina,-27.186944,-48.506944,BR,heliport,Brasil,ANAC_helipontos
SD7J,SD7J,Estância Rio Branco,BARRA DO BUGRES,MT,-15.079722,-57.241389,BR,private_aerodrome,Brasil,ANAC_privados
SD7K,SD7K,Barracuda,ITACARÉ,Bahia,-14.28,-38.984722,BR,heliport,Brasil,ANAC_helipontos
SD7L,SD7L,Fazenda Tozzo I,CAMPO NOVO DO PARECIS,MT,-13.393611,-58.000833,BR,private_aerodrome,Brasil,ANAC_privados
SD7M,SD7M,Moinho,MONTE ALEGRE DE MINAS,MG,-18.903056,-48.783333,BR,private_aerodrome,Brasil,ANAC_privados
SD7N,SD7N,Fazenda Lago Azul,ITAPORÃ,MS,-21.953333,-54.814444,BR,private_aerodrome,Brasil,ANAC_privados
SD7O,SD7O,Giongo Participações - Fazenda Camila,GAÚCHA DO NORTE,MT,-13.735,-53.621667,BR,private_aerodrome,Brasil,ANAC_privados
SD7P,SD7P,Fazenda Terra Madre,BARRA DO OURO,TO,-7.9505556,-47.524444,BR,private_aerodrome,Brasil,ANAC_privados
SD7Q,SD7Q,Fazenda Norton,TASSO FRAGOSO,MA,-8.4236111,-45.923611,BR,private_aerodrome,Brasil,ANAC_privados
SD7R,SD7R,Ilha da Paixão,CANDEIAS,Bahia,-12.743333,-38.513333,BR,heliport,Brasil,ANAC_helipontos
SD7S,SD7S,FAZENDA GUATAMBU,NOVO MUNDO,MT,-9.7363889,-55.446667,BR,private_aerodrome,Brasil,ANAC_privados
SD7T,SD7T,BASE DE OPERAÇÕES AÉREAS DA PRF,PORTO ALEGRE,Rio Grande do Sul,-29.9725,-51.176111,BR,heliport,Brasil,ANAC_helipontos
SD7U,SD7U,Fazenda Rio Preto,SALTO DO CÉU,MT,-15.0525,-57.968611,BR,private_aerodrome,Brasil,ANAC_privados
SD7V,SD7V,Helicentro CGRANZA,CAMBORIÚ,Santa Catarina,-26.993611,-48.663889,BR,heliport,Brasil,ANAC_helipontos
SD7W,SD7W,Avelino Remor,RIO MARIA,PA,-7.3013889,-50.049722,BR,private_aerodrome,Brasil,ANAC_privados
SD7X,SD7X,Fly Aviação Agrícola,IPIRANGA DO NORTE,MT,-12.139167,-56.1225,BR,private_aerodrome,Brasil,ANAC_privados
SD7Y,SD7Y,Villa Pinheiro,PIEDADE,São Paulo,-23.64,-47.370278,BR,heliport,Brasil,ANAC_helipontos
SD7Z,SD7Z,Fazenda Tartus,PORTO FRANCO,MA,-6.2527778,-47.149167,BR,private_aerodrome,Brasil,ANAC_privados
SD80,SD80,Fazenda Santo Antônio,GOIANÉSIA DO PARÁ,PA,-3.9002778,-48.879444,BR,private_aerodrome,Brasil,ANAC_privados
SD81,SD81,Fazenda Marplen,RIO CRESPO,RO,-9.6205556,-63.042222,BR,private_aerodrome,Brasil,ANAC_privados
SD82,SD82,Condomínio Víllage da Serra,GUARAMIRANGA,Ceará,-4.2608333,-38.940556,BR,heliport,Brasil,ANAC_helipontos
SD83,SD83,HELIPONTO HARAS REI DAVI,ITATIAIUÇU,Minas Gerais,-20.165556,-44.3675,BR,heliport,Brasil,ANAC_helipontos
SD84,SD84,AEROLUCK,SINOP,MT,-11.844167,-55.451944,BR,private_aerodrome,Brasil,ANAC_privados
SD86,SD86,Alex Testoni,OURO PRETO DO OESTE,RO,-10.699722,-62.276944,BR,private_aerodrome,Brasil,ANAC_privados
SD87,SD87,Fazenda Salto,NIOAQUE,MS,-21.359444,-55.768056,BR,private_aerodrome,Brasil,ANAC_privados
SD88,SD88,Fazenda Santa Maria,PORTO ESPERIDIÃO,MT,-16.088611,-58.7325,BR,private_aerodrome,Brasil,ANAC_privados
SD89,SD89,NATHOR,BLUMENAU,Santa Catarina,-26.765833,-49.0775,BR,heliport,Brasil,ANAC_helipontos
SD8A,SD8A,Agropecuária Antunes,LAGUNA CARAPÃ,MS,-22.743611,-55.233056,BR,private_aerodrome,Brasil,ANAC_privados
SD8B,SD8B,Fazenda São Domingos,CORUMBÁ,MS,-17.635,-56.355833,BR,private_aerodrome,Brasil,ANAC_privados
SD8C,SD8C,Governador José B. Lindoso,IPIXUNA,AM,-7.0344444,-71.686944,BR,private_aerodrome,Brasil,ANAC_privados
SD8D,SD8D,HDG,GOIÂNIA,Goiás,-16.734167,-49.155278,BR,heliport,Brasil,ANAC_helipontos
SD8E,SD8E,Fazenda Três Corações,BANNACH,PA,-7.4258333,-50.782222,BR,private_aerodrome,Brasil,ANAC_privados
SD8F,SD8F,Fazenda Santa Joana,SANTO ANTÔNIO DO LEVERGER,MT,-17.234444,-55.226667,BR,private_aerodrome,Brasil,ANAC_privados
SD8G,SD8G,Fazenda Tambaú,ALENQUER,PA,-1.6147222,-54.5475,BR,private_aerodrome,Brasil,ANAC_privados
SD8H,SD8H,MONTE DAS OLIVEIRAS (CMTE. SÉRGIO),CURURUPU,MA,-1.8616667,-44.871111,BR,private_aerodrome,Brasil,ANAC_privados
SD8I,SD8I,Carnaubinha Praia Resort,LUÍS CORREIA,Piauí,-2.9088889,-41.496667,BR,heliport,Brasil,ANAC_helipontos
SD8J,SD8J,Guarujá Golf Club,GUARUJÁ,São Paulo,-23.970833,-46.194444,BR,heliport,Brasil,ANAC_helipontos
SD8K,SD8K,Planalto da Conquista,PLANALTO,BA,-14.690278,-40.456667,BR,private_aerodrome,Brasil,ANAC_privados
SD8M,SD8M,Fazenda Alegria - H,VITORINO FREIRE,Maranhão,-4.3344444,-45.359167,BR,heliport,Brasil,ANAC_helipontos
SD8N,SD8N,Fazenda Nova Era Agropecuária,VILA BELA DA SANTÍSSIMA TRINDADE,MT,-15.360833,-60.107222,BR,private_aerodrome,Brasil,ANAC_privados
SD8O,SD8O,Berço das Gerais,MATIAS CARDOSO,MG,-14.770833,-43.608889,BR,private_aerodrome,Brasil,ANAC_privados
SD8P,SD8P,GAPS 1,CASEARA,TO,-9.4133333,-49.850278,BR,private_aerodrome,Brasil,ANAC_privados
SD8Q,SD8Q,Tangará Aeroagrícola,ORLÂNDIA,SP,-20.685,-47.913889,BR,private_aerodrome,Brasil,ANAC_privados
SD8R,SD8R,São José da Boa Vista I,BRASNORTE,MT,-12.365556,-58.334722,BR,private_aerodrome,Brasil,ANAC_privados
SD8S,SD8S,Fazenda Alegria - P,VITORINO FREIRE,MA,-4.3194444,-45.367778,BR,private_aerodrome,Brasil,ANAC_privados
SD8T,SD8T,Fazenda Araras,ITAÍ,SP,-23.309444,-49.0725,BR,private_aerodrome,Brasil,ANAC_privados
SD8U,SD8U,UTIDA,CAMPO NOVO DO PARECIS,MT,-13.337778,-58.005833,BR,private_aerodrome,Brasil,ANAC_privados
SD8V,SD8V,FAZENDA CAMPOS BELOS,ARAGUATINS,TO,-5.5763889,-48.060278,BR,private_aerodrome,Brasil,ANAC_privados
SD8W,SD8W,Fazenda Palmeiras do Guaporé,VILA BELA DA SANTÍSSIMA TRINDADE,MT,-15.235,-60.246389,BR,private_aerodrome,Brasil,ANAC_privados
SD8X,SD8X,Canal SS,ITARUMÃ,GO,-19.069444,-50.994722,BR,private_aerodrome,Brasil,ANAC_privados
SD8Y,SD8Y,FAZENDA SÃO PEDRO,AÇAILÂNDIA,MA,-4.8875,-47.220556,BR,private_aerodrome,Brasil,ANAC_privados
SD8Z,SD8Z,Fazenda Tocantins,NOVA UBIRATÃ,MT,-12.75,-54.440833,BR,private_aerodrome,Brasil,ANAC_privados
SD90,SD90,Fazenda Piratini,JABORANDI,BA,-13.886944,-45.758889,BR,private_aerodrome,Brasil,ANAC_privados
SD92,SD92,FAZENDA VALE DO KAFROUN,GRAJAÚ,MA,-6.225,-46.231111,BR,private_aerodrome,Brasil,ANAC_privados
SD93,SD93,Fazenda São Vicente,PONTA PORÃ,MS,-21.896111,-55.477778,BR,private_aerodrome,Brasil,ANAC_privados
SD94,SD94,Mina de Buritirama,MARABÁ,PA,-5.5205556,-50.214444,BR,private_aerodrome,Brasil,ANAC_privados
SD95,SD95,Fazenda Sete De Setembro,ÁGUA BOA,MT,-14.056667,-52.577222,BR,private_aerodrome,Brasil,ANAC_privados
SD96,SD96,Fazenda Santa Helena,PORTO MURTINHO,MS,-21.057222,-57.513889,BR,private_aerodrome,Brasil,ANAC_privados
SD97,SD97,Fazenda Juerana,ILHÉUS,BA,-14.656389,-39.077222,BR,private_aerodrome,Brasil,ANAC_privados
SD98,SD98,NSA-PA,CUMARU DO NORTE,PA,-8.4586111,-50.990833,BR,private_aerodrome,Brasil,ANAC_privados
SD99,SD99,Fazenda Campo Real,CAMPO NOVO DO PARECIS,MT,-13.442222,-57.785556,BR,private_aerodrome,Brasil,ANAC_privados
SD9A,SD9A,CAPUTI,VILHENA,RO,-12.718889,-60.2025,BR,private_aerodrome,Brasil,ANAC_privados
SD9B,SD9B,Fazenda Planada,ITAITUBA,PA,-7.565,-56.711667,BR,private_aerodrome,Brasil,ANAC_privados
SD9C,SD9C,Benjamin de Moura Leal,SÃO JOÃO DO PIAUÍ,PI,-8.3911111,-42.247222,BR,private_aerodrome,Brasil,ANAC_privados
SD9D,SD9D,Pista Girassol,ITAITUBA,PA,-5.3577778,-57.140278,BR,private_aerodrome,Brasil,ANAC_privados
SD9E,SD9E,FAZENDA CURUÁ,ALENQUER,PA,-1.3947222,-55.126111,BR,private_aerodrome,Brasil,ANAC_privados
SD9F,SD9F,FAZENDA SANTA TEREZA,SENA MADUREIRA,AC,-9.2244444,-68.840278,BR,private_aerodrome,Brasil,ANAC_privados
SD9G,SD9G,FAZENDA MARIA DA PENHA GALLETTI GAVA,TERRA SANTA,PA,-2.0658333,-56.4975,BR,private_aerodrome,Brasil,ANAC_privados
SD9H,SD9H,Heliponto Fazenda Floresta,IGARAPÉ GRANDE,Maranhão,-4.6763889,-44.8625,BR,heliport,Brasil,ANAC_helipontos
SD9I,SD9I,RANCHO OLIVEIRA,NOVO PROGRESSO,PA,-7.0477778,-55.364722,BR,private_aerodrome,Brasil,ANAC_privados
SD9J,SD9J,FRIGORÍFICO NUTRIBRAS,SORRISO,Mato Grosso,-12.4825,-55.708889,BR,heliport,Brasil,ANAC_helipontos
SD9K,SD9K,HELIPONTO VILLA DO LAGO,CARMO DO CAJURU,Minas Gerais,-20.313889,-44.708611,BR,heliport,Brasil,ANAC_helipontos
SD9L,SD9L,Aeroparque Paulo CDE,REDENÇÃO,PA,-8.0872222,-49.933889,BR,private_aerodrome,Brasil,ANAC_privados
SD9M,SD9M,Sítio Mequéns,ALTA FLORESTA D'OESTE,RO,-13.095556,-62.387778,BR,private_aerodrome,Brasil,ANAC_privados
SD9N,SD9N,HELIPONTO BAHIA BLUE,PORTO SEGURO,Bahia,-16.499167,-39.071667,BR,heliport,Brasil,ANAC_helipontos
SD9O,SD9O,Fazenda Água Azul,ITAITUBA,PA,-5.9419444,-56.552778,BR,private_aerodrome,Brasil,ANAC_privados
SD9P,SD9P,Zo' é,ÓBIDOS,PA,-0.32694444,-55.8375,BR,private_aerodrome,Brasil,ANAC_privados
SD9Q,SD9Q,ARENA FLY,UBERLÂNDIA,MG,-19.019722,-48.334167,BR,private_aerodrome,Brasil,ANAC_privados
SD9R,SD9R,FAZENDA VITÓRIA,BARREIRAS,BA,-12.110833,-45.369444,BR,private_aerodrome,Brasil,ANAC_privados
SD9S,SD9S,Fazenda Madre Regina,BARREIRAS,BA,-11.841389,-45.793333,BR,private_aerodrome,Brasil,ANAC_privados
SD9T,SD9T,Dias Branco,FORTIM,Ceará,-4.4311111,-37.780278,BR,heliport,Brasil,ANAC_helipontos
SD9U,SD9U,Copobras,SÃO LUDGERO,Santa Catarina,-28.321111,-49.184167,BR,heliport,Brasil,ANAC_helipontos
SD9V,SD9V,Fazenda Touro Morto,CORUMBÁ,MS,-19.915,-57.612222,BR,private_aerodrome,Brasil,ANAC_privados
SD9W,SD9W,Ernesto,PONTES E LACERDA,Mato Grosso,-15.334444,-59.256389,BR,heliport,Brasil,ANAC_helipontos
SD9X,SD9X,Fazenda Aparecida,BEBEDOURO,São Paulo,-21.039722,-48.5175,BR,heliport,Brasil,ANAC_helipontos
SD9Y,SD9Y,NOMA,SÃO FRANCISCO DO GUAPORÉ,RO,-12.096111,-63.509722,BR,private_aerodrome,Brasil,ANAC_privados
SD9Z,SD9Z,Fazenda Independência,VILHENA,RO,-12.578333,-60.135556,BR,private_aerodrome,Brasil,ANAC_privados
SDA1,SDA1,SÃO SEBASTIÃO,PORTO DE MOZ,PA,-2.1427778,-52.798056,BR,private_aerodrome,Brasil,ANAC_privados
SDA2,SDA2,Attack,LAGOA SANTA,Minas Gerais,-19.597222,-43.881389,BR,heliport,Brasil,ANAC_helipontos
SDA3,SDA3,Fazenda Serra Dourada,NOVA LACERDA,MT,-14.340278,-59.648333,BR,private_aerodrome,Brasil,ANAC_privados
SDA4,SDA4,Fazenda Maristela,TREMEMBÉ,SP,-22.954722,-45.603889,BR,private_aerodrome,Brasil,ANAC_privados
SDA5,SDA5,Alto Serenata,TIMÓTEO,Minas Gerais,-19.543056,-42.640278,BR,heliport,Brasil,ANAC_helipontos
SDA6,SDA6,Do Porto,PORTO UNIÃO,SC,-26.267222,-51.028889,BR,private_aerodrome,Brasil,ANAC_privados
SDA7,SDA7,FAZENDA NOSSA SENHORA APARECIDA,LAMBARI D'OESTE,MT,-15.178333,-57.706944,BR,private_aerodrome,Brasil,ANAC_privados
SDA8,SDA8,Fazenda Passagem Funda,CORRENTINA,BA,-13.959722,-46.103611,BR,private_aerodrome,Brasil,ANAC_privados
SDA9,SDA9,Aeródromo Privado Tijucas do Sul,TIJUCAS DO SUL,PR,-25.873611,-49.175278,BR,private_aerodrome,Brasil,ANAC_privados
SDAB,SDAB,Lazzuli,OLINDA,Pernambuco,-8.0338889,-34.871111,BR,heliport,Brasil,ANAC_helipontos
SDAC,SDAC,Aché,GUARULHOS,São Paulo,-23.474722,-46.522222,BR,heliport,Brasil,ANAC_helipontos
SDAF,SDAF,Fazenda Palmeiras,ANALÂNDIA,SP,-22.156667,-47.719167,BR,private_aerodrome,Brasil,ANAC_privados
SDAJ,SDAJ,Fazenda Recanto,JATEÍ,MS,-22.595556,-54.094722,BR,private_aerodrome,Brasil,ANAC_privados
SDAK,SDAK,Solar das Paineiras,MOGI GUAÇU,São Paulo,-22.296389,-46.855556,BR,heliport,Brasil,ANAC_helipontos
SDAL,SDAL,Condomínio Guaporé II,RIBEIRÃO PRETO,São Paulo,-21.226667,-47.782222,BR,heliport,Brasil,ANAC_helipontos
SDAN,SDAN,Fazenda Santo Ângelo,BROTAS,SP,-22.245556,-48.257778,BR,private_aerodrome,Brasil,ANAC_privados
SDAP,SDAP,Hospital Paulistano,SÃO PAULO,São Paulo,-23.565,-46.642222,BR,heliport,Brasil,ANAC_helipontos
SDAQ,SDAQ,Fazenda da Vida,CABACEIRAS DO PARAGUAÇU,Bahia,-12.512222,-39.1,BR,heliport,Brasil,ANAC_helipontos
SDAR,SDAR,Fazenda Agrovera,PORTO DOS GAÚCHOS,MT,-11.895556,-56.274167,BR,private_aerodrome,Brasil,ANAC_privados
SDAS,SDAS,Fazenda Santo Antônio,MIRANDÓPOLIS,SP,-21.275278,-51.283333,BR,private_aerodrome,Brasil,ANAC_privados
SDAT,SDAT,Hospital e Maternidade Vitória,SÃO PAULO,São Paulo,-23.563056,-46.561667,BR,heliport,Brasil,ANAC_helipontos
SDAV,SDAV,Quick Alameda das Águas,NOVA LIMA,Minas Gerais,-20.1725,-43.920278,BR,heliport,Brasil,ANAC_helipontos
SDAW,SDAW,Banco Industrial,SÃO PAULO,São Paulo,-23.591944,-46.685556,BR,heliport,Brasil,ANAC_helipontos
SDAY,SDAY,Fazenda Santa Lúcia,SANTA MARIA DAS BARREIRAS,PA,-8.9219444,-50.348333,BR,private_aerodrome,Brasil,ANAC_privados
SDAZ,SDAZ,Rio Alpha,RIO DE JANEIRO,Rio de Janeiro,-22.909167,-43.181389,BR,heliport,Brasil,ANAC_helipontos
SDB1,SDB1,Fazenda Campo Belo,CAMPINA VERDE,MG,-19.494722,-49.441111,BR,private_aerodrome,Brasil,ANAC_privados
SDB2,SDB2,Fazenda Guarabu,ARAGUAÍNA,TO,-7.3552778,-48.806944,BR,private_aerodrome,Brasil,ANAC_privados
SDB3,SDB3,AFG I,VALE DE SÃO DOMINGOS,MT,-14.601111,-58.902778,BR,private_aerodrome,Brasil,ANAC_privados
SDB4,SDB4,Fazenda Morumbi,BOM JESUS DO ARAGUAIA,MT,-11.889444,-51.909444,BR,private_aerodrome,Brasil,ANAC_privados
SDB5,SDB5,Fazenda Santa Alcides,RIO VERDE,GO,-18.098611,-50.794167,BR,private_aerodrome,Brasil,ANAC_privados
SDB6,SDB6,DAL AMARGOSA,AMARGOSA,Bahia,-13.041667,-39.595833,BR,heliport,Brasil,ANAC_helipontos
SDB7,SDB7,Fazenda Lagoa do Guaporé II,PONTES E LACERDA,MT,-15.323333,-59.22,BR,private_aerodrome,Brasil,ANAC_privados
SDB8,SDB8,Fazenda Serra Vermelha,LORETO,MA,-6.8744444,-45.306667,BR,private_aerodrome,Brasil,ANAC_privados
SDB9,SDB9,Fazenda São Marcelo,JURUENA,MT,-10.199444,-58.490278,BR,private_aerodrome,Brasil,ANAC_privados
SDBC,SDBC,Bradesco Alphaville,BARUERI,São Paulo,-23.4875,-46.8575,BR,heliport,Brasil,ANAC_helipontos
SDBE,SDBE,Biopalma,MOJU,PA,-2.2077778,-48.813889,BR,private_aerodrome,Brasil,ANAC_privados
SDBF,SDBF,Porto Seguro,SÃO PAULO,São Paulo,-23.530278,-46.645278,BR,heliport,Brasil,ANAC_helipontos
SDBG,SDBG,Barra Green,RIO DE JANEIRO,Rio de Janeiro,-23.006389,-43.347222,BR,heliport,Brasil,ANAC_helipontos
SDBH,SDBH,Bandeirantes,SÃO PAULO,São Paulo,-23.595,-46.710556,BR,heliport,Brasil,ANAC_helipontos
SDBI,SDBI,Fazenda Piray,SETE QUEDAS,MS,-23.885278,-55.055833,BR,private_aerodrome,Brasil,ANAC_privados
SDBJ,SDBJ,Boa Vista,PATROCÍNIO,MG,-18.757222,-46.97,BR,private_aerodrome,Brasil,ANAC_privados
SDBM,SDBM,Beneficência Portuguesa,SÃO PAULO,São Paulo,-23.567778,-46.641389,BR,heliport,Brasil,ANAC_helipontos
SDBN,SDBN,Associação Recreativa Fazenda Bonanza,SALTO DE PIRAPORA,SP,-23.687222,-47.5575,BR,private_aerodrome,Brasil,ANAC_privados
SDBO,SDBO,Morada Nova,INHAÚMA,Minas Gerais,-19.466389,-44.373056,BR,heliport,Brasil,ANAC_helipontos
SDBP,SDBP,Fazenda Israel 2,SANTA FÉ DE GOIÁS,GO,-15.736111,-51.115833,BR,private_aerodrome,Brasil,ANAC_privados
SDBQ,SDBQ,Hospital São Mateus,FORTALEZA,Ceará,-3.7416667,-38.48,BR,heliport,Brasil,ANAC_helipontos
SDBR,SDBR,REC Berrini,SÃO PAULO,São Paulo,-23.608333,-46.694444,BR,heliport,Brasil,ANAC_helipontos
SDBT,SDBT,Haras São Pedro do Alto,PORTO FELIZ,São Paulo,-23.272778,-47.556111,BR,heliport,Brasil,ANAC_helipontos
SDBU,SDBU,Décio Ituiutaba,ITUIUTABA,Minas Gerais,-18.964444,-49.502222,BR,heliport,Brasil,ANAC_helipontos
SDBV,SDBV,Balneário São Januário,ILHA COMPRIDA,SP,-24.870833,-47.758333,BR,private_aerodrome,Brasil,ANAC_privados
SDBX,SDBX,Eloy Biesuz,ITAPEJARA D'OESTE,PR,-25.998333,-52.926389,BR,private_aerodrome,Brasil,ANAC_privados
SDBZ,SDBZ,Fazenda Brauna,ARRAIAS,TO,-12.549444,-46.886667,BR,private_aerodrome,Brasil,ANAC_privados
SDC0,SDC0,SANTA MARIA DAS BARREIRAS,SANTA MARIA DAS BARREIRAS,PA,-8.8502778,-49.725833,BR,private_aerodrome,Brasil,ANAC_privados
SDC1,SDC1,Comandante Wilson do Egito Coelho,BURITI DOS MONTES,Piauí,-5.0205556,-41.236944,BR,heliport,Brasil,ANAC_helipontos
SDC2,SDC2,FAZENDA ONÇA PRETA,LÁBREA,AM,-9.0258333,-65.927778,BR,private_aerodrome,Brasil,ANAC_privados
SDC3,SDC3,ALGODOEIRA SANTA LUZIA,SAPEZAL,MT,-13.699167,-58.863611,BR,private_aerodrome,Brasil,ANAC_privados
SDC4,SDC4,Condomínio Aeronáutico Hangar Fly Residence,PETROLINA,PE,-9.325,-40.472778,BR,private_aerodrome,Brasil,ANAC_privados
SDC5,SDC5,Karl Hermann Isenberg,ARAL MOREIRA,MS,-22.911667,-55.5375,BR,private_aerodrome,Brasil,ANAC_privados
SDC6,SDC6,FAZENDA BOM DESTINO,ARAL MOREIRA,MS,-22.974444,-55.316389,BR,private_aerodrome,Brasil,ANAC_privados
SDC8,SDC8,JAPURÁ,JAPURÁ,AM,-1.8961111,-67.019444,BR,private_aerodrome,Brasil,ANAC_privados
SDC9,SDC9,Aeródromo Tocantinópolis,TOCANTINÓPOLIS,TO,-6.3336111,-47.472222,BR,private_aerodrome,Brasil,ANAC_privados
SDCB,SDCB,Centro Brasileiro de Aviação Agrícola Experimental e Recreativo (CBAAER),BRASÍLIA,DF,-15.773333,-47.702778,BR,private_aerodrome,Brasil,ANAC_privados
SDCD,SDCD,Catanduva,CATANDUVA,SP,-21.148611,-48.988056,BR,private_aerodrome,Brasil,ANAC_privados
SDCF,SDCF,Fazenda Porto Ciriaco,AQUIDAUANA,MS,-19.696667,-56.283889,BR,private_aerodrome,Brasil,ANAC_privados
SDCH,SDCH,Fazenda Rosa dos Ventos,ITUMBIARA,GO,-18.301667,-49.846389,BR,private_aerodrome,Brasil,ANAC_privados
SDCI,SDCI,Quick Fazenda Cachoeira,ESMERALDAS,Minas Gerais,-19.819167,-44.344167,BR,heliport,Brasil,ANAC_helipontos
SDCJ,SDCJ,Fazenda São Domingos,ALTO ARAGUAIA,MT,-17.686944,-53.591111,BR,private_aerodrome,Brasil,ANAC_privados
SDCK,SDCK,Fazenda Gleba da Barra,BRASILÂNDIA DE MINAS,MG,-17.013333,-46.071944,BR,private_aerodrome,Brasil,ANAC_privados
SDCL,SDCL,Fazenda Campo Alegre,CERQUEIRA CÉSAR,SP,-23.154167,-49.208889,BR,private_aerodrome,Brasil,ANAC_privados
SDCM,SDCM,Sete Povos,SÃO DESIDÉRIO,BA,-12.863333,-46.1625,BR,private_aerodrome,Brasil,ANAC_privados
SDCS,SDCS,Veracel,EUNÁPOLIS,Bahia,-16.091944,-39.412778,BR,heliport,Brasil,ANAC_helipontos
SDCT,SDCT,Pequena Tiradentes,TIRADENTES,Minas Gerais,-21.128056,-44.169722,BR,heliport,Brasil,ANAC_helipontos
SDCU,SDCU,Brigadeiro Francisco Pinto de Moura,CASIMIRO DE ABREU,RJ,-22.557222,-42.115278,BR,private_aerodrome,Brasil,ANAC_privados
SDCV,SDCV,Citibank,SÃO PAULO,São Paulo,-23.565,-46.653611,BR,heliport,Brasil,ANAC_helipontos
SDCW,SDCW,Fazenda Paloma,COLÔMBIA,SP,-20.321389,-48.833611,BR,private_aerodrome,Brasil,ANAC_privados
SDCX,SDCX,Celeiro 2,MONTE ALEGRE DO PIAUÍ,PI,-9.3986111,-45.135278,BR,private_aerodrome,Brasil,ANAC_privados
SDCY,SDCY,São Paulo Corporate Towers,SÃO PAULO,São Paulo,-23.591667,-46.687778,BR,heliport,Brasil,ANAC_helipontos
SDCZ,SDCZ,Fazenda Bom Jardim,MANGARATIBA,RJ,-22.934722,-44.091667,BR,private_aerodrome,Brasil,ANAC_privados
SDD1,SDD1,Marquespan,TATUÍ,São Paulo,-23.331389,-47.850833,BR,heliport,Brasil,ANAC_helipontos
SDD2,SDD2,Dolce Vita Praia Morro de São Paulo BA,CAIRU,Bahia,-13.412222,-38.914167,BR,heliport,Brasil,ANAC_helipontos
SDD3,SDD3,Fazenda Tangará,RIBEIRÃO CASCALHEIRA,MT,-12.635,-51.275833,BR,private_aerodrome,Brasil,ANAC_privados
SDD4,SDD4,Fazenda Pérola,SÃO DESIDÉRIO,BA,-12.449722,-45.457778,BR,private_aerodrome,Brasil,ANAC_privados
SDD5,SDD5,Fazenda Retiro 27,CORUMBÁ,MS,-19.374167,-56.596944,BR,private_aerodrome,Brasil,ANAC_privados
SDD6,SDD6,FAZENDA NOVA ALIANÇA UDO KUDIESS E FILHOS,URUÇUÍ,PI,-7.5233333,-44.5,BR,private_aerodrome,Brasil,ANAC_privados
SDD7,SDD7,São Leopoldo do Tapajós,ITAITUBA,PA,-4.9722222,-56.920833,BR,private_aerodrome,Brasil,ANAC_privados
SDD8,SDD8,Marfrig Bataguassu MS,BATAGUASSU,MS,-21.743611,-52.481389,BR,private_aerodrome,Brasil,ANAC_privados
SDD9,SDD9,Pista São Bento,ITAITUBA,PA,-5.2588889,-57.472222,BR,private_aerodrome,Brasil,ANAC_privados
SDDA,SDDA,Fazenda Santa Alaydes,CORUMBÁ,MS,-18.459722,-55.533333,BR,private_aerodrome,Brasil,ANAC_privados
SDDB,SDDB,Ninho do Bacurau,BOM JESUS DA LAPA,BA,-13.248889,-43.496667,BR,private_aerodrome,Brasil,ANAC_privados
SDDC,SDDC,Fazenda São João do Guaporé,PONTES E LACERDA,MT,-15.970833,-59.891111,BR,private_aerodrome,Brasil,ANAC_privados
SDDE,SDDE,Fazenda Dois Irmãos,MANICORÉ,AM,-8.0097222,-61.776111,BR,private_aerodrome,Brasil,ANAC_privados
SDDG,SDDG,Hospital Samaritano,SÃO PAULO,São Paulo,-23.538611,-46.6625,BR,heliport,Brasil,ANAC_helipontos
SDDH,SDDH,Birmann 29,SÃO PAULO,São Paulo,-23.588611,-46.681111,BR,heliport,Brasil,ANAC_helipontos
SDDI,SDDI,Fazenda Tamara,SALMOURÃO,SP,-21.591389,-50.8325,BR,private_aerodrome,Brasil,ANAC_privados
SDDJ,SDDJ,Fazenda Santa Maria,MONÇÕES,SP,-20.849722,-50.083056,BR,private_aerodrome,Brasil,ANAC_privados
SDDK,SDDK,Saint-Exupéry,OCAUÇU,SP,-22.481389,-49.985833,BR,private_aerodrome,Brasil,ANAC_privados
SDDL,SDDL,Fazenda Limeira,SÃO JOÃO DA PARAÚNA,GO,-16.865556,-50.410833,BR,private_aerodrome,Brasil,ANAC_privados
SDDO,SDDO,Cândido Mendes,RIO DE JANEIRO,Rio de Janeiro,-22.904167,-43.175278,BR,heliport,Brasil,ANAC_helipontos
SDDQ,SDDQ,Fazenda São Francisco,RIACHÃO DAS NEVES,BA,-11.694167,-45.508889,BR,private_aerodrome,Brasil,ANAC_privados
SDDS,SDDS,Sucupira,SÃO PAULO,São Paulo,-23.624167,-46.703333,BR,heliport,Brasil,ANAC_helipontos
SDDT,SDDT,Imbetiba,MACAÉ,Rio de Janeiro,-22.388611,-41.770556,BR,heliport,Brasil,ANAC_helipontos
SDDU,SDDU,Duets,FORTALEZA,Ceará,-3.7413889,-38.4875,BR,heliport,Brasil,ANAC_helipontos
SDDV,SDDV,Usina Catanduva,PALMARES PAULISTA,SP,-21.129444,-48.846111,BR,private_aerodrome,Brasil,ANAC_privados
SDDW,SDDW,Marina Verolme,ANGRA DOS REIS,Rio de Janeiro,-22.998611,-44.248889,BR,heliport,Brasil,ANAC_helipontos
SDDX,SDDX,Fazenda Paiquerê,POPULINA,SP,-19.884167,-50.504444,BR,private_aerodrome,Brasil,ANAC_privados
SDDY,SDDY,Cesari,CUBATÃO,São Paulo,-23.823611,-46.367778,BR,heliport,Brasil,ANAC_helipontos
SDDZ,SDDZ,Vila São Paulo/Mercosul,ALVORADA DO SUL,Paraná,-22.696667,-51.3325,BR,heliport,Brasil,ANAC_helipontos
SDE2,SDE2,Descalvados Lenda Turismo,CÁCERES,MT,-16.737222,-57.756389,BR,private_aerodrome,Brasil,ANAC_privados
SDE3,SDE3,Localiza,BELO HORIZONTE,Minas Gerais,-19.884722,-43.946944,BR,heliport,Brasil,ANAC_helipontos
SDE4,SDE4,Fazenda Fronteira do Guaporé,COMODORO,MT,-13.730278,-60.478611,BR,private_aerodrome,Brasil,ANAC_privados
SDE5,SDE5,Fazenda Alvorada,NOVA MARINGÁ,MT,-12.345,-57.289167,BR,private_aerodrome,Brasil,ANAC_privados
SDE6,SDE6,ITK Agro,ALEGRETE,RS,-30.031667,-55.313611,BR,private_aerodrome,Brasil,ANAC_privados
SDE7,SDE7,Fazenda Caruan,SALTO DO CÉU,MT,-14.941389,-58.089722,BR,private_aerodrome,Brasil,ANAC_privados
SDE8,SDE8,Hospital Cinco de Outubro,CANAÃ DOS CARAJÁS,Pará,-6.5238889,-49.845278,BR,heliport,Brasil,ANAC_helipontos
SDE9,SDE9,Fazenda ACF,EXTREMA,Minas Gerais,-22.839444,-46.213056,BR,heliport,Brasil,ANAC_helipontos
SDEA,SDEA,Edifício HSBC Tower,SÃO PAULO,São Paulo,-23.583056,-46.683889,BR,heliport,Brasil,ANAC_helipontos
SDEB,SDEB,Fazenda São Paulo dos Palmares,TIMBURI,SP,-23.269444,-49.5475,BR,private_aerodrome,Brasil,ANAC_privados
SDEC,SDEC,Empresarial Charles Darwin,RECIFE,Pernambuco,-8.0655556,-34.896667,BR,heliport,Brasil,ANAC_helipontos
SDED,SDED,Scoda Aeronáutica,IPEÚNA,SP,-22.440278,-47.700833,BR,private_aerodrome,Brasil,ANAC_privados
SDEE,SDEE,Iguatemi Esplanada,VOTORANTIM,São Paulo,-23.536111,-47.464444,BR,heliport,Brasil,ANAC_helipontos
SDEF,SDEF,Eco Fly,FERRAZ DE VASCONCELOS,São Paulo,-23.532222,-46.386111,BR,heliport,Brasil,ANAC_helipontos
SDEG,SDEG,Evolution Corporate,BARUERI,São Paulo,-23.504444,-46.851111,BR,heliport,Brasil,ANAC_helipontos
SDEH,SDEH,Hospital Zona Norte,MANAUS,Amazonas,-2.9980556,-60.03,BR,heliport,Brasil,ANAC_helipontos
SDEI,SDEI,Canopus Corporate Alphaville,BARUERI,São Paulo,-23.503889,-46.844722,BR,heliport,Brasil,ANAC_helipontos
SDEJ,SDEJ,Fazenda Guará do Pinhal,ITAPETININGA,SP,-23.665833,-48.072778,BR,private_aerodrome,Brasil,ANAC_privados
SDEK,SDEK,Barra do Una,SÃO SEBASTIÃO,São Paulo,-23.735833,-45.746944,BR,heliport,Brasil,ANAC_helipontos
SDEL,SDEL,Condomínio Edifício Spazio JK,SÃO PAULO,São Paulo,-23.591111,-46.685556,BR,heliport,Brasil,ANAC_helipontos
SDEM,SDEM,Estância Machado,ÁLVARES MACHADO,SP,-22.105278,-51.454444,BR,private_aerodrome,Brasil,ANAC_privados
SDEN,SDEN,COSTA ESMERALDA,PORTO BELO,SC,-27.166389,-48.621667,BR,private_aerodrome,Brasil,ANAC_privados
SDEO,SDEO,Fazenda Entre Rios,IBITINGA,SP,-21.878611,-48.659167,BR,private_aerodrome,Brasil,ANAC_privados
SDEQ,SDEQ,Quatro Barras,QUATRO BARRAS,Paraná,-25.376667,-49.084722,BR,heliport,Brasil,ANAC_helipontos
SDER,SDER,Fazenda Entre Rios,SUD MENNUCCI,SP,-20.765556,-50.855,BR,private_aerodrome,Brasil,ANAC_privados
SDES,SDES,Estância Colorado,SALES OLIVEIRA,SP,-20.761944,-47.861944,BR,private_aerodrome,Brasil,ANAC_privados
SDEU,SDEU,Empresarial Anhanguera,CAJAMAR,São Paulo,-23.384722,-46.831667,BR,heliport,Brasil,ANAC_helipontos
SDEV,SDEV,Fazenda Ventania,CAMPOS DE JÚLIO,MT,-13.146111,-59.096111,BR,private_aerodrome,Brasil,ANAC_privados
SDEW,SDEW,Júlio Simões - Garagem,MOGI DAS CRUZES,São Paulo,-23.541667,-46.229167,BR,heliport,Brasil,ANAC_helipontos
SDEX,SDEX,Parque Maeda,ITU,São Paulo,-23.339167,-47.3475,BR,heliport,Brasil,ANAC_helipontos
SDEY,SDEY,Imigrantes,DIADEMA,São Paulo,-23.688889,-46.605278,BR,heliport,Brasil,ANAC_helipontos
SDEZ,SDEZ,Unibanco Eusébio Matoso,SÃO PAULO,São Paulo,-23.572222,-46.698611,BR,heliport,Brasil,ANAC_helipontos
SDF0,SDF0,FAZENDA VEDANA,VERA,MT,-12.363611,-55.417222,BR,private_aerodrome,Brasil,ANAC_privados
SDF1,SDF1,Fazenda Fibra Agro,ITAÚBA,MT,-11.253889,-55.6325,BR,private_aerodrome,Brasil,ANAC_privados
SDF2,SDF2,MÃE NINA,ITAQUIRAÍ,MS,-23.303333,-53.899444,BR,private_aerodrome,Brasil,ANAC_privados
SDF3,SDF3,Fazenda Santa Helena,ITIQUIRA,MT,-17.306111,-54.443889,BR,private_aerodrome,Brasil,ANAC_privados
SDF4,SDF4,Agropecuária VR,CAMPO NOVO DO PARECIS,MT,-13.49,-57.990556,BR,private_aerodrome,Brasil,ANAC_privados
SDF5,SDF5,Fazenda Catanduva,SÃO PEDRO DO SUL,RS,-29.626389,-54.099444,BR,private_aerodrome,Brasil,ANAC_privados
SDF6,SDF6,Décio Uberlândia,UBERLÂNDIA,Minas Gerais,-19.015278,-48.209722,BR,heliport,Brasil,ANAC_helipontos
SDF7,SDF7,Clube Aeronáutico Avaré,AVARÉ,SP,-23.241111,-48.985,BR,private_aerodrome,Brasil,ANAC_privados
SDF8,SDF8,Hotel Baiazinha,CÁCERES,MT,-16.568611,-57.831111,BR,private_aerodrome,Brasil,ANAC_privados
SDF9,SDF9,AVIAÇÃO AGRÍCOLA MANAIN,BOA VISTA,RR,2.99861111,-60.7225,BR,private_aerodrome,Brasil,ANAC_privados
SDFA,SDFA,Frade 1,ANGRA DOS REIS,Rio de Janeiro,-22.969167,-44.443889,BR,heliport,Brasil,ANAC_helipontos
SDFB,SDFB,Fundação Bradesco,CAMPINAS,São Paulo,-22.964444,-47.077222,BR,heliport,Brasil,ANAC_helipontos
SDFC,SDFC,Fazenda Constância,ALTAIR,SP,-20.488889,-49.188889,BR,private_aerodrome,Brasil,ANAC_privados
SDFE,SDFE,Fazenda Pertinho do Céu,GUIRATINGA,MT,-16.472778,-53.9125,BR,private_aerodrome,Brasil,ANAC_privados
SDFF,SDFF,Fazenda Fusão,LÁBREA,AM,-9.5683333,-67.305,BR,private_aerodrome,Brasil,ANAC_privados
SDFG,SDFG,CADF,BRASÍLIA,Distrito Federal,-15.836111,-48.083889,BR,heliport,Brasil,ANAC_helipontos
SDFH,SDFH,Fazenda Amália,SANTA ROSA DE VITERBO,SP,-21.443889,-47.370833,BR,private_aerodrome,Brasil,ANAC_privados
SDFI,SDFI,Fazenda Rio Crixás,MUNDO NOVO,GO,-13.738056,-50.014444,BR,private_aerodrome,Brasil,ANAC_privados
SDFJ,SDFJ,Fazenda Murungaba,TIETÊ,São Paulo,-22.951389,-47.76,BR,heliport,Brasil,ANAC_helipontos
SDFK,SDFK,Fazenda Figueira,MARABÁ PAULISTA,SP,-22.067778,-52.150278,BR,private_aerodrome,Brasil,ANAC_privados
SDFL,SDFL,Lagoa Corporate,SÃO LUÍS,Maranhão,-2.5,-44.307778,BR,heliport,Brasil,ANAC_helipontos
SDFM,SDFM,DJY,SÃO PAULO,São Paulo,-23.5975,-46.685278,BR,heliport,Brasil,ANAC_helipontos
SDFN,SDFN,Praia da Fazenda,ANGRA DOS REIS,Rio de Janeiro,-23.0475,-44.351111,BR,heliport,Brasil,ANAC_helipontos
SDFQ,SDFQ,Centro Empresarial Botafogo,RIO DE JANEIRO,Rio de Janeiro,-22.944444,-43.181667,BR,heliport,Brasil,ANAC_helipontos
SDFR,SDFR,Riomar Fortaleza,FORTALEZA,Ceará,-3.7411111,-38.473333,BR,heliport,Brasil,ANAC_helipontos
SDFS,SDFS,Fazenda Santa Gertrudes,DOURADO,São Paulo,-22.092222,-48.3475,BR,heliport,Brasil,ANAC_helipontos
SDFT,SDFT,Virgolino de Oliveira,ITAPIRA,SP,-22.415278,-46.808889,BR,private_aerodrome,Brasil,ANAC_privados
SDFU,SDFU,Fazenda Ponte Funda,PRESIDENTE EPITÁCIO,SP,-21.870556,-52.163056,BR,private_aerodrome,Brasil,ANAC_privados
SDFV,SDFV,Federação Paulista de Futebol,SÃO PAULO,São Paulo,-23.522222,-46.667222,BR,heliport,Brasil,ANAC_helipontos
SDFW,SDFW,Condomínio Edifício San Paolo,SÃO PAULO,São Paulo,-23.575,-46.687778,BR,heliport,Brasil,ANAC_helipontos
SDFY,SDFY,Fazenda Valença,RIO NEGRO,MS,-19.410556,-55.173333,BR,private_aerodrome,Brasil,ANAC_privados
SDFZ,SDFZ,Fazenda Santana,RIACHÃO DAS NEVES,BA,-11.663611,-45.733889,BR,private_aerodrome,Brasil,ANAC_privados
SDG1,SDG1,Fazenda América,AQUIDAUANA,MS,-19.825556,-55.478333,BR,private_aerodrome,Brasil,ANAC_privados
SDG2,SDG2,Fazenda Santa Virgínia,PONTA PORÃ,MS,-22.279167,-55.653889,BR,private_aerodrome,Brasil,ANAC_privados
SDG3,SDG3,FAZENDA MALANDA,BRASNORTE,MT,-11.723333,-58.172778,BR,private_aerodrome,Brasil,ANAC_privados
SDG5,SDG5,Fazenda Guaraciaba,FRUTAL,MG,-20.183056,-49.280278,BR,private_aerodrome,Brasil,ANAC_privados
SDGA,SDGA,Adecoagro,ANGÉLICA,MS,-22.038056,-53.846389,BR,private_aerodrome,Brasil,ANAC_privados
SDGB,SDGB,Usina Colorado,GUAÍRA,SP,-20.276944,-48.181944,BR,private_aerodrome,Brasil,ANAC_privados
SDGD,SDGD,Eucatex-Botucatú,BOTUCATU,São Paulo,-22.994167,-48.567778,BR,heliport,Brasil,ANAC_helipontos
SDGE,SDGE,Casas Bahia,SÃO CAETANO DO SUL,São Paulo,-23.611111,-46.570833,BR,heliport,Brasil,ANAC_helipontos
SDGF,SDGF,Usina Santa Luzia,NOVA ALVORADA DO SUL,MS,-21.5525,-54.233611,BR,private_aerodrome,Brasil,ANAC_privados
SDGG,SDGG,Aché Faria Lima,SÃO PAULO,São Paulo,-23.560833,-46.694167,BR,heliport,Brasil,ANAC_helipontos
SDGH,SDGH,Parque do Peão Mussa Calil Neto,BARRETOS,São Paulo,-20.511111,-48.592778,BR,heliport,Brasil,ANAC_helipontos
SDGI,SDGI,Fazenda Guariroba S/A,CAMPINAS,São Paulo,-22.922778,-46.906944,BR,heliport,Brasil,ANAC_helipontos
SDGJ,SDGJ,Fazenda São José,PORTO MURTINHO,MS,-21.330833,-56.910833,BR,private_aerodrome,Brasil,ANAC_privados
SDGK,SDGK,Grupo Petrópolis,PETRÓPOLIS,Rio de Janeiro,-22.352222,-43.164167,BR,heliport,Brasil,ANAC_helipontos
SDGL,SDGL,Catedral Mundial da Fé,RIO DE JANEIRO,Rio de Janeiro,-22.880833,-43.274722,BR,heliport,Brasil,ANAC_helipontos
SDGO,SDGO,Braspress,GUARULHOS,São Paulo,-23.454167,-46.485556,BR,heliport,Brasil,ANAC_helipontos
SDGP,SDGP,Fazenda Gaivota,PARANATINGA,MT,-14.0125,-53.466667,BR,private_aerodrome,Brasil,ANAC_privados
SDGQ,SDGQ,Jeová Gomes,LIMOEIRO DO NORTE,CE,-5.2011111,-38.148056,BR,private_aerodrome,Brasil,ANAC_privados
SDGS,SDGS,Bertolucci,SÃO PAULO,São Paulo,-23.585833,-46.680278,BR,heliport,Brasil,ANAC_helipontos
SDGT,SDGT,Agrotec,MANACAPURU,AM,-3.2055556,-60.541389,BR,private_aerodrome,Brasil,ANAC_privados
SDGU,SDGU,GROTTA DEL CARAVAGGIO,SANTA TERESA,Espírito Santo,-19.913611,-40.657222,BR,heliport,Brasil,ANAC_helipontos
SDGV,SDGV,Conde,NOVA LIMA,Minas Gerais,-19.994722,-43.952222,BR,heliport,Brasil,ANAC_helipontos
SDGW,SDGW,JKFC,SÃO PAULO,São Paulo,-23.587222,-46.675278,BR,heliport,Brasil,ANAC_helipontos
SDGX,SDGX,Morro de São Paulo,CAIRU,BA,-13.429444,-38.913889,BR,private_aerodrome,Brasil,ANAC_privados
SDGY,SDGY,Fazenda Anhangaí,ARAÇATUBA,SP,-20.9275,-50.743056,BR,private_aerodrome,Brasil,ANAC_privados
SDGZ,SDGZ,Bradesco Cidade de Deus,OSASCO,São Paulo,-23.548889,-46.772222,BR,heliport,Brasil,ANAC_helipontos
SDH3,SDH3,FAZENDA SÃO JORGE,ITIQUIRA,MT,-17.328333,-54.665,BR,private_aerodrome,Brasil,ANAC_privados
SDH4,SDH4,Aeroclube de Itapeva,ITAPEVA,SP,-23.941111,-48.883056,BR,private_aerodrome,Brasil,ANAC_privados
SDH5,SDH5,Grupo Rotta,PONTES E LACERDA,MT,-15.984722,-59.741389,BR,private_aerodrome,Brasil,ANAC_privados
SDH6,SDH6,Giongo Participações - Fazenda Victória,PARANATINGA,MT,-14.500833,-53.761667,BR,private_aerodrome,Brasil,ANAC_privados
SDH9,SDH9,BR Marinas Paraty,PARATY,Rio de Janeiro,-23.234167,-44.706389,BR,heliport,Brasil,ANAC_helipontos
SDHB,SDHB,Bradesco,OSASCO,São Paulo,-23.548333,-46.768889,BR,heliport,Brasil,ANAC_helipontos
SDHC,SDHC,Fazenda Koga,GETULINA,SP,-21.87,-49.980833,BR,private_aerodrome,Brasil,ANAC_privados
SDHD,SDHD,Complexo Hospitalar de Niterói,NITERÓI,Rio de Janeiro,-22.894444,-43.115833,BR,heliport,Brasil,ANAC_helipontos
SDHE,SDHE,Fazenda Herdade,ITAPIRA,SP,-22.491667,-46.843056,BR,private_aerodrome,Brasil,ANAC_privados
SDHF,SDHF,Ambroso,SÃO JOÃO DA BOA VISTA,São Paulo,-21.966944,-46.751944,BR,heliport,Brasil,ANAC_helipontos
SDHG,SDHG,Málaga,OSASCO,São Paulo,-23.481667,-46.778056,BR,heliport,Brasil,ANAC_helipontos
SDHH,SDHH,Base Resgate,BRASÍLIA,Distrito Federal,-15.775,-47.906111,BR,heliport,Brasil,ANAC_helipontos
SDHI,SDHI,Hospital Gastroclínica,SÃO PAULO,São Paulo,-23.595,-46.651667,BR,heliport,Brasil,ANAC_helipontos
SDHJ,SDHJ,Ji Paraná Tradição,JI-PARANÁ,Rondônia,-10.933611,-61.926389,BR,heliport,Brasil,ANAC_helipontos
SDHK,SDHK,Fazenda Tulipa,CAMPINORTE,GO,-14.110556,-49.046389,BR,private_aerodrome,Brasil,ANAC_privados
SDHL,SDHL,Lagoa,RIO DE JANEIRO,Rio de Janeiro,-22.974722,-43.216389,BR,heliport,Brasil,ANAC_helipontos
SDHM,SDHM,Hospital Metropolitano de Belo Horizonte,BELO HORIZONTE,Minas Gerais,-19.985556,-44.006667,BR,heliport,Brasil,ANAC_helipontos
SDHN,SDHN,Hellix Business Center,ITABORAÍ,Rio de Janeiro,-22.744167,-42.852222,BR,heliport,Brasil,ANAC_helipontos
SDHP,SDHP,Modelo II,RIBAS DO RIO PARDO,MS,-21.161667,-53.283333,BR,private_aerodrome,Brasil,ANAC_privados
SDHQ,SDHQ,Shopping Leste Aricanduva,SÃO PAULO,São Paulo,-23.566944,-46.505278,BR,heliport,Brasil,ANAC_helipontos
SDHR,SDHR,Fazenda União,PORTO MURTINHO,MS,-20.911944,-57.232778,BR,private_aerodrome,Brasil,ANAC_privados
SDHS,SDHS,Fazenda Ouro Branco,PORTO DOS GAÚCHOS,MT,-12.017778,-56.413611,BR,private_aerodrome,Brasil,ANAC_privados
SDHT,SDHT,Cetenco Plaza - Torre Norte,SÃO PAULO,São Paulo,-23.558611,-46.6575,BR,heliport,Brasil,ANAC_helipontos
SDHU,SDHU,Morro da Urca,RIO DE JANEIRO,Rio de Janeiro,-22.951389,-43.165556,BR,heliport,Brasil,ANAC_helipontos
SDHV,SDHV,Hospital Albert Einstein,SÃO PAULO,São Paulo,-23.600278,-46.715278,BR,heliport,Brasil,ANAC_helipontos
SDHW,SDHW,Hospital Bandeirantes,SÃO PAULO,São Paulo,-23.5575,-46.634722,BR,heliport,Brasil,ANAC_helipontos
SDHX,SDHX,D'Tapes,TAPES,RS,-30.749722,-51.535,BR,private_aerodrome,Brasil,ANAC_privados
SDHZ,SDHZ,Hospital Vera Cruz.,CAMPINAS,São Paulo,-22.904167,-47.067778,BR,heliport,Brasil,ANAC_helipontos
SDI1,SDI1,Costa Verde,ANGRA DOS REIS,Rio de Janeiro,-23.026944,-44.2125,BR,heliport,Brasil,ANAC_helipontos
SDI2,SDI2,AERÓDROMO GRACIOSA,SÃO DESIDÉRIO,BA,-13.148611,-45.553056,BR,private_aerodrome,Brasil,ANAC_privados
SDI3,SDI3,FAZENDA CALIFÓRNIA,ALMEIRIM,PA,0.338611111,-53.818056,BR,private_aerodrome,Brasil,ANAC_privados
SDI4,SDI4,Fazenda Amadeus Andrade,MIRANTE DA SERRA,RO,-11.146667,-62.828889,BR,private_aerodrome,Brasil,ANAC_privados
SDI5,SDI5,Fazenda Tabu,CAAPORÃ,Paraíba,-7.5075,-34.875556,BR,heliport,Brasil,ANAC_helipontos
SDI6,SDI6,HELIPONTO ILHA PARAÍSO,SANTA CRUZ CABRÁLIA,Bahia,-16.277778,-39.025,BR,heliport,Brasil,ANAC_helipontos
SDI7,SDI7,Fazenda Veneza,AQUIDAUANA,MS,-19.585833,-55.696944,BR,private_aerodrome,Brasil,ANAC_privados
SDI8,SDI8,FAZENDA CRISTO REI,SANTANA DO ARAGUAIA,PA,-9.4302778,-50.3075,BR,private_aerodrome,Brasil,ANAC_privados
SDI9,SDI9,FAZENDA SANTA FILIPINA,SANTA CRUZ DO XINGU,MT,-10.237222,-52.428611,BR,private_aerodrome,Brasil,ANAC_privados
SDIA,SDIA,Cidade,SÃO PAULO,São Paulo,-23.545833,-46.6325,BR,heliport,Brasil,ANAC_helipontos
SDIB,SDIB,Irmãos  Ribeiro,ESPÍRITO SANTO DO PINHAL,SP,-22.160556,-46.775833,BR,private_aerodrome,Brasil,ANAC_privados
SDIC,SDIC,Fazenda Capão Seco,FORMIGA,MG,-20.711944,-45.689444,BR,private_aerodrome,Brasil,ANAC_privados
SDID,SDID,Aeroata,ARAÇATUBA,SP,-21.253056,-50.533333,BR,private_aerodrome,Brasil,ANAC_privados
SDIE,SDIE,Fazenda Lagoa,LAGOA GRANDE,MG,-17.764444,-46.546944,BR,private_aerodrome,Brasil,ANAC_privados
SDIF,SDIF,Palácio Tiradentes,BELO HORIZONTE,Minas Gerais,-19.786667,-43.951667,BR,heliport,Brasil,ANAC_helipontos
SDIH,SDIH,Fazenda Irohy,BIRITIBA MIRIM,SP,-23.565556,-46.069444,BR,private_aerodrome,Brasil,ANAC_privados
SDII,SDII,iTower,BARUERI,São Paulo,-23.504722,-46.849167,BR,heliport,Brasil,ANAC_helipontos
SDIK,SDIK,Alpha Business Empresarial,CAMPINAS,São Paulo,-22.819444,-47.035278,BR,heliport,Brasil,ANAC_helipontos
SDIL,SDIL,Fazenda Pedra Branca,ANGRA DOS REIS,RJ,-22.902222,-44.288056,BR,private_aerodrome,Brasil,ANAC_privados
SDIN,SDIN,Fazenda Piúna,ANAURILÂNDIA,MS,-21.886944,-52.93,BR,private_aerodrome,Brasil,ANAC_privados
SDIO,SDIO,Aeroclube de Itápolis,ITÁPOLIS,SP,-21.599722,-48.832778,BR,private_aerodrome,Brasil,ANAC_privados
SDIP,SDIP,Fazenda Centro de Vôo a Vela Ipuã,CAÇAPAVA,SP,-23.043333,-45.775556,BR,private_aerodrome,Brasil,ANAC_privados
SDIS,SDIS,The Eagle's Nest,ARANDU,São Paulo,-23.2475,-49.023889,BR,heliport,Brasil,ANAC_helipontos
SDIU,SDIU,Unimed,CAMPO GRANDE,Mato Grosso do Sul,-20.450278,-54.576111,BR,heliport,Brasil,ANAC_helipontos
SDIW,SDIW,Edifício São Paulo Trade Building,SÃO PAULO,São Paulo,-23.594167,-46.689444,BR,heliport,Brasil,ANAC_helipontos
SDIX,SDIX,MGX Florestal,NINHEIRA,MG,-15.499722,-41.565833,BR,private_aerodrome,Brasil,ANAC_privados
SDIZ,SDIZ,Fazenda Diamante,BAIXA GRANDE DO RIBEIRO,PI,-9.0588889,-45.504167,BR,private_aerodrome,Brasil,ANAC_privados
SDJ1,SDJ1,Fazenda Fortaleza,NOVA XAVANTINA,MT,-14.7075,-52.183056,BR,private_aerodrome,Brasil,ANAC_privados
SDJ2,SDJ2,AERO AGRÍCOLA CÉU AZUL,VILHENA,RO,-12.734722,-60.199167,BR,private_aerodrome,Brasil,ANAC_privados
SDJ3,SDJ3,AERÓDROMO FAZENDA SANTA RITA,RIO MARIA,PA,-7.2452778,-49.436389,BR,private_aerodrome,Brasil,ANAC_privados
SDJ4,SDJ4,Fazenda Xerez,BELA VISTA,MS,-21.923333,-56.706944,BR,private_aerodrome,Brasil,ANAC_privados
SDJ5,SDJ5,VALE DO RIO REAL,ITAPICURU,BA,-11.198611,-37.994444,BR,private_aerodrome,Brasil,ANAC_privados
SDJ6,SDJ6,Cambury,SÃO SEBASTIÃO,São Paulo,-23.769167,-45.636111,BR,heliport,Brasil,ANAC_helipontos
SDJ7,SDJ7,FAZENDA POÇO D'AGUA,AMARANTE,PI,-6.1494444,-42.953611,BR,private_aerodrome,Brasil,ANAC_privados
SDJ8,SDJ8,Fazenda Barra Longa,BOTUCATU,SP,-22.831389,-48.384444,BR,private_aerodrome,Brasil,ANAC_privados
SDJ9,SDJ9,Fazenda Triângulo,SAPUCAIA,PA,-6.7575,-49.438889,BR,private_aerodrome,Brasil,ANAC_privados
SDJA,SDJA,Dr. José Augusto de Arruda Botelho,ITIRAPINA,SP,-22.194722,-47.861944,BR,private_aerodrome,Brasil,ANAC_privados
SDJB,SDJB,Quinta da Baroneza II,BRAGANÇA PAULISTA,São Paulo,-22.973333,-46.700278,BR,heliport,Brasil,ANAC_helipontos
SDJD,SDJD,Juquehy Baleia,SÃO SEBASTIÃO,São Paulo,-23.760833,-45.7125,BR,heliport,Brasil,ANAC_helipontos
SDJE,SDJE,Estádio Olímpico João Havelange,RIO DE JANEIRO,Rio de Janeiro,-22.892778,-43.293889,BR,heliport,Brasil,ANAC_helipontos
SDJF,SDJF,Fazenda Jequitibá,BURI,SP,-23.846111,-48.4475,BR,private_aerodrome,Brasil,ANAC_privados
SDJG,SDJG,Fazenda São João do Pirajá,CURRAIS,PI,-9.0186111,-44.587778,BR,private_aerodrome,Brasil,ANAC_privados
SDJH,SDJH,Heliponto Privado Hiper Moreira,GOIÂNIA,Goiás,-16.686667,-49.282222,BR,heliport,Brasil,ANAC_helipontos
SDJI,SDJI,AVIBRÁS II,JACAREÍ,São Paulo,-23.326111,-45.816667,BR,heliport,Brasil,ANAC_helipontos
SDJJ,SDJJ,Rio Pardo,IARAS,São Paulo,-22.871389,-49.0475,BR,heliport,Brasil,ANAC_helipontos
SDJK,SDJK,Centro Empresarial Araguaia,BARUERI,São Paulo,-23.501944,-46.841944,BR,heliport,Brasil,ANAC_helipontos
SDJL,SDJL,Jales,JALES,SP,-20.2925,-50.545556,BR,private_aerodrome,Brasil,ANAC_privados
SDJM,SDJM,Sítio Santo Antônio,JUNDIAÍ,São Paulo,-23.1325,-46.928333,BR,heliport,Brasil,ANAC_helipontos
SDJN,SDJN,Fazenda São Luiz,JARDINÓPOLIS,SP,-21.096667,-47.733611,BR,private_aerodrome,Brasil,ANAC_privados
SDJP,SDJP,Igreja Mundial do Poder de Deus - IMPD,SÃO PAULO,São Paulo,-23.550833,-46.620556,BR,heliport,Brasil,ANAC_helipontos
SDJQ,SDJQ,Fazenda São Joaquim O.B.,PEREIRA BARRETO,SP,-20.828333,-51.007778,BR,private_aerodrome,Brasil,ANAC_privados
SDJR,SDJR,JN Resort,SETE LAGOAS,MG,-19.430278,-44.304444,BR,private_aerodrome,Brasil,ANAC_privados
SDJS,SDJS,Andorinha,UIRAMUTÃ,RR,4.72722222,-60.241667,BR,private_aerodrome,Brasil,ANAC_privados
SDJT,SDJT,J. Toledo,JUNDIAÍ,São Paulo,-23.175,-46.908889,BR,heliport,Brasil,ANAC_helipontos
SDJU,SDJU,Hospital São Luiz,SÃO PAULO,São Paulo,-23.590556,-46.673056,BR,heliport,Brasil,ANAC_helipontos
SDJW,SDJW,Rede D'Or São Luiz Morumbi,SÃO PAULO,São Paulo,-23.590833,-46.703333,BR,heliport,Brasil,ANAC_helipontos
SDJX,SDJX,Fazenda Serra Dourada,PALMEIRÓPOLIS,TO,-13.104444,-48.381944,BR,private_aerodrome,Brasil,ANAC_privados
SDJZ,SDJZ,Fazenda São José,SÃO GABRIEL,RS,-29.948889,-54.147222,BR,private_aerodrome,Brasil,ANAC_privados
SDK1,SDK1,Fazenda Jaguariúna,SÃO JOSÉ DOS CAMPOS,São Paulo,-23.175,-45.955,BR,heliport,Brasil,ANAC_helipontos
SDK2,SDK2,Aldeia Apalai Bona,ALMEIRIM,PA,1.21861111,-54.658611,BR,private_aerodrome,Brasil,ANAC_privados
SDK3,SDK3,Fazenda Oeste,COMODORO,MT,-13.808611,-59.656389,BR,private_aerodrome,Brasil,ANAC_privados
SDK4,SDK4,Custódio,QUIXERAMOBIM,CE,-5.1861111,-39.246667,BR,private_aerodrome,Brasil,ANAC_privados
SDK5,SDK5,Casa do Governador SC,FLORIANÓPOLIS,Santa Catarina,-27.573889,-48.5325,BR,heliport,Brasil,ANAC_helipontos
SDK6,SDK6,Fazenda Sossego,MORADA NOVA,CE,-4.9527778,-38.3775,BR,private_aerodrome,Brasil,ANAC_privados
SDK8,SDK8,FAZENDA BAÚ,CÁCERES,MT,-16.505556,-57.599722,BR,private_aerodrome,Brasil,ANAC_privados
SDK9,SDK9,Fazenda Califórnia,BRASILÂNDIA,MS,-21.115833,-52.613333,BR,private_aerodrome,Brasil,ANAC_privados
SDKA,SDKA,Angical,NORMANDIA,RR,4.165,-59.835,BR,private_aerodrome,Brasil,ANAC_privados
SDKB,SDKB,CJB Curitiba,CURITIBA,Paraná,-25.438056,-49.240556,BR,heliport,Brasil,ANAC_helipontos
SDKD,SDKD,Condomínio América Business Park,SÃO PAULO,São Paulo,-23.618611,-46.703056,BR,heliport,Brasil,ANAC_helipontos
SDKE,SDKE,Valença do Piauí,VALENÇA DO PIAUÍ,PI,-6.3872222,-41.764444,BR,private_aerodrome,Brasil,ANAC_privados
SDKG,SDKG,Francisco Mellão,SÃO PAULO,São Paulo,-23.593611,-46.688611,BR,heliport,Brasil,ANAC_helipontos
SDKL,SDKL,Caracaranã,NORMANDIA,RR,3.83666667,-59.777222,BR,private_aerodrome,Brasil,ANAC_privados
SDKM,SDKM,Hotel Emiliano,SÃO PAULO,São Paulo,-23.566111,-46.665278,BR,heliport,Brasil,ANAC_helipontos
SDKN,SDKN,Chopper Solution,EUSÉBIO,Ceará,-3.8444444,-38.4425,BR,heliport,Brasil,ANAC_helipontos
SDKO,SDKO,Fazenda Campo Grande,COLÔMBIA,SP,-20.257778,-48.788611,BR,private_aerodrome,Brasil,ANAC_privados
SDKP,SDKP,Fazenda Pirangi,NOVA ANDRADINA,MS,-22.268333,-53.433056,BR,private_aerodrome,Brasil,ANAC_privados
SDKR,SDKR,Fazenda Santo Antônio,ARARAS,São Paulo,-22.379167,-47.326111,BR,heliport,Brasil,ANAC_helipontos
SDKS,SDKS,Enseadinha,IPOJUCA,Pernambuco,-8.55,-35.006944,BR,heliport,Brasil,ANAC_helipontos
SDKT,SDKT,Edifício Dacon,SÃO PAULO,São Paulo,-23.580556,-46.683889,BR,heliport,Brasil,ANAC_helipontos
SDKV,SDKV,Rede Globo,SÃO PAULO,São Paulo,-23.614722,-46.696944,BR,heliport,Brasil,ANAC_helipontos
SDKW,SDKW,Wessel,ARAÇARIGUAMA,São Paulo,-23.415833,-47.108333,BR,heliport,Brasil,ANAC_helipontos
SDKX,SDKX,Fazenda Serra Azul,ROSÁRIO OESTE,MT,-14.626389,-55.649722,BR,private_aerodrome,Brasil,ANAC_privados
SDKY,SDKY,Hospital das Clínicas,SÃO PAULO,São Paulo,-23.558056,-46.669167,BR,heliport,Brasil,ANAC_helipontos
SDKZ,SDKZ,Caraparu 4,UIRAMUTÃ,RR,4.55805556,-60.47,BR,private_aerodrome,Brasil,ANAC_privados
SDL0,SDL0,FAZENDA IBICABA,MARCELÂNDIA,MT,-10.811111,-53.709444,BR,private_aerodrome,Brasil,ANAC_privados
SDL1,SDL1,FAZENDA VILLA DI ROMA,PEDREIRA,São Paulo,-22.780278,-46.868333,BR,heliport,Brasil,ANAC_helipontos
SDL2,SDL2,Fazenda São José,SANTA CARMEM,MT,-12.09,-54.940278,BR,private_aerodrome,Brasil,ANAC_privados
SDL3,SDL3,Agropecuária Império,CASSILÂNDIA,MS,-19.105278,-52.075556,BR,private_aerodrome,Brasil,ANAC_privados
SDL4,SDL4,Porto Walter,PORTO WALTER,AC,-8.2716667,-72.745278,BR,private_aerodrome,Brasil,ANAC_privados
SDL5,SDL5,IBG,JUNDIAÍ,São Paulo,-23.166389,-46.931389,BR,heliport,Brasil,ANAC_helipontos
SDL6,SDL6,Reunidas do Pontal,GOIATUBA,GO,-17.989167,-50.020278,BR,private_aerodrome,Brasil,ANAC_privados
SDL7,SDL7,Águias de Trindade,TRINDADE,GO,-16.591667,-49.394167,BR,private_aerodrome,Brasil,ANAC_privados
SDL8,SDL8,Fazenda Lagoa da Serra,COCALINHO,MT,-13.968333,-51.451667,BR,private_aerodrome,Brasil,ANAC_privados
SDL9,SDL9,Fazenda Gobbo,SANTO ANTÔNIO DO LEVERGER,MT,-17.096944,-55.239722,BR,private_aerodrome,Brasil,ANAC_privados
SDLA,SDLA,Condomínio Laranjeiras,PARATY,Rio de Janeiro,-23.343333,-44.663056,BR,heliport,Brasil,ANAC_helipontos
SDLB,SDLB,Metropolitan Office,SÃO PAULO,São Paulo,-23.581111,-46.6825,BR,heliport,Brasil,ANAC_helipontos
SDLD,SDLD,Fazenda Barra Grande,CONFRESA,MT,-10.138333,-51.994167,BR,private_aerodrome,Brasil,ANAC_privados
SDLE,SDLE,Rio de Contas,RIO DE CONTAS,BA,-13.583056,-41.790833,BR,private_aerodrome,Brasil,ANAC_privados
SDLF,SDLF,SBT,OSASCO,São Paulo,-23.476667,-46.778056,BR,heliport,Brasil,ANAC_helipontos
SDLG,SDLG,Fazenda Planalto,COSTA RICA,MS,-18.198333,-53.213333,BR,private_aerodrome,Brasil,ANAC_privados
SDLH,SDLH,Fazenda Pato Branco,SÃO GABRIEL DO OESTE,MS,-19.321944,-54.521389,BR,private_aerodrome,Brasil,ANAC_privados
SDLI,SDLI,Fazenda Dois Irmãos,CAMPO NOVO DO PARECIS,MT,-13.6025,-57.875,BR,private_aerodrome,Brasil,ANAC_privados
SDLJ,SDLJ,Agéo Fazenda Paraopeba,PARAOPEBA,Minas Gerais,-19.258056,-44.4775,BR,heliport,Brasil,ANAC_helipontos
SDLN,SDLN,Primavera,QUERÊNCIA,MT,-12.616389,-52.153889,BR,private_aerodrome,Brasil,ANAC_privados
SDLO,SDLO,Cav. Lav. Fabio Perini,CAIRU,BA,-13.564444,-38.938889,BR,private_aerodrome,Brasil,ANAC_privados
SDLQ,SDLQ,Maresias,SÃO SEBASTIÃO,São Paulo,-23.786389,-45.571944,BR,heliport,Brasil,ANAC_helipontos
SDLR,SDLR,Luiz Ribeiro Maia,TAPAUÁ,AM,-5.6361111,-63.185833,BR,private_aerodrome,Brasil,ANAC_privados
SDLS,SDLS,Hangar 77,GUABIRUBA,Santa Catarina,-27.083611,-48.964722,BR,heliport,Brasil,ANAC_helipontos
SDLT,SDLT,Litucera,VINHEDO,São Paulo,-23.039722,-46.983611,BR,heliport,Brasil,ANAC_helipontos
SDLU,SDLU,Fazenda Santa Luíza,BARRA BONITA,SP,-22.483333,-48.524444,BR,private_aerodrome,Brasil,ANAC_privados
SDLW,SDLW,Fazenda Colorado,ARUANÃ,GO,-14.981944,-50.849444,BR,private_aerodrome,Brasil,ANAC_privados
SDLX,SDLX,Fazenda Jacareúna,SÃO FÉLIX DO ARAGUAIA,MT,-11.441111,-52.204722,BR,private_aerodrome,Brasil,ANAC_privados
SDLZ,SDLZ,Campo Verde,CAMPO VERDE,MT,-15.528611,-55.141389,BR,private_aerodrome,Brasil,ANAC_privados
SDM0,SDM0,Fazenda Mariotti,RIACHÃO DAS NEVES,BA,-11.427778,-45.265278,BR,private_aerodrome,Brasil,ANAC_privados
SDM1,SDM1,Fazenda Pontal Da Serra,MATEIROS,TO,-10.506389,-46.204167,BR,private_aerodrome,Brasil,ANAC_privados
SDM2,SDM2,Fazenda Ipê,SANTA RITA DO TRIVELATO,MT,-14.104444,-55.197778,BR,private_aerodrome,Brasil,ANAC_privados
SDM3,SDM3,AGRODIPE,RIBEIRO GONÇALVES,PI,-7.7652778,-45.371667,BR,private_aerodrome,Brasil,ANAC_privados
SDM4,SDM4,Fazenda São José I,BRASILÂNDIA,MS,-21.413056,-52.032222,BR,private_aerodrome,Brasil,ANAC_privados
SDM5,SDM5,Peito de Moça,LUÍS CORREIA,Piauí,-2.9041667,-41.598333,BR,heliport,Brasil,ANAC_helipontos
SDM6,SDM6,FAZENDA SÃO DOMINGOS,TAQUARUSSU,MS,-22.536111,-53.323889,BR,private_aerodrome,Brasil,ANAC_privados
SDM7,SDM7,Fazenda Marajoara,ITIQUIRA,MT,-17.283056,-54.071667,BR,private_aerodrome,Brasil,ANAC_privados
SDM8,SDM8,AGRÍCOLA ZANELLA,CAMPOS DE JÚLIO,MT,-14.121111,-59.216667,BR,private_aerodrome,Brasil,ANAC_privados
SDM9,SDM9,Fazenda Sete Povos II,SÃO DESIDÉRIO,BA,-12.901667,-46.155833,BR,private_aerodrome,Brasil,ANAC_privados
SDMA,SDMA,Muraro,ITUPEVA,SP,-23.185556,-47.060556,BR,private_aerodrome,Brasil,ANAC_privados
SDMB,SDMB,Benteler,CAMPINAS,São Paulo,-23.001944,-47.116944,BR,heliport,Brasil,ANAC_helipontos
SDMC,SDMC,Fazenda Cajupí,BAIXA GRANDE DO RIBEIRO,PI,-8.3322222,-45.083611,BR,private_aerodrome,Brasil,ANAC_privados
SDMD,SDMD,Fazenda Santa Izabel,COXIM,MS,-18.013889,-54.713611,BR,private_aerodrome,Brasil,ANAC_privados
SDME,SDME,Marchesan S.A,MATÃO,SP,-21.629444,-48.392778,BR,private_aerodrome,Brasil,ANAC_privados
SDMF,SDMF,Fazenda Damaro,MIRANDA,MS,-19.9775,-56.438611,BR,private_aerodrome,Brasil,ANAC_privados
SDMG,SDMG,HAXIU,ALTO ALEGRE,RR,2.67583333,-63.746944,BR,private_aerodrome,Brasil,ANAC_privados
SDMM,SDMM,Lago Verde,PACARAIMA,RR,4.55777778,-60.786111,BR,private_aerodrome,Brasil,ANAC_privados
SDMN,SDMN,Continental Tower,SÃO PAULO,São Paulo,-23.601667,-46.699167,BR,heliport,Brasil,ANAC_helipontos
SDMP,SDMP,Fazenda DIMEP,ITATINGA,SP,-23.138611,-48.495278,BR,private_aerodrome,Brasil,ANAC_privados
SDMS,SDMS,Marechiaro,ANGRA DOS REIS,Rio de Janeiro,-23.015556,-44.280556,BR,heliport,Brasil,ANAC_helipontos
SDMT,SDMT,Banco Bradesco Av. Paulista,SÃO PAULO,São Paulo,-23.562222,-46.655,BR,heliport,Brasil,ANAC_helipontos
SDMU,SDMU,Multiplan,RIO DE JANEIRO,Rio de Janeiro,-22.9075,-43.175833,BR,heliport,Brasil,ANAC_helipontos
SDMV,SDMV,Fazenda Morro Vermelho,JAÚ,SP,-22.274444,-48.604167,BR,private_aerodrome,Brasil,ANAC_privados
SDMW,SDMW,Fazenda Karajá,NOVA CRIXÁS,GO,-14.112222,-50.682222,BR,private_aerodrome,Brasil,ANAC_privados
SDMX,SDMX,Fazenda Fontana,CAMPO VERDE,MT,-15.502778,-55.381667,BR,private_aerodrome,Brasil,ANAC_privados
SDMY,SDMY,Fazenda Cambuhy,MATÃO,SP,-21.632778,-48.479167,BR,private_aerodrome,Brasil,ANAC_privados
SDMZ,SDMZ,Mercedes-Benz do Brasil,SÃO BERNARDO DO CAMPO,São Paulo,-23.663333,-46.579444,BR,heliport,Brasil,ANAC_helipontos
SDN2,SDN2,GRUPO ANGELINA INFRAESTRUTURA,ITAPIRA,São Paulo,-22.413056,-46.848056,BR,heliport,Brasil,ANAC_helipontos
SDN4,SDN4,Fazenda Uma Uma,APIACÁS,MT,-9.5255556,-57.694167,BR,private_aerodrome,Brasil,ANAC_privados
SDN5,SDN5,Fazenda Nova Esperança,NOVA CRIXÁS,GO,-13.938611,-50.47,BR,private_aerodrome,Brasil,ANAC_privados
SDN6,SDN6,FAZENDA ENTRE RIOS,SÃO DESIDÉRIO,BA,-12.453889,-45.388333,BR,private_aerodrome,Brasil,ANAC_privados
SDN7,SDN7,Guarantã do Norte,GUARANTÃ DO NORTE,MT,-9.9625,-54.884722,BR,private_aerodrome,Brasil,ANAC_privados
SDN8,SDN8,DOMINGOS HORTA,NOVA LIMA,Minas Gerais,-20.115556,-43.91,BR,heliport,Brasil,ANAC_helipontos
SDN9,SDN9,Barra del Mundo,CAJUEIRO DA PRAIA,Piauí,-2.9136111,-41.408889,BR,heliport,Brasil,ANAC_helipontos
SDNA,SDNA,Fazenda Vale Verde,COMENDADOR GOMES,MG,-19.671944,-48.995,BR,private_aerodrome,Brasil,ANAC_privados
SDNB,SDNB,Brasnorte,BRASNORTE,MT,-12.099444,-58.001667,BR,private_aerodrome,Brasil,ANAC_privados
SDNC,SDNC,Fazenda Cabeceira,DOM AQUINO,MT,-15.43,-54.737778,BR,private_aerodrome,Brasil,ANAC_privados
SDND,SDND,Fazenda Nova Damasco,NARANDIBA,SP,-22.482222,-51.529722,BR,private_aerodrome,Brasil,ANAC_privados
SDNE,SDNE,Fazenda São Joaquim,MARABÁ PAULISTA,SP,-22.198611,-51.976389,BR,private_aerodrome,Brasil,ANAC_privados
SDNF,SDNF,Agéo Fazenda Capitão do Mato,NOVA LIMA,Minas Gerais,-20.160556,-43.923333,BR,heliport,Brasil,ANAC_helipontos
SDNG,SDNG,Fazenda São João,JAÚ,São Paulo,-22.418333,-48.600556,BR,heliport,Brasil,ANAC_helipontos
SDNI,SDNI,Nascimento I,COTIA,SP,-23.619444,-46.983056,BR,private_aerodrome,Brasil,ANAC_privados
SDNJ,SDNJ,Nascimento II,CAPÃO BONITO,SP,-24.072222,-48.221667,BR,private_aerodrome,Brasil,ANAC_privados
SDNK,SDNK,Fazenda Vitória,PRIMAVERA DO LESTE,MT,-14.965,-54.058333,BR,private_aerodrome,Brasil,ANAC_privados
SDNL,SDNL,Fazenda Santa Claudina,CAARAPÓ,MS,-22.516944,-54.678056,BR,private_aerodrome,Brasil,ANAC_privados
SDNN,SDNN,Birmann 21,SÃO PAULO,São Paulo,-23.565278,-46.702222,BR,heliport,Brasil,ANAC_helipontos
SDNP,SDNP,Condomínio Conde Matarazzo,SÃO PAULO,São Paulo,-23.5475,-46.6375,BR,heliport,Brasil,ANAC_helipontos
SDNQ,SDNQ,Fazenda Água Limpa,SENADOR GUIOMARD,AC,-9.9805556,-67.491111,BR,private_aerodrome,Brasil,ANAC_privados
SDNR,SDNR,Banco Santander,SÃO PAULO,São Paulo,-23.652222,-46.713889,BR,heliport,Brasil,ANAC_helipontos
SDNS,SDNS,Fazenda Furnas,CHAPADA DOS GUIMARÃES,MT,-14.984444,-55.212778,BR,private_aerodrome,Brasil,ANAC_privados
SDNT,SDNT,Fazenda Terra Prometida,PORTO NACIONAL,TO,-10.414444,-48.256667,BR,private_aerodrome,Brasil,ANAC_privados
SDNU,SDNU,Ministro Nelson Hungria,RIO DE JANEIRO,Rio de Janeiro,-22.906111,-43.172778,BR,heliport,Brasil,ANAC_helipontos
SDNV,SDNV,Fazenda Manduri,CORUMBÁ,MS,-18.510278,-56.429722,BR,private_aerodrome,Brasil,ANAC_privados
SDNX,SDNX,Helimater,ANGRA DOS REIS,Rio de Janeiro,-23.042222,-44.192222,BR,heliport,Brasil,ANAC_helipontos
SDNY,SDNY,Fazenda Ponte Serrada,CAMPO NOVO DO PARECIS,MT,-13.884167,-57.867222,BR,private_aerodrome,Brasil,ANAC_privados
SDNZ,SDNZ,Concórdia Corporate,NOVA LIMA,Minas Gerais,-19.983889,-43.945833,BR,heliport,Brasil,ANAC_helipontos
SDO2,SDO2,Fontanella,LAURO MÜLLER,Santa Catarina,-28.395,-49.388611,BR,heliport,Brasil,ANAC_helipontos
SDO3,SDO3,Fazenda Reunidas Primavera,VILA RICA,MT,-10.018056,-51.991389,BR,private_aerodrome,Brasil,ANAC_privados
SDO4,SDO4,Fazenda Boa Fé,ITAITUBA,PA,-7.4236111,-56.338611,BR,private_aerodrome,Brasil,ANAC_privados
SDO6,SDO6,AERÓDROMO FAZENDA ALVORADA,LUÍS EDUARDO MAGALHÃES,BA,-11.9775,-46.026389,BR,private_aerodrome,Brasil,ANAC_privados
SDO7,SDO7,Frisonfly,CRUZ,Ceará,-2.8722222,-40.398333,BR,heliport,Brasil,ANAC_helipontos
SDO8,SDO8,WAVE IRIRI ANCHIETA,ANCHIETA,Espírito Santo,-20.811111,-40.663889,BR,heliport,Brasil,ANAC_helipontos
SDO9,SDO9,TRUE TYPE,INHAÚMA,MG,-19.443611,-44.490556,BR,private_aerodrome,Brasil,ANAC_privados
SDOA,SDOA,Fazenda Lagoa da Floresta,BARRA DO CORDA,MA,-5.4866667,-45.083056,BR,private_aerodrome,Brasil,ANAC_privados
SDOB,SDOB,Fazenda São José O.B.,TAPIRATIBA,SP,-21.425278,-46.754444,BR,private_aerodrome,Brasil,ANAC_privados
SDOC,SDOC,Hospital do Coração,SÃO PAULO,São Paulo,-23.573056,-46.643611,BR,heliport,Brasil,ANAC_helipontos
SDOD,SDOD,Fazenda Vida,GRAJAÚ,MA,-5.84,-45.541944,BR,private_aerodrome,Brasil,ANAC_privados
SDOE,SDOE,Fazenda Sibéria,GRAJAÚ,MA,-5.7191667,-45.779167,BR,private_aerodrome,Brasil,ANAC_privados
SDOF,SDOF,Edifício Palladio,SÃO PAULO,São Paulo,-23.594722,-46.685556,BR,heliport,Brasil,ANAC_helipontos
SDOG,SDOG,Península,GUARUJÁ,São Paulo,-23.996944,-46.203056,BR,heliport,Brasil,ANAC_helipontos
SDOH,SDOH,Pedreira Pau Pedra,GUARULHOS,São Paulo,-23.350833,-46.425833,BR,heliport,Brasil,ANAC_helipontos
SDOI,SDOI,Centro Nacional de Pára-Quedismo,BOITUVA,SP,-23.298056,-47.691944,BR,private_aerodrome,Brasil,ANAC_privados
SDOJ,SDOJ,Ecobalsa / Flyone,RIO DE JANEIRO,Rio de Janeiro,-23.011111,-43.377778,BR,heliport,Brasil,ANAC_helipontos
SDOK,SDOK,Casas Bahia,JUNDIAÍ,São Paulo,-23.236111,-46.865833,BR,heliport,Brasil,ANAC_helipontos
SDOL,SDOL,Fazenda Agropesp,TAPURAH,MT,-12.4425,-56.907778,BR,private_aerodrome,Brasil,ANAC_privados
SDOM,SDOM,Catuama II,GOIANA,Pernambuco,-7.6655556,-34.83,BR,heliport,Brasil,ANAC_helipontos
SDON,SDON,Ônix,SÃO PAULO,São Paulo,-23.551389,-46.722222,BR,heliport,Brasil,ANAC_helipontos
SDOO,SDOO,Órion,GOIÂNIA,Goiás,-16.696944,-49.269722,BR,heliport,Brasil,ANAC_helipontos
SDOP,SDOP,EMS Sigma Pharma 2,HORTOLÂNDIA,São Paulo,-22.895556,-47.190278,BR,heliport,Brasil,ANAC_helipontos
SDOQ,SDOQ,Fazenda Campo Claro,RIBEIRÃO CASCALHEIRA,MT,-12.674167,-51.739444,BR,private_aerodrome,Brasil,ANAC_privados
SDOR,SDOR,Fazenda Mosquito,ORLÂNDIA,SP,-20.7475,-47.889444,BR,private_aerodrome,Brasil,ANAC_privados
SDOS,SDOS,Banaer,SETE BARRAS,SP,-24.419167,-47.869167,BR,private_aerodrome,Brasil,ANAC_privados
SDOT,SDOT,Attilio Tinelli,SÃO PAULO,São Paulo,-23.6025,-46.693611,BR,heliport,Brasil,ANAC_helipontos
SDOX,SDOX,Fazenda Água Fria,XINGUARA,PA,-7.0152778,-49.366111,BR,private_aerodrome,Brasil,ANAC_privados
SDOZ,SDOZ,Fazenda Laranjeiras,AREAL,Rio de Janeiro,-22.207222,-43.096389,BR,heliport,Brasil,ANAC_helipontos
SDP1,SDP1,Fazenda São Paulo,PEDRO GOMES,MS,-18.017778,-54.606944,BR,private_aerodrome,Brasil,ANAC_privados
SDP2,SDP2,Fazenda Piracicaba,TASSO FRAGOSO,MA,-7.9552778,-45.760556,BR,private_aerodrome,Brasil,ANAC_privados
SDP3,SDP3,FAZENDA PARAÍSO,PORTO ESPERIDIÃO,MT,-16.283333,-59.036111,BR,private_aerodrome,Brasil,ANAC_privados
SDP4,SDP4,Fazenda Naviraí,COTRIGUAÇU,MT,-9.8077778,-58.525556,BR,private_aerodrome,Brasil,ANAC_privados
SDP5,SDP5,Fazenda Panorama,BELA VISTA,MS,-22.038611,-56.269444,BR,private_aerodrome,Brasil,ANAC_privados
SDP6,SDP6,FAZENDA CHAPADÃO,BARREIRAS,BA,-11.982222,-46.215,BR,private_aerodrome,Brasil,ANAC_privados
SDP7,SDP7,Antenor Duarte Vilela,BARRETOS,SP,-20.493889,-48.673056,BR,private_aerodrome,Brasil,ANAC_privados
SDP8,SDP8,Marechal Thaumaturgo,MARECHAL THAUMATURGO,AC,-8.9594444,-72.779444,BR,private_aerodrome,Brasil,ANAC_privados
SDP9,SDP9,FAZENDA SANTO ANTONIO DO CAETÉ,RIO VERDE DE MATO GROSSO,MS,-18.720556,-55.253333,BR,private_aerodrome,Brasil,ANAC_privados
SDPA,SDPA,Fazenda Portobello,MANGARATIBA,RJ,-22.9275,-44.08,BR,private_aerodrome,Brasil,ANAC_privados
SDPB,SDPB,Edifício Prime Business Center,FRANCA,São Paulo,-20.536111,-47.39,BR,heliport,Brasil,ANAC_helipontos
SDPG,SDPG,Palacio Guanabara,RIO DE JANEIRO,Rio de Janeiro,-22.939722,-43.187778,BR,heliport,Brasil,ANAC_helipontos
SDPH,SDPH,Fazenda Piratininga,SÃO MIGUEL DO ARAGUAIA,GO,-12.8225,-50.3275,BR,private_aerodrome,Brasil,ANAC_privados
SDPJ,SDPJ,Cidade Empresarial,APARECIDA DE GOIÂNIA,Goiás,-16.75,-49.304722,BR,heliport,Brasil,ANAC_helipontos
SDPK,SDPK,Panco I,SÃO PAULO,São Paulo,-23.527778,-46.494722,BR,heliport,Brasil,ANAC_helipontos
SDPL,SDPL,Ibirapuera Park Hotel Ltda,SÃO PAULO,São Paulo,-23.592778,-46.649444,BR,heliport,Brasil,ANAC_helipontos
SDPM,SDPM,Palácio dos Bandeirantes,SÃO PAULO,São Paulo,-23.6,-46.712778,BR,heliport,Brasil,ANAC_helipontos
SDPO,SDPO,Plaza Centenário,SÃO PAULO,São Paulo,-23.605556,-46.695833,BR,heliport,Brasil,ANAC_helipontos
SDPR,SDPR,Fazenda Turazzi,PONTES E LACERDA,MT,-15.155556,-59.310278,BR,private_aerodrome,Brasil,ANAC_privados
SDPS,SDPS,Hospital Estadual Mário Covas,SANTO ANDRÉ,São Paulo,-23.670833,-46.532778,BR,heliport,Brasil,ANAC_helipontos
SDPT,SDPT,Parque Paulista,SÃO PAULO,São Paulo,-23.560278,-46.659167,BR,heliport,Brasil,ANAC_helipontos
SDPX,SDPX,Nova Vitória,PACARAIMA,RR,4.49888889,-60.941667,BR,private_aerodrome,Brasil,ANAC_privados
SDPZ,SDPZ,Sossego,RIBAS DO RIO PARDO,MS,-21.241389,-53.3525,BR,private_aerodrome,Brasil,ANAC_privados
SDQ0,SDQ0,FAZENDA LAGEADO II,DOIS IRMÃOS DO BURITI,MS,-20.294167,-55.4275,BR,private_aerodrome,Brasil,ANAC_privados
SDQ1,SDQ1,Carlos da Silveira Bueno,GUARAÍ,TO,-8.8719444,-48.501667,BR,private_aerodrome,Brasil,ANAC_privados
SDQ2,SDQ2,Fazenda Aliança,PEDRA PRETA,MT,-16.670556,-54.391389,BR,private_aerodrome,Brasil,ANAC_privados
SDQ3,SDQ3,ALDEIA MATAWARÉ,ALMEIRIM,PA,1.95111111,-55.1225,BR,private_aerodrome,Brasil,ANAC_privados
SDQ4,SDQ4,Fazenda Campo Grande,CORUMBÁ,MS,-17.964444,-55.366111,BR,private_aerodrome,Brasil,ANAC_privados
SDQ5,SDQ5,Quintas do cerrado,TRINDADE,Goiás,-16.677778,-49.624722,BR,heliport,Brasil,ANAC_helipontos
SDQ6,SDQ6,FAZENDA SÃO MATEUS,LUCIARA,MT,-11.194444,-50.880278,BR,private_aerodrome,Brasil,ANAC_privados
SDQ7,SDQ7,Fazenda Atlântida,NOVO JARDIM,TO,-11.803889,-46.543056,BR,private_aerodrome,Brasil,ANAC_privados
SDQ8,SDQ8,VILA  PIX,CAMPOS DO JORDÃO,São Paulo,-22.775556,-45.6575,BR,heliport,Brasil,ANAC_helipontos
SDQ9,SDQ9,FAZENDA PATRIOTA,TABAPORÃ,MT,-11.490833,-56.171667,BR,private_aerodrome,Brasil,ANAC_privados
SDQA,SDQA,Fazenda Aldebaran,ANGÉLICA,MS,-21.923889,-53.940556,BR,private_aerodrome,Brasil,ANAC_privados
SDQD,SDQD,Fazenda Candelária,VILA BELA DA SANTÍSSIMA TRINDADE,MT,-16.111111,-60.013056,BR,private_aerodrome,Brasil,ANAC_privados
SDQF,SDQF,Fazenda Floresta,SANTO ANTÔNIO DA BARRA,GO,-17.598056,-50.694444,BR,private_aerodrome,Brasil,ANAC_privados
SDQG,SDQG,Fazenda Nova Floresta,CAIABU,SP,-21.892222,-51.178056,BR,private_aerodrome,Brasil,ANAC_privados
SDQH,SDQH,Fazenda Santa Clara,CASTANHEIRA,MT,-10.653611,-58.6025,BR,private_aerodrome,Brasil,ANAC_privados
SDQI,SDQI,Fazenda Quilombo,INDAIATUBA,São Paulo,-23.074167,-47.086667,BR,heliport,Brasil,ANAC_helipontos
SDQJ,SDQJ,Fazenda Santo Antônio da Serra do Boqueirão,WANDERLEY,BA,-11.660278,-43.819167,BR,private_aerodrome,Brasil,ANAC_privados
SDQK,SDQK,Fazenda Taboca,RIO VERDE DE MATO GROSSO,MS,-18.884444,-55.3675,BR,private_aerodrome,Brasil,ANAC_privados
SDQL,SDQL,Fazenda Cerro Azul,NIOAQUE,MS,-21.183056,-55.734167,BR,private_aerodrome,Brasil,ANAC_privados
SDQM,SDQM,Fazenda Santo Antônio,BARREIRAS,BA,-11.705278,-45.991389,BR,private_aerodrome,Brasil,ANAC_privados
SDQN,SDQN,FAZENDA PALMARES 2,BARREIRAS,BA,-11.656111,-46.052222,BR,private_aerodrome,Brasil,ANAC_privados
SDQQ,SDQQ,Cia. Agrícola Quatá,QUATÁ,SP,-22.285556,-50.639444,BR,private_aerodrome,Brasil,ANAC_privados
SDQR,SDQR,Alto da Serra,BOM JARDIM DA SERRA,Santa Catarina,-28.398333,-49.576111,BR,heliport,Brasil,ANAC_helipontos
SDQS,SDQS,Alpendre Eventos,TAUBATÉ,São Paulo,-23.137222,-45.474722,BR,heliport,Brasil,ANAC_helipontos
SDQT,SDQT,Fazenda Vista Alegre,NOVO HORIZONTE DO SUL,MS,-22.5975,-53.691389,BR,private_aerodrome,Brasil,ANAC_privados
SDQU,SDQU,Fazenda Colorado,BOM JESUS,PI,-9.2558333,-44.806667,BR,private_aerodrome,Brasil,ANAC_privados
SDQV,SDQV,Pavão,GUARULHOS,São Paulo,-23.432778,-46.410556,BR,heliport,Brasil,ANAC_helipontos
SDQW,SDQW,Guararema,GUARAREMA,São Paulo,-23.326389,-46.128611,BR,heliport,Brasil,ANAC_helipontos
SDQX,SDQX,Fazenda Falcão,PRIMAVERA DO LESTE,MT,-15.399444,-54.181111,BR,private_aerodrome,Brasil,ANAC_privados
SDQY,SDQY,Shopping Center Iguatemi Campinas,CAMPINAS,São Paulo,-22.891111,-47.028333,BR,heliport,Brasil,ANAC_helipontos
SDQZ,SDQZ,Fazenda Espinhaço II,BARRA DO GARÇAS,MT,-15.397222,-52.07,BR,private_aerodrome,Brasil,ANAC_privados
SDR1,SDR1,FAZENDA MANTISSA,SEBASTIÃO BARROS,PI,-10.563333,-44.809444,BR,private_aerodrome,Brasil,ANAC_privados
SDR2,SDR2,Fazenda Monte Alegre,CURIONÓPOLIS,PA,-6.3416667,-49.579722,BR,private_aerodrome,Brasil,ANAC_privados
SDR3,SDR3,SENADOR ANTONIO FARIAS,BAÍA FORMOSA,RN,-6.4080556,-35.044722,BR,private_aerodrome,Brasil,ANAC_privados
SDR4,SDR4,Hugo 2,GOIÂNIA,Goiás,-16.648333,-49.336667,BR,heliport,Brasil,ANAC_helipontos
SDR5,SDR5,Fazenda São Domingos,IRACEMA,RR,2.3775,-61.695556,BR,private_aerodrome,Brasil,ANAC_privados
SDR6,SDR6,ALDEIA URUNAI,ORIXIMINÁ,PA,1.52083333,-56.082778,BR,private_aerodrome,Brasil,ANAC_privados
SDR8,SDR8,Fazenda Piuva,AQUIDAUANA,MS,-19.883056,-55.487222,BR,private_aerodrome,Brasil,ANAC_privados
SDR9,SDR9,Fazenda Iberê,PRIMAVERA DO LESTE,MT,-15.178056,-54.239722,BR,private_aerodrome,Brasil,ANAC_privados
SDRA,SDRA,Fazenda das Represas,SÃO MIGUEL ARCANJO,SP,-23.877222,-48.050833,BR,private_aerodrome,Brasil,ANAC_privados
SDRB,SDRB,Renaissance Hotel,SÃO PAULO,São Paulo,-23.558611,-46.662222,BR,heliport,Brasil,ANAC_helipontos
SDRC,SDRC,Fazenda Santana,RANCHARIA,SP,-22.181944,-50.865833,BR,private_aerodrome,Brasil,ANAC_privados
SDRD,SDRD,Fazenda Andorinha,ESTRELA DO NORTE,GO,-13.781944,-49.088611,BR,private_aerodrome,Brasil,ANAC_privados
SDRE,SDRE,Recreio,RIO DE JANEIRO,Rio de Janeiro,-23.008056,-43.446944,BR,heliport,Brasil,ANAC_helipontos
SDRF,SDRF,Fazenda Recanto Feliz,RIO CLARO,RJ,-22.746111,-44.050833,BR,private_aerodrome,Brasil,ANAC_privados
SDRG,SDRG,Graciosa,PINHAIS,Paraná,-25.391944,-49.156111,BR,heliport,Brasil,ANAC_helipontos
SDRI,SDRI,Rio Sul Center,RIO DE JANEIRO,Rio de Janeiro,-22.957778,-43.177222,BR,heliport,Brasil,ANAC_helipontos
SDRJ,SDRJ,Prefeitura do Rio de Janeiro,RIO DE JANEIRO,Rio de Janeiro,-22.971111,-43.216389,BR,heliport,Brasil,ANAC_helipontos
SDRL,SDRL,Fazenda Retiro Velho,PORTO MURTINHO,MS,-21.449722,-57.826389,BR,private_aerodrome,Brasil,ANAC_privados
SDRM,SDRM,Olomai,AMAJARI,RR,3.92666667,-64.184722,BR,private_aerodrome,Brasil,ANAC_privados
SDRN,SDRN,Zarzur,SÃO PAULO,São Paulo,-23.57,-46.691944,BR,heliport,Brasil,ANAC_helipontos
SDRO,SDRO,Darinha,CASCAVEL,Ceará,-4.1119444,-38.248056,BR,heliport,Brasil,ANAC_helipontos
SDRP,SDRP,Onkiola,AMAJARI,RR,3.71194444,-64.1625,BR,private_aerodrome,Brasil,ANAC_privados
SDRQ,SDRQ,Fazenda Brinquinho,SÃO DESIDÉRIO,BA,-12.827222,-46.251944,BR,private_aerodrome,Brasil,ANAC_privados
SDRT,SDRT,Ponto Geral,PACARAIMA,RR,4.64805556,-60.787778,BR,private_aerodrome,Brasil,ANAC_privados
SDRU,SDRU,Fazenda Caramuru,INÚBIA PAULISTA,SP,-21.693333,-50.935833,BR,private_aerodrome,Brasil,ANAC_privados
SDRV,SDRV,Tenoar,CHAPADÃO DO SUL,MS,-18.748333,-52.686667,BR,private_aerodrome,Brasil,ANAC_privados
SDRW,SDRW,Fazenda Reserva,RIBAS DO RIO PARDO,MS,-21.511389,-53.052778,BR,private_aerodrome,Brasil,ANAC_privados
SDRX,SDRX,Fazenda do Cedro,CHAPADA,RS,-28.108889,-53.196667,BR,private_aerodrome,Brasil,ANAC_privados
SDRZ,SDRZ,Fazenda Vó Zita do Rio Vermelho,CORUMBÁ,MS,-19.615,-56.881111,BR,private_aerodrome,Brasil,ANAC_privados
SDS1,SDS1,Fazenda 7 Campos,RIO DA CONCEIÇÃO,TO,-11.2725,-46.582222,BR,private_aerodrome,Brasil,ANAC_privados
SDS2,SDS2,Fazenda Macaúba,POSSE,GO,-14.288889,-46.408056,BR,private_aerodrome,Brasil,ANAC_privados
SDS3,SDS3,Fazenda Iracema,CLÁUDIA,MT,-11.607778,-55.127778,BR,private_aerodrome,Brasil,ANAC_privados
SDS4,SDS4,FAZENDA SANKARA,NOVA LACERDA,MT,-14.613611,-59.629167,BR,private_aerodrome,Brasil,ANAC_privados
SDS5,SDS5,RICARDO NASCIMENTO TULHA,SÃO JOSÉ DO XINGU,MT,-10.568889,-52.249167,BR,private_aerodrome,Brasil,ANAC_privados
SDS6,SDS6,FAZENDA CARAÍBAS,MORRO DO CHAPÉU DO PIAUÍ,PI,-3.7516667,-42.297778,BR,private_aerodrome,Brasil,ANAC_privados
SDS7,SDS7,Fazenda Membeca,BRASNORTE,MT,-12.728611,-57.8725,BR,private_aerodrome,Brasil,ANAC_privados
SDS8,SDS8,FAZENDA GARROTE,ALCINÓPOLIS,MS,-18.024444,-53.2625,BR,private_aerodrome,Brasil,ANAC_privados
SDS9,SDS9,FAZENDA PONTAL,MINAÇU,GO,-13.236389,-48.184444,BR,private_aerodrome,Brasil,ANAC_privados
SDSA,SDSA,Fazenda Califórnia,CORUMBÁ,MS,-18.035556,-55.716389,BR,private_aerodrome,Brasil,ANAC_privados
SDSD,SDSD,Samã I,PACARAIMA,RR,4.41194444,-60.951667,BR,private_aerodrome,Brasil,ANAC_privados
SDSE,SDSE,Sítio Santa Helena,GABRIEL MONTEIRO,SP,-21.473333,-50.615556,BR,private_aerodrome,Brasil,ANAC_privados
SDSF,SDSF,Polícia Federal Florianópolis,FLORIANÓPOLIS,Santa Catarina,-27.572778,-48.531389,BR,heliport,Brasil,ANAC_helipontos
SDSG,SDSG,Ipiranga,ALTO TAQUARI,MT,-17.746389,-53.355278,BR,private_aerodrome,Brasil,ANAC_privados
SDSH,SDSH,Fazenda Shalon (antigo Serafino Ferruzzi),ALTA FLORESTA,MT,-9.9877778,-56.676389,BR,private_aerodrome,Brasil,ANAC_privados
SDSI,SDSI,Fazenda Alice,SAMBAÍBA,MA,-7.6275,-45.692778,BR,private_aerodrome,Brasil,ANAC_privados
SDSJ,SDSJ,Executivo,CASCAVEL,PR,-24.871389,-53.465278,BR,private_aerodrome,Brasil,ANAC_privados
SDSK,SDSK,Fazenda Dona Rosa S. Rezek,JATEÍ,MS,-22.714722,-54.044722,BR,private_aerodrome,Brasil,ANAC_privados
SDSL,SDSL,Fazenda Bang Bang,SÃO JOSÉ DO XINGU,MT,-10.89,-52.734722,BR,private_aerodrome,Brasil,ANAC_privados
SDSM,SDSM,Fazenda Nossa Senhora da Conceição,SÃO MANUEL,SP,-22.758611,-48.5425,BR,private_aerodrome,Brasil,ANAC_privados
SDSN,SDSN,São Luiz,SÃO PAULO,São Paulo,-23.590556,-46.686667,BR,heliport,Brasil,ANAC_helipontos
SDSO,SDSO,Flamingos,ANGRA DOS REIS,Rio de Janeiro,-23.023056,-44.29,BR,heliport,Brasil,ANAC_helipontos
SDSP,SDSP,Santa Inês,AMAJARI,RR,4.13638889,-61.340278,BR,private_aerodrome,Brasil,ANAC_privados
SDSQ,SDSQ,Usina Santa Rita,SANTA RITA DO PASSA QUATRO,SP,-21.723611,-47.656944,BR,private_aerodrome,Brasil,ANAC_privados
SDSR,SDSR,Subestação São Roque,IBIÚNA,São Paulo,-23.659167,-47.103333,BR,heliport,Brasil,ANAC_helipontos
SDSS,SDSS,Fazenda Baia das Pedras,AQUIDAUANA,MS,-19.254167,-55.783056,BR,private_aerodrome,Brasil,ANAC_privados
SDST,SDST,Fazenda Santa Therezinha da Barra,DESCALVADO,SP,-21.881389,-47.775278,BR,private_aerodrome,Brasil,ANAC_privados
SDSV,SDSV,Santa Cândida,GUARIBA,SP,-21.333611,-48.171111,BR,private_aerodrome,Brasil,ANAC_privados
SDSW,SDSW,Carta Fabril 01,PIRAÍ,Rio de Janeiro,-22.582222,-43.9925,BR,heliport,Brasil,ANAC_helipontos
SDSX,SDSX,ITM Expo,SÃO PAULO,São Paulo,-23.526111,-46.743889,BR,heliport,Brasil,ANAC_helipontos
SDSY,SDSY,Riviera Portofino,PIRACAIA,São Paulo,-22.998333,-46.368056,BR,heliport,Brasil,ANAC_helipontos
SDSZ,SDSZ,Banco Safra,SÃO PAULO,São Paulo,-23.558056,-46.659722,BR,heliport,Brasil,ANAC_helipontos
SDT2,SDT2,AERÓDROMO FAZENDA SÃO GERALDO II,GOIANÉSIA DO PARÁ,PA,-4.0369444,-49.183611,BR,private_aerodrome,Brasil,ANAC_privados
SDT3,SDT3,Fazenda Rio Alegre,PARANATINGA,MT,-14.037222,-53.551944,BR,private_aerodrome,Brasil,ANAC_privados
SDT4,SDT4,Fazenda Jucarama,ÁGUA BOA,MT,-14.096944,-52.691667,BR,private_aerodrome,Brasil,ANAC_privados
SDT5,SDT5,FAZENDA GUARANI,PARAGOMINAS,PA,-3.4763889,-47.040556,BR,private_aerodrome,Brasil,ANAC_privados
SDT6,SDT6,FAZENDA REUNIDAS ESPIGÃO DO OESTE,SÃO FÉLIX DO ARAGUAIA,MT,-11.545556,-52.139444,BR,private_aerodrome,Brasil,ANAC_privados
SDT7,SDT7,MASTER BELA VISTA,PASSO FUNDO,RS,-28.173889,-52.600278,BR,private_aerodrome,Brasil,ANAC_privados
SDT8,SDT8,Fazenda Caraíbas,JEQUITAÍ,MG,-17.189444,-44.611667,BR,private_aerodrome,Brasil,ANAC_privados
SDT9,SDT9,CMPC HF Santa Margarida,SANTA MARGARIDA DO SUL,Rio Grande do Sul,-30.350278,-54.083056,BR,heliport,Brasil,ANAC_helipontos
SDTA,SDTA,Dilceu dal Bosco Aviação - DDA,SINOP,MT,-11.783056,-55.54,BR,private_aerodrome,Brasil,ANAC_privados
SDTC,SDTC,Edifício Edel Trade Center,SÃO PAULO,São Paulo,-23.6025,-46.660556,BR,heliport,Brasil,ANAC_helipontos
SDTD,SDTD,Fazenda Campanário,LAGUNA CARAPÃ,MS,-22.782222,-55.073611,BR,private_aerodrome,Brasil,ANAC_privados
SDTE,SDTE,Fazenda Tapijara,ARANDU,SP,-23.220556,-49.075556,BR,private_aerodrome,Brasil,ANAC_privados
SDTG,SDTG,Edifício Atrium IV,SÃO PAULO,São Paulo,-23.593056,-46.686667,BR,heliport,Brasil,ANAC_helipontos
SDTH,SDTH,Fazenda Tamanduá,BRASNORTE,MT,-13.14,-57.576667,BR,private_aerodrome,Brasil,ANAC_privados
SDTJ,SDTJ,Edifício Atrium  V,SÃO PAULO,São Paulo,-23.594722,-46.685,BR,heliport,Brasil,ANAC_helipontos
SDTM,SDTM,Crystal Tower,BARUERI,São Paulo,-23.493333,-46.852778,BR,heliport,Brasil,ANAC_helipontos
SDTN,SDTN,REC Berrini TNU,SÃO PAULO,São Paulo,-23.607778,-46.696667,BR,heliport,Brasil,ANAC_helipontos
SDTO,SDTO,Fazenda Cataco,UBARANA,SP,-21.255278,-49.794722,BR,private_aerodrome,Brasil,ANAC_privados
SDTQ,SDTQ,Tribuna Square,SANTOS,São Paulo,-23.936667,-46.321667,BR,heliport,Brasil,ANAC_helipontos
SDTR,SDTR,FAZENDA TRIUNFO,VILA BELA DA SANTÍSSIMA TRINDADE,MT,-16.129722,-59.8975,BR,private_aerodrome,Brasil,ANAC_privados
SDTT,SDTT,Região das Hortênsias,GRAMADO,Rio Grande do Sul,-29.361389,-50.853056,BR,heliport,Brasil,ANAC_helipontos
SDTU,SDTU,Itaúsa,SÃO PAULO,São Paulo,-23.636389,-46.641944,BR,heliport,Brasil,ANAC_helipontos
SDTV,SDTV,Fazenda São Miguel,SÃO DESIDÉRIO,BA,-12.610833,-46.246389,BR,private_aerodrome,Brasil,ANAC_privados
SDTW,SDTW,Fazenda Mirage,SAPEZAL,MT,-13.599167,-58.523056,BR,private_aerodrome,Brasil,ANAC_privados
SDTX,SDTX,Fazenda São José,ILHA SOLTEIRA,SP,-20.541944,-51.3575,BR,private_aerodrome,Brasil,ANAC_privados
SDTY,SDTY,São Martinho S/A,PRADÓPOLIS,SP,-21.389722,-48.114722,BR,private_aerodrome,Brasil,ANAC_privados
SDTZ,SDTZ,Fazenda Fortaleza,SANTA FILOMENA,PI,-8.8705556,-45.561111,BR,private_aerodrome,Brasil,ANAC_privados
SDU1,SDU1,Fazenda Curitiba,TASSO FRAGOSO,MA,-8.6461111,-46.166111,BR,private_aerodrome,Brasil,ANAC_privados
SDU2,SDU2,CMPC Fazenda da Bota,ENCRUZILHADA DO SUL,Rio Grande do Sul,-30.466944,-52.469444,BR,heliport,Brasil,ANAC_helipontos
SDU3,SDU3,Fazenda Ipiranga,ALMAS,TO,-11.663889,-47.177222,BR,private_aerodrome,Brasil,ANAC_privados
SDU4,SDU4,IBMG,BELMONTE,BA,-15.860833,-39.28,BR,private_aerodrome,Brasil,ANAC_privados
SDU5,SDU5,Paulinho Aviação,REDENÇÃO,PA,-8.0516667,-49.991111,BR,private_aerodrome,Brasil,ANAC_privados
SDU6,SDU6,POUSADA ACARÍ,NOVO ARIPUANÃ,AM,-5.7786111,-59.9275,BR,private_aerodrome,Brasil,ANAC_privados
SDU7,SDU7,Casa das Onças,BARÃO DE MELGAÇO,MT,-17.1525,-56.57,BR,private_aerodrome,Brasil,ANAC_privados
SDU8,SDU8,Terroir,GARIBALDI,Rio Grande do Sul,-29.208333,-51.56,BR,heliport,Brasil,ANAC_helipontos
SDU9,SDU9,Br Log Queimados,QUEIMADOS,Rio de Janeiro,-22.741389,-43.538889,BR,heliport,Brasil,ANAC_helipontos
SDUA,SDUA,Vale do Curuá,NOVO PROGRESSO,PA,-7.0383333,-55.3925,BR,private_aerodrome,Brasil,ANAC_privados
SDUD,SDUD,Usina Santa Adélia,JABOTICABAL,SP,-21.332222,-48.316389,BR,private_aerodrome,Brasil,ANAC_privados
SDUE,SDUE,Fazenda Thália,BALSA NOVA,PR,-25.516667,-49.7,BR,private_aerodrome,Brasil,ANAC_privados
SDUH,SDUH,Villa Otto Baumgart,CAMPOS DO JORDÃO,São Paulo,-22.743611,-45.563056,BR,heliport,Brasil,ANAC_helipontos
SDUI,SDUI,Centro Empresarial Iudice,SÃO PAULO,São Paulo,-23.513611,-46.694722,BR,heliport,Brasil,ANAC_helipontos
SDUJ,SDUJ,Millennium,SÃO PAULO,São Paulo,-23.583056,-46.683333,BR,heliport,Brasil,ANAC_helipontos
SDUL,SDUL,Usina Santa Lydia,RIBEIRÃO PRETO,SP,-21.201667,-47.921389,BR,private_aerodrome,Brasil,ANAC_privados
SDUM,SDUM,Usina Vale do Pontal,LIMEIRA DO OESTE,MG,-19.321944,-50.790278,BR,private_aerodrome,Brasil,ANAC_privados
SDUO,SDUO,Parque Logístico do Sudoeste,VITÓRIA DA CONQUISTA,Bahia,-14.911667,-40.87,BR,heliport,Brasil,ANAC_helipontos
SDUP,SDUP,Hotel Portobello,MANGARATIBA,Rio de Janeiro,-22.949167,-44.074444,BR,heliport,Brasil,ANAC_helipontos
SDUR,SDUR,Itaboraí,ITABORAÍ,RJ,-22.712778,-42.842222,BR,private_aerodrome,Brasil,ANAC_privados
SDUS,SDUS,Fazenda Sucuri,MACHADINHO D'OESTE,RO,-9.1905556,-61.770556,BR,private_aerodrome,Brasil,ANAC_privados
SDUU,SDUU,Usina Califórnia,PARAPUÃ,SP,-21.911111,-50.868056,BR,private_aerodrome,Brasil,ANAC_privados
SDUW,SDUW,Fazenda Sertãozinho,BOTELHOS,Minas Gerais,-21.643056,-46.345278,BR,heliport,Brasil,ANAC_helipontos
SDUX,SDUX,Havan,BRUSQUE,Santa Catarina,-27.106944,-48.907222,BR,heliport,Brasil,ANAC_helipontos
SDUY,SDUY,Mairowy,APIACÁS,MT,-7.9588889,-57.840278,BR,private_aerodrome,Brasil,ANAC_privados
SDUZ,SDUZ,Fazenda Fortaleza,TAUBATÉ,São Paulo,-23.178611,-45.471111,BR,heliport,Brasil,ANAC_helipontos
SDV1,SDV1,Fazenda Viscal,ARAGUAÇU,TO,-12.840278,-49.961111,BR,private_aerodrome,Brasil,ANAC_privados
SDV2,SDV2,Heliponto Privado Ninho do Pássaro IV,CAMBORIÚ,Santa Catarina,-27.004167,-48.645833,BR,heliport,Brasil,ANAC_helipontos
SDV3,SDV3,Fazenda Água Fria,SANDOLÂNDIA,TO,-12.403056,-50.063889,BR,private_aerodrome,Brasil,ANAC_privados
SDV4,SDV4,Gládia Girão,LIMOEIRO DO NORTE,CE,-5.2233333,-38.016111,BR,private_aerodrome,Brasil,ANAC_privados
SDV5,SDV5,FAZENDA PRECIOSA,QUERÊNCIA,MT,-11.962778,-52.911389,BR,private_aerodrome,Brasil,ANAC_privados
SDV6,SDV6,Fazenda Vitória,MARCELÂNDIA,MT,-11.079722,-53.835,BR,private_aerodrome,Brasil,ANAC_privados
SDV7,SDV7,Reserva Acurizal,CORUMBÁ,MS,-17.833056,-57.553889,BR,private_aerodrome,Brasil,ANAC_privados
SDV8,SDV8,FAZENDA CASA VERDE,MONTE ALEGRE,PA,-1.4113889,-54.124167,BR,private_aerodrome,Brasil,ANAC_privados
SDV9,SDV9,FAZENDA BAIXÃO VERDE,ALMAS,TO,-11.199722,-47.324167,BR,private_aerodrome,Brasil,ANAC_privados
SDVA,SDVA,Fazenda Campo Vitória,VARGEM GRANDE DO SUL,SP,-21.842778,-46.932778,BR,private_aerodrome,Brasil,ANAC_privados
SDVB,SDVB,INA Brasil,SOROCABA,São Paulo,-23.435833,-47.414444,BR,heliport,Brasil,ANAC_helipontos
SDVC,SDVC,Valda Costa,MARAGOGI,Alagoas,-8.9177778,-35.164167,BR,heliport,Brasil,ANAC_helipontos
SDVD,SDVD,Vila Real,PETRÓPOLIS,Rio de Janeiro,-22.409167,-43.148056,BR,heliport,Brasil,ANAC_helipontos
SDVF,SDVF,Santo Antônio do Pão,UIRAMUTÃ,RR,4.58972222,-60.181389,BR,private_aerodrome,Brasil,ANAC_privados
SDVH,SDVH,Vale Eldorado,BRAGANÇA PAULISTA,SP,-23.005278,-46.636667,BR,private_aerodrome,Brasil,ANAC_privados
SDVI,SDVI,Comandante Gastão,TANGARÁ DA SERRA,MT,-14.645556,-57.502778,BR,private_aerodrome,Brasil,ANAC_privados
SDVJ,SDVJ,Fazenda Santa Marta,SANTA MARIA DAS BARREIRAS,PA,-8.6594444,-50.455556,BR,private_aerodrome,Brasil,ANAC_privados
SDVK,SDVK,Fazenda São Pedro,NOVA ANDRADINA,MS,-21.794722,-53.474444,BR,private_aerodrome,Brasil,ANAC_privados
SDVL,SDVL,Casa da Pedra,PORTO FELIZ,São Paulo,-23.335556,-47.425556,BR,heliport,Brasil,ANAC_helipontos
SDVM,SDVM,Fazenda Minas Gerais,PONTES E LACERDA,MT,-14.773056,-59.0475,BR,private_aerodrome,Brasil,ANAC_privados
SDVN,SDVN,S.M.S.,CAMPOS DO JORDÃO,São Paulo,-22.689444,-45.552778,BR,heliport,Brasil,ANAC_helipontos
SDVO,SDVO,Clube Voart,ARAGUAÍNA,TO,-7.2869444,-48.134444,BR,private_aerodrome,Brasil,ANAC_privados
SDVP,SDVP,São Luiz Cotingo,UIRAMUTÃ,RR,4.33388889,-60.493611,BR,private_aerodrome,Brasil,ANAC_privados
SDVQ,SDVQ,Fazenda Cabeceira Verde,CAMPOS LINDOS,TO,-8.1563889,-46.738611,BR,private_aerodrome,Brasil,ANAC_privados
SDVR,SDVR,Pátio Victor Malzoni,SÃO PAULO,São Paulo,-23.586667,-46.681667,BR,heliport,Brasil,ANAC_helipontos
SDVS,SDVS,Fazenda Vassoural,PONTAL,SP,-21.074167,-48.031111,BR,private_aerodrome,Brasil,ANAC_privados
SDVT,SDVT,Fazenda Campo Verde,TAQUARUSSU,MS,-22.651667,-53.507778,BR,private_aerodrome,Brasil,ANAC_privados
SDVU,SDVU,Conde Francisco Matarazzo,SÃO PAULO,São Paulo,-23.563333,-46.652778,BR,heliport,Brasil,ANAC_helipontos
SDVV,SDVV,Cragea-Suzano,SUZANO,São Paulo,-23.641944,-46.322222,BR,heliport,Brasil,ANAC_helipontos
SDVW,SDVW,Volkswagen do Brasil - Fábrica III,TAUBATÉ,São Paulo,-23.056944,-45.631944,BR,heliport,Brasil,ANAC_helipontos
SDVX,SDVX,Fazenda Santa Amália,ALTA FLORESTA,MT,-10.307778,-56.579167,BR,private_aerodrome,Brasil,ANAC_privados
SDVY,SDVY,Vitalli,AVANHANDAVA,SP,-21.522222,-49.995833,BR,private_aerodrome,Brasil,ANAC_privados
SDVZ,SDVZ,Kareli,PARELHAS,RN,-6.6405556,-36.653611,BR,private_aerodrome,Brasil,ANAC_privados
SDW1,SDW1,Fazenda Vale Do Sol,RIO BRILHANTE,MS,-21.828333,-54.130833,BR,private_aerodrome,Brasil,ANAC_privados
SDW2,SDW2,Fazenda Santa Isabel,AQUIDAUANA,MS,-19.930833,-55.671667,BR,private_aerodrome,Brasil,ANAC_privados
SDW3,SDW3,FAZENDA ITANGUÁ,ITAPEVA,SP,-24.029722,-48.973889,BR,private_aerodrome,Brasil,ANAC_privados
SDW4,SDW4,MNTB,CRUZEIRO DO SUL,Acre,-7.5822222,-72.731111,BR,heliport,Brasil,ANAC_helipontos
SDW5,SDW5,Fazenda Roso,BARREIRAS,BA,-11.658056,-46.185278,BR,private_aerodrome,Brasil,ANAC_privados
SDW6,SDW6,AERÓDROMO CEOLIN GRÃOS E FIBRA,SÃO DESIDÉRIO,BA,-13.248611,-45.854722,BR,private_aerodrome,Brasil,ANAC_privados
SDW7,SDW7,FAZENDA JÓIA,SANTA RITA DO TOCANTINS,TO,-10.84,-49.468333,BR,private_aerodrome,Brasil,ANAC_privados
SDW8,SDW8,FAZENDA MARCA MACHO,ARIPUANÃ,MT,-10.053889,-59.219167,BR,private_aerodrome,Brasil,ANAC_privados
SDW9,SDW9,FAZENDA SANTA VERÔNICA,PORTO DOS GAÚCHOS,MT,-11.942222,-56.453889,BR,private_aerodrome,Brasil,ANAC_privados
SDWA,SDWA,Aerogalo,ANGRA DOS REIS,Rio de Janeiro,-23.041667,-44.193333,BR,heliport,Brasil,ANAC_helipontos
SDWB,SDWB,CYK,SÃO PAULO,São Paulo,-23.566111,-46.651667,BR,heliport,Brasil,ANAC_helipontos
SDWC,SDWC,Agropastoril Bom Pastor,RONDONÓPOLIS,MT,-16.466944,-54.713889,BR,private_aerodrome,Brasil,ANAC_privados
SDWD,SDWD,Reik - Campos do Jordão,CAMPOS DO JORDÃO,São Paulo,-22.709167,-45.543889,BR,heliport,Brasil,ANAC_helipontos
SDWE,SDWE,Fazenda Palmeiras,CORUMBÁ,MS,-18.933333,-57.049167,BR,private_aerodrome,Brasil,ANAC_privados
SDWF,SDWF,SAPAN,PACARAIMA,RR,4.57416667,-60.739722,BR,private_aerodrome,Brasil,ANAC_privados
SDWG,SDWG,Fazenda Santa Maria,SÃO DESIDÉRIO,BA,-13.059167,-45.132778,BR,private_aerodrome,Brasil,ANAC_privados
SDWH,SDWH,Fazenda Avanhandava,JOSÉ BONIFÁCIO,SP,-21.189444,-49.936944,BR,private_aerodrome,Brasil,ANAC_privados
SDWI,SDWI,Fazenda Lagoa do Cavalo,GRAVATÁ,PE,-8.1716667,-35.634444,BR,private_aerodrome,Brasil,ANAC_privados
SDWJ,SDWJ,Fazenda Protetor,CAMPO NOVO DO PARECIS,MT,-13.329167,-58.041944,BR,private_aerodrome,Brasil,ANAC_privados
SDWK,SDWK,Junqueira,IGARAPAVA,SP,-20.001667,-47.7675,BR,private_aerodrome,Brasil,ANAC_privados
SDWM,SDWM,Fazenda Modelo,AURORA DO PARÁ,PA,-2.2652778,-47.595278,BR,private_aerodrome,Brasil,ANAC_privados
SDWN,SDWN,Fazenda Barreiro Grande,COLÔMBIA,SP,-20.348056,-48.775278,BR,private_aerodrome,Brasil,ANAC_privados
SDWO,SDWO,SAUBA,AMAJARI,RR,3.86388889,-62.579722,BR,private_aerodrome,Brasil,ANAC_privados
SDWP,SDWP,Pontal de Itapirapuan,ANGRA DOS REIS,Rio de Janeiro,-22.957778,-44.338056,BR,heliport,Brasil,ANAC_helipontos
SDWR,SDWR,Fazenda Rio Preto,SÃO FÉLIX DO ARAGUAIA,MT,-11.475556,-51.687222,BR,private_aerodrome,Brasil,ANAC_privados
SDWS,SDWS,Helicentro ALLTA,BARUERI,São Paulo,-23.502778,-46.919167,BR,heliport,Brasil,ANAC_helipontos
SDWT,SDWT,World Trade Center,SÃO PAULO,São Paulo,-23.609167,-46.696111,BR,heliport,Brasil,ANAC_helipontos
SDWU,SDWU,Fazenda Anahí,PORTO MURTINHO,MS,-21.701944,-57.740278,BR,private_aerodrome,Brasil,ANAC_privados
SDWV,SDWV,Chácara Maringá,SENADOR JOSÉ PORFÍRIO,PA,-2.5727778,-51.953611,BR,private_aerodrome,Brasil,ANAC_privados
SDWW,SDWW,Milano,FLORIANÓPOLIS,Santa Catarina,-27.5875,-48.5425,BR,heliport,Brasil,ANAC_helipontos
SDWY,SDWY,Caridade,SANTA MARIA,Rio Grande do Sul,-29.691667,-53.805833,BR,heliport,Brasil,ANAC_helipontos
SDWZ,SDWZ,Palo Verde,ARAÇATUBA,SP,-21.191389,-50.561667,BR,private_aerodrome,Brasil,ANAC_privados
SDX1,SDX1,Fazenda Entre Rios,GAÚCHA DO NORTE,MT,-13.176389,-53.951944,BR,private_aerodrome,Brasil,ANAC_privados
SDX2,SDX2,AERÓDROMO FAZENDA SÃO JOSÉ,FORMOSA DO RIO PRETO,BA,-11.408889,-45.6225,BR,private_aerodrome,Brasil,ANAC_privados
SDX3,SDX3,FAZENDA CRISTAL,NAVIRAÍ,MS,-22.788889,-54.036389,BR,private_aerodrome,Brasil,ANAC_privados
SDX4,SDX4,Canto do Buriti,CANTO DO BURITI,PI,-8.1261111,-42.99,BR,private_aerodrome,Brasil,ANAC_privados
SDX5,SDX5,Fazenda Maringá,AQUIDAUANA,MS,-19.585,-56.000556,BR,private_aerodrome,Brasil,ANAC_privados
SDX6,SDX6,Sítio Enel,PANTANO GRANDE,RS,-30.1375,-52.364167,BR,private_aerodrome,Brasil,ANAC_privados
SDX7,SDX7,ALEGRETENSE,ALEGRETE,RS,-29.804444,-55.785833,BR,private_aerodrome,Brasil,ANAC_privados
SDX8,SDX8,Blue,TIMBÓ,Santa Catarina,-26.849722,-49.256667,BR,heliport,Brasil,ANAC_helipontos
SDX9,SDX9,Ribeiro Gonçalves,RIBEIRO GONÇALVES,PI,-7.5813889,-45.210278,BR,private_aerodrome,Brasil,ANAC_privados
SDXA,SDXA,SAWI,NORMANDIA,RR,4.21194444,-60.004444,BR,private_aerodrome,Brasil,ANAC_privados
SDXB,SDXB,Piracuruca,PIRACURUCA,PI,-3.8913889,-41.710833,BR,private_aerodrome,Brasil,ANAC_privados
SDXD,SDXD,Fazenda Guará,JABORANDI,BA,-14.639722,-45.804722,BR,private_aerodrome,Brasil,ANAC_privados
SDXE,SDXE,Jeremias de Paula Martins,JABOTICABAL,SP,-21.263333,-48.355278,BR,private_aerodrome,Brasil,ANAC_privados
SDXG,SDXG,Seringueiras Tradição,SERINGUEIRAS,Rondônia,-11.763611,-63.021667,BR,heliport,Brasil,ANAC_helipontos
SDXH,SDXH,Gandini,ITU,São Paulo,-23.251389,-47.326944,BR,heliport,Brasil,ANAC_helipontos
SDXI,SDXI,Cel Porto,CAMAPUÃ,MS,-19.138889,-53.703889,BR,private_aerodrome,Brasil,ANAC_privados
SDXM,SDXM,Monte Cristo,MONTE BELO,MG,-21.363056,-46.400833,BR,private_aerodrome,Brasil,ANAC_privados
SDXN,SDXN,Parada Havan,BARRA VELHA,Santa Catarina,-26.634444,-48.700556,BR,heliport,Brasil,ANAC_helipontos
SDXP,SDXP,Guararema Parque Hotel,GUARAREMA,São Paulo,-23.424167,-46.020278,BR,heliport,Brasil,ANAC_helipontos
SDXQ,SDXQ,Internacional Plaza II,SÃO PAULO,São Paulo,-23.591111,-46.682222,BR,heliport,Brasil,ANAC_helipontos
SDXS,SDXS,Piquiri Aero Agrícola,JUARA,MT,-11.229167,-57.498611,BR,private_aerodrome,Brasil,ANAC_privados
SDXT,SDXT,Encontro das Águas,SÃO MANUEL,São Paulo,-22.614722,-48.387778,BR,heliport,Brasil,ANAC_helipontos
SDXU,SDXU,Fazenda Relu,GAÚCHA DO NORTE,MT,-13.626667,-53.264722,BR,private_aerodrome,Brasil,ANAC_privados
SDXW,SDXW,Fazenda Sombra da Serra,RIO VERDE DE MATO GROSSO,MS,-18.996667,-55.132778,BR,private_aerodrome,Brasil,ANAC_privados
SDXX,SDXX,Fazenda Santa Vitória,QUELUZ,São Paulo,-22.510278,-44.748333,BR,heliport,Brasil,ANAC_helipontos
SDXY,SDXY,Sitio Cajuapara,ITINGA DO MARANHÃO,MA,-4.5647222,-47.544722,BR,private_aerodrome,Brasil,ANAC_privados
SDXZ,SDXZ,Fazenda Agrorosso,SÃO MIGUEL DO PASSA QUATRO,GO,-16.928889,-48.683333,BR,private_aerodrome,Brasil,ANAC_privados
SDY2,SDY2,FAZENDA BOA SAFRA,BOM JESUS DE GOIÁS,GO,-18.1525,-49.929722,BR,private_aerodrome,Brasil,ANAC_privados
SDY3,SDY3,FAZENDA RIO SUIÁ,QUERÊNCIA,MT,-12.370833,-52.120278,BR,private_aerodrome,Brasil,ANAC_privados
SDY4,SDY4,Fazenda Bom Pai,PADRE BERNARDO,GO,-15.31,-48.4075,BR,private_aerodrome,Brasil,ANAC_privados
SDY6,SDY6,FAZENDA MALASKA,MURICILÂNDIA,TO,-6.9480556,-48.808611,BR,private_aerodrome,Brasil,ANAC_privados
SDY7,SDY7,FAZENDA TRÊS IRMÃOS,JURUENA,MT,-10.225278,-58.701944,BR,private_aerodrome,Brasil,ANAC_privados
SDY8,SDY8,Fazenda Círculo R,ARAGUAÇU,TO,-12.646667,-49.410833,BR,private_aerodrome,Brasil,ANAC_privados
SDY9,SDY9,FAZENDA CENTRO OESTE,BRASNORTE,MT,-12.576111,-57.654444,BR,private_aerodrome,Brasil,ANAC_privados
SDYA,SDYA,Carmo Couri,SÃO PAULO,São Paulo,-23.596667,-46.685278,BR,heliport,Brasil,ANAC_helipontos
SDYB,SDYB,Fazenda São José do Bom Retiro,ITAPETININGA,SP,-23.784444,-48.338333,BR,private_aerodrome,Brasil,ANAC_privados
SDYC,SDYC,Amarras,ARMAÇÃO DOS BÚZIOS,Rio de Janeiro,-22.774722,-41.901667,BR,heliport,Brasil,ANAC_helipontos
SDYD,SDYD,Senna,ANGRA DOS REIS,Rio de Janeiro,-23.04,-44.196389,BR,heliport,Brasil,ANAC_helipontos
SDYE,SDYE,Fazenda São Diego,FORMOSA DO RIO PRETO,BA,-10.628056,-45.744167,BR,private_aerodrome,Brasil,ANAC_privados
SDYF,SDYF,Fazenda Irmãos Munaretto,LUCAS DO RIO VERDE,MT,-13.106667,-55.993056,BR,private_aerodrome,Brasil,ANAC_privados
SDYG,SDYG,Fazenda Rosa do Deserto,UBAÍRA,BA,-13.239167,-39.759722,BR,private_aerodrome,Brasil,ANAC_privados
SDYH,SDYH,José Roberto Magalhães Teixeira,CAMPINAS,São Paulo,-22.929167,-47.082778,BR,heliport,Brasil,ANAC_helipontos
SDYI,SDYI,Fazenda Buritiz,SÃO GONÇALO DO ABAETÉ,MG,-17.918056,-45.420556,BR,private_aerodrome,Brasil,ANAC_privados
SDYJ,SDYJ,JOSÉ MARTINS DA SILVA,REGENTE FEIJÓ,SP,-22.226111,-51.348333,BR,private_aerodrome,Brasil,ANAC_privados
SDYK,SDYK,Tower 2000,NITERÓI,Rio de Janeiro,-22.892222,-43.118056,BR,heliport,Brasil,ANAC_helipontos
SDYM,SDYM,Mater Dei - Contorno,BELO HORIZONTE,Minas Gerais,-19.926944,-43.957778,BR,heliport,Brasil,ANAC_helipontos
SDYN,SDYN,Fazenda Esmeralda,TACIBA,SP,-22.584444,-51.304444,BR,private_aerodrome,Brasil,ANAC_privados
SDYP,SDYP,Piracaia,PIRACAIA,São Paulo,-22.985833,-46.334167,BR,heliport,Brasil,ANAC_helipontos
SDYQ,SDYQ,Fazenda Querência,RIO VERDE DE MATO GROSSO,MS,-18.854167,-54.672778,BR,private_aerodrome,Brasil,ANAC_privados
SDYS,SDYS,Aeroportobelo,PORTO BELO,SC,-27.175,-48.631667,BR,private_aerodrome,Brasil,ANAC_privados
SDYT,SDYT,Tucuxim,AMAJARI,RR,3.76388889,-63.986944,BR,private_aerodrome,Brasil,ANAC_privados
SDYU,SDYU,Pericó Vinícola,SÃO JOAQUIM,Santa Catarina,-28.298889,-49.9225,BR,heliport,Brasil,ANAC_helipontos
SDYV,SDYV,SECOVI,SÃO PAULO,São Paulo,-23.603611,-46.648056,BR,heliport,Brasil,ANAC_helipontos
SDYW,SDYW,Luzilandia,LUZILÂNDIA,PI,-3.5372222,-42.3725,BR,private_aerodrome,Brasil,ANAC_privados
SDYY,SDYY,Business Center Renascença,SÃO LUÍS,Maranhão,-2.4986111,-44.284722,BR,heliport,Brasil,ANAC_helipontos
SDYZ,SDYZ,Kuka,SÃO PAULO,São Paulo,-23.569167,-46.601389,BR,heliport,Brasil,ANAC_helipontos
SDZ1,SDZ1,Citropar,CAPITÃO POÇO,Pará,-1.8052778,-47.2,BR,heliport,Brasil,ANAC_helipontos
SDZ2,SDZ2,Estância Clarisse,SIDROLÂNDIA,MS,-21.158889,-54.727778,BR,private_aerodrome,Brasil,ANAC_privados
SDZ3,SDZ3,UQ Pouso Alegre,POUSO ALEGRE,Minas Gerais,-22.273333,-45.923056,BR,heliport,Brasil,ANAC_helipontos
SDZ4,SDZ4,Fazenda Água Boa,ANANÁS,TO,-6.1605556,-48.219167,BR,private_aerodrome,Brasil,ANAC_privados
SDZ5,SDZ5,FAZENDA BARREIRA DA PAZ,LIZARDA,TO,-9.0813889,-47.2175,BR,private_aerodrome,Brasil,ANAC_privados
SDZ6,SDZ6,Aldeia Kumarumã,OIAPOQUE,AP,3.38583333,-51.299444,BR,private_aerodrome,Brasil,ANAC_privados
SDZ7,SDZ7,FAZENDA ECOTECA - MINERAÇÃO SÃO FRANCISCO,COLNIZA,MT,-9.1913889,-61.385833,BR,private_aerodrome,Brasil,ANAC_privados
SDZ8,SDZ8,FAZENDA SANTA MARIA,SANTA MARIA DAS BARREIRAS,PA,-8.5719444,-50.305278,BR,private_aerodrome,Brasil,ANAC_privados
SDZ9,SDZ9,FAZENDA VALE DOS SONHOS,PARANATINGA,MT,-13.7375,-53.808333,BR,private_aerodrome,Brasil,ANAC_privados
SDZA,SDZA,Península,BRASÍLIA,Distrito Federal,-15.830278,-47.866667,BR,heliport,Brasil,ANAC_helipontos
SDZB,SDZB,ICS - Guarujá,GUARUJÁ,São Paulo,-23.985556,-46.284444,BR,heliport,Brasil,ANAC_helipontos
SDZC,SDZC,Uxiu,MUCAJAÍ,RR,2.70805556,-62.668889,BR,private_aerodrome,Brasil,ANAC_privados
SDZD,SDZD,ABB Sorocaba,SOROCABA,São Paulo,-23.425278,-47.361944,BR,heliport,Brasil,ANAC_helipontos
SDZE,SDZE,Ita,ITAPECERICA DA SERRA,São Paulo,-23.701389,-46.828611,BR,heliport,Brasil,ANAC_helipontos
SDZH,SDZH,Fazenda Santa Helena,PINDAMONHANGABA,SP,-22.890278,-45.492778,BR,private_aerodrome,Brasil,ANAC_privados
SDZI,SDZI,Fazenda Trijunção,JABORANDI,BA,-14.795278,-46.005,BR,private_aerodrome,Brasil,ANAC_privados
SDZJ,SDZJ,Fly Green,JAÍBA,Minas Gerais,-15.283889,-43.831111,BR,heliport,Brasil,ANAC_helipontos
SDZK,SDZK,Waphuta,ALTO ALEGRE,RR,2.99166667,-63.709722,BR,private_aerodrome,Brasil,ANAC_privados
SDZL,SDZL,Fazenda Campo Zélia,CORUMBÁ,MS,-18.6075,-55.69,BR,private_aerodrome,Brasil,ANAC_privados
SDZM,SDZM,Zimba D. Pedro I,ITATIBA,São Paulo,-23.033889,-46.733611,BR,heliport,Brasil,ANAC_helipontos
SDZN,SDZN,Warogarem,UIRAMUTÃ,RR,4.80611111,-60.219444,BR,private_aerodrome,Brasil,ANAC_privados
SDZO,SDZO,Waromada,UIRAMUTÃ,RR,4.5775,-60.443611,BR,private_aerodrome,Brasil,ANAC_privados
SDZP,SDZP,Ninho do Pássaro III,INDAIAL,Santa Catarina,-26.885278,-49.243056,BR,heliport,Brasil,ANAC_helipontos
SDZQ,SDZQ,Zen Tower,ITAJAÍ,Santa Catarina,-26.905,-48.656944,BR,heliport,Brasil,ANAC_helipontos
SDZR,SDZR,SESI-FIESP,SÃO PAULO,São Paulo,-23.563611,-46.654722,BR,heliport,Brasil,ANAC_helipontos
SDZS,SDZS,Serra Branca Agrícola,URUÇUÍ,PI,-8.0119444,-44.722222,BR,private_aerodrome,Brasil,ANAC_privados
SDZT,SDZT,Pravda,BARUERI,São Paulo,-23.497222,-46.846111,BR,heliport,Brasil,ANAC_helipontos
SDZU,SDZU,Fazenda Anhumas,MARABÁ PAULISTA,SP,-22.1225,-52.197778,BR,private_aerodrome,Brasil,ANAC_privados
SDZV,SDZV,Fazenda Lagoa Vermelha,TESOURO,MT,-16.231944,-53.419167,BR,private_aerodrome,Brasil,ANAC_privados
SDZW,SDZW,Jonis Pereco,BURITIZEIRO,MG,-17.591667,-45.049167,BR,private_aerodrome,Brasil,ANAC_privados
SDZX,SDZX,Fazenda Suri,CAMPINÁPOLIS,MT,-14.813333,-53.124167,BR,private_aerodrome,Brasil,ANAC_privados
SDZZ,SDZZ,Sítio São José,NOVA EUROPA,SP,-21.797778,-48.543889,BR,private_aerodrome,Brasil,ANAC_privados
SI07,SI07,Estancia Brasil,AQUIDAUANA,MS,-19.761667,-55.599722,BR,private_aerodrome,Brasil,ANAC_privados
SI0M,SI0M,Inhotim,BRUMADINHO,Minas Gerais,-20.126667,-44.214167,BR,heliport,Brasil,ANAC_helipontos
SI10,SI10,Fazenda Marcelo - Agrocuca,ORTIGUEIRA,Paraná,-24.200556,-50.755,BR,heliport,Brasil,ANAC_helipontos
SI11,SI11,FAZENDA BELA VISTA,CASSILÂNDIA,MS,-19.321389,-52.280278,BR,private_aerodrome,Brasil,ANAC_privados
SI12,SI12,Villa Cora,JARAGUÁ DO SUL,Santa Catarina,-26.509167,-49.114167,BR,heliport,Brasil,ANAC_helipontos
SI13,SI13,FAZENDA PLANALTO,CONCEIÇÃO DAS ALAGOAS,MG,-19.875278,-48.496944,BR,private_aerodrome,Brasil,ANAC_privados
SI14,SI14,DITO FARIA,PALMAS,Tocantins,-10.225833,-48.311944,BR,heliport,Brasil,ANAC_helipontos
SI15,SI15,Grupo Bifon Airport,SÃO FÉLIX DE BALSAS,MA,-7.2519444,-44.739722,BR,private_aerodrome,Brasil,ANAC_privados
SI16,SI16,Fazenda Telles Pires,NOVA CANAÃ DO NORTE,MT,-10.663056,-55.755,BR,private_aerodrome,Brasil,ANAC_privados
SI17,SI17,Fazenda São Francisco,JABORANDI,BA,-13.998889,-45.578611,BR,private_aerodrome,Brasil,ANAC_privados
SI18,SI18,Lagoa do Japonês,PINDORAMA DO TOCANTINS,Tocantins,-11.365556,-47.561111,BR,heliport,Brasil,ANAC_helipontos
SI19,SI19,FAZENDA ENTRE RIOS,PARANAÍTA,MT,-9.4661111,-56.438333,BR,private_aerodrome,Brasil,ANAC_privados
SI1A,SI1A,Hospital Estadual de Franca,FRANCA,São Paulo,-20.558889,-47.380833,BR,heliport,Brasil,ANAC_helipontos
SI1C,SI1C,Fazenda Verdana,ITATINGA,São Paulo,-23.080278,-48.622778,BR,heliport,Brasil,ANAC_helipontos
SI1D,SI1D,FORTALEZA,DIVINOLÂNDIA,São Paulo,-21.58,-46.748889,BR,heliport,Brasil,ANAC_helipontos
SI1E,SI1E,Fazenda Califórnia,MOJU,PA,-3.1383333,-48.928056,BR,private_aerodrome,Brasil,ANAC_privados
SI1G,SI1G,HARAS ESPERA FELIZ,RIO BONITO,Rio de Janeiro,-22.808056,-42.490556,BR,heliport,Brasil,ANAC_helipontos
SI1H,SI1H,FAZENDA SANTA VITÓRIA,SANTA VITÓRIA,MG,-18.762778,-50.243889,BR,private_aerodrome,Brasil,ANAC_privados
SI22,SI22,Fazenda Santa Helena,CORUMBÁ,MS,-18.304167,-55.651667,BR,private_aerodrome,Brasil,ANAC_privados
SI23,SI23,Fazenda Água Fina,ROSÁRIO OESTE,MT,-14.504444,-55.492778,BR,private_aerodrome,Brasil,ANAC_privados
SI24,SI24,Fazenda Cambará,ÁGUA CLARA,MS,-20.138056,-52.985,BR,private_aerodrome,Brasil,ANAC_privados
SI25,SI25,Pista Pavarina,MAUÉS,AM,-5.98,-58.539722,BR,private_aerodrome,Brasil,ANAC_privados
SI26,SI26,Fazenda Nova Esperança,SANTANA DO ARAGUAIA,PA,-9.0083333,-50.9975,BR,private_aerodrome,Brasil,ANAC_privados
SI27,SI27,SS,RIO VERDE DE MATO GROSSO,MS,-18.62,-54.710556,BR,private_aerodrome,Brasil,ANAC_privados
SI28,SI28,MASTERBOI,CANHOTINHO,Pernambuco,-8.8477778,-36.166944,BR,heliport,Brasil,ANAC_helipontos
SI29,SI29,Fazenda Vereda,BURITIZEIRO,MG,-17.276944,-45.3525,BR,private_aerodrome,Brasil,ANAC_privados
SI2A,SI2A,Canduá II,UNAÍ,MG,-15.842778,-46.51,BR,private_aerodrome,Brasil,ANAC_privados
SI2B,SI2B,FAZENDA CONQUISTA,CURRALINHOS,PI,-5.5444444,-42.828333,BR,private_aerodrome,Brasil,ANAC_privados
SI2C,SI2C,FAZENDA RECANTO,ITIQUIRA,MT,-17.490278,-54.163333,BR,private_aerodrome,Brasil,ANAC_privados
SI2D,SI2D,Aldeia Yawa,ORIXIMINÁ,PA,-1.3591667,-56.13,BR,private_aerodrome,Brasil,ANAC_privados
SI2E,SI2E,Fazenda Embú,NOVA MONTE VERDE,MT,-9.7858333,-57.621944,BR,private_aerodrome,Brasil,ANAC_privados
SI2F,SI2F,FAZENDA TARUMÃ,SANTA MARIA DAS BARREIRAS,PA,-8.65,-50.875556,BR,private_aerodrome,Brasil,ANAC_privados
SI2G,SI2G,AERÓDROMO FAZENDA SÃO JOÃO,MARIANÓPOLIS DO TOCANTINS,TO,-9.7255556,-49.779444,BR,private_aerodrome,Brasil,ANAC_privados
SI2H,SI2H,Aldeia Pedra da Onça,ÓBIDOS,PA,1.44055556,-55.658611,BR,private_aerodrome,Brasil,ANAC_privados
SI2I,SI2I,Fazenda Bandeirantes,GOIATUBA,GO,-17.986389,-49.539167,BR,private_aerodrome,Brasil,ANAC_privados
SI2J,SI2J,AERÓDROMO KARLA SOPHYA,PORTO MURTINHO,MS,-21.949722,-57.914722,BR,private_aerodrome,Brasil,ANAC_privados
SI2K,SI2K,Fazenda Bom Jesus,VISEU,PA,-1.6977778,-46.769722,BR,private_aerodrome,Brasil,ANAC_privados
SI2L,SI2L,CBF,TERESÓPOLIS,Rio de Janeiro,-22.449444,-42.977222,BR,heliport,Brasil,ANAC_helipontos
SI2M,SI2M,Residencial Fornagieri,PARANAVAÍ,Paraná,-23.1,-52.470278,BR,heliport,Brasil,ANAC_helipontos
SI2N,SI2N,Dom Bill,MONTES CLAROS DE GOIÁS,GO,-16.025833,-51.720278,BR,private_aerodrome,Brasil,ANAC_privados
SI2O,SI2O,Sítio Biguá,VITÓRIA DA CONQUISTA,BA,-14.887222,-40.738056,BR,private_aerodrome,Brasil,ANAC_privados
SI2P,SI2P,Manacá,JUSSARA,GO,-15.638056,-51.572222,BR,private_aerodrome,Brasil,ANAC_privados
SI2Q,SI2Q,Fazenda Vera Cruz do Xingu,CANARANA,MT,-12.989722,-52.6425,BR,private_aerodrome,Brasil,ANAC_privados
SI2R,SI2R,FAZENDA BAGUARY,CORUMBÁ,MS,-18.574722,-57.212222,BR,private_aerodrome,Brasil,ANAC_privados
SI2S,SI2S,FAZENDA SÃO JORGE,NOVA CANAÃ DO NORTE,MT,-11.098333,-56.471111,BR,private_aerodrome,Brasil,ANAC_privados
SI2T,SI2T,JOSÉ GILBERTO PANNUNZIO,UBERLÂNDIA,MG,-19.155278,-48.391111,BR,private_aerodrome,Brasil,ANAC_privados
SI2U,SI2U,GOIS CONSTRUTORA,VALPARAÍSO DE GOIÁS,Goiás,-16.068611,-47.961667,BR,heliport,Brasil,ANAC_helipontos
SI2V,SI2V,AERODROMO FAZENDA CASARIN,COLÍDER,MT,-10.531944,-55.558611,BR,private_aerodrome,Brasil,ANAC_privados
SI2W,SI2W,Fazenda Lacy,VILA BELA DA SANTÍSSIMA TRINDADE,MT,-15.950278,-60.113056,BR,private_aerodrome,Brasil,ANAC_privados
SI2X,SI2X,Fazenda Carandá,BODOQUENA,MS,-20.613889,-56.615278,BR,private_aerodrome,Brasil,ANAC_privados
SI2Y,SI2Y,Aeroáguia Pulverização,AÇAILÂNDIA,MA,-4.7283333,-47.958333,BR,private_aerodrome,Brasil,ANAC_privados
SI2Z,SI2Z,Fazenda das Aroeiras,CORUMBÁ,MS,-20.103333,-57.299167,BR,private_aerodrome,Brasil,ANAC_privados
SI32,SI32,FAZENDA MACUCO,QUERÊNCIA,MT,-12.1025,-52.887778,BR,private_aerodrome,Brasil,ANAC_privados
SI33,SI33,FAZENDA BOA SORTE,SÃO FÉLIX DO ARAGUAIA,MT,-11.266389,-52.323889,BR,private_aerodrome,Brasil,ANAC_privados
SI34,SI34,ALDEIA XUIXUIMENE,ALMEIRIM,PA,0.851111111,-54.650278,BR,private_aerodrome,Brasil,ANAC_privados
SI36,SI36,Fazenda Lageado,RIBAS DO RIO PARDO,MS,-21.166667,-53.165278,BR,private_aerodrome,Brasil,ANAC_privados
SI37,SI37,FAZENDA LETICIA,RIO VERDE DE MATO GROSSO,MS,-18.784722,-54.816667,BR,private_aerodrome,Brasil,ANAC_privados
SI38,SI38,Aldeia Pururé,ALMEIRIM,PA,0.583333333,-54.209722,BR,private_aerodrome,Brasil,ANAC_privados
SI39,SI39,AERÓDROMO NILO BICALHO,FRANCISCO DUMONT,MG,-17.301667,-44.250278,BR,private_aerodrome,Brasil,ANAC_privados
SI3A,SI3A,Fazenda Santa Joana,ÁGUA CLARA,MS,-20.181667,-52.978889,BR,private_aerodrome,Brasil,ANAC_privados
SI3B,SI3B,GENIL MOTTA,ITIQUIRA,MT,-17.181389,-54.151667,BR,private_aerodrome,Brasil,ANAC_privados
SI3C,SI3C,Fazenda Itaúba,ALTA FLORESTA,MT,-10.458889,-56.343611,BR,private_aerodrome,Brasil,ANAC_privados
SI3D,SI3D,RICA,MAUÉS,AM,-6.0158333,-58.077222,BR,private_aerodrome,Brasil,ANAC_privados
SI3E,SI3E,Fazenda Santa Tereza,BONITO,MS,-21.217778,-56.539167,BR,private_aerodrome,Brasil,ANAC_privados
SI3F,SI3F,Fazenda Eldorado,BONITO,MS,-21.295556,-56.285278,BR,private_aerodrome,Brasil,ANAC_privados
SI3G,SI3G,Fuad Elias Nejm,CONTAGEM,Minas Gerais,-19.898056,-44.069444,BR,heliport,Brasil,ANAC_helipontos
SI3H,SI3H,Brava Beach Internacional,ITAJAÍ,Santa Catarina,-26.951944,-48.633056,BR,heliport,Brasil,ANAC_helipontos
SI3I,SI3I,BOA VISTA ESTATES,PORTO FELIZ,São Paulo,-23.325833,-47.559722,BR,heliport,Brasil,ANAC_helipontos
SI3J,SI3J,AR  TELECOM,MOCOCA,São Paulo,-21.513889,-47.024444,BR,heliport,Brasil,ANAC_helipontos
SI3K,SI3K,FAZENDA BRASNORTE,ITINGA DO MARANHÃO,MA,-4.2822222,-47.145833,BR,private_aerodrome,Brasil,ANAC_privados
SI3L,SI3L,FAZENDA NOSSA SENHORA DE FÁTIMA,RIBAS DO RIO PARDO,MS,-20.088889,-53.391667,BR,private_aerodrome,Brasil,ANAC_privados
SI3M,SI3M,Helicentro Carcará,NOVA IGUAÇU,Rio de Janeiro,-22.745278,-43.464444,BR,heliport,Brasil,ANAC_helipontos
SI3N,SI3N,FAZENDA PLATAFORMA,MATÕES,MA,-5.2533333,-43.581111,BR,private_aerodrome,Brasil,ANAC_privados
SI3O,SI3O,FAZENDA JAÚ,SÃO FÉLIX DO XINGU,PA,-7.0913889,-52.935833,BR,private_aerodrome,Brasil,ANAC_privados
SI3P,SI3P,TAF Brasil,JAGUARÉ,ES,-18.948056,-39.976667,BR,private_aerodrome,Brasil,ANAC_privados
SI3Q,SI3Q,Fazenda Cristo Rei,PACAJÁ,PA,-3.5613889,-50.633611,BR,private_aerodrome,Brasil,ANAC_privados
SI3R,SI3R,Fazenda Pinna,SÃO DESIDÉRIO,BA,-12.6675,-46.211667,BR,private_aerodrome,Brasil,ANAC_privados
SI3S,SI3S,BOLD,JARAGUÁ DO SUL,Santa Catarina,-26.441111,-49.059167,BR,heliport,Brasil,ANAC_helipontos
SI3T,SI3T,Fazenda Sankofa,CAMAPUÃ,MS,-19.594722,-53.525556,BR,private_aerodrome,Brasil,ANAC_privados
SI3U,SI3U,FAZENDA CURRAL VELHO,MATRINCHÃ,GO,-15.424444,-50.748056,BR,private_aerodrome,Brasil,ANAC_privados
SI3V,SI3V,Fazenda Boa Esperança,URUÇUÍ,PI,-8.3433333,-44.438611,BR,private_aerodrome,Brasil,ANAC_privados
SI3W,SI3W,Fazenda WZ,CORONEL SAPUCAIA,MS,-23.4875,-55.290833,BR,private_aerodrome,Brasil,ANAC_privados
SI3X,SI3X,FAZENDA NOVA ALIANÇA,FORMOSA DO RIO PRETO,BA,-10.796944,-45.626111,BR,private_aerodrome,Brasil,ANAC_privados
SI3Y,SI3Y,Fazenda Três Irmãos,SÃO FRANCISCO DE ASSIS,RS,-29.399722,-55.234444,BR,private_aerodrome,Brasil,ANAC_privados
SI42,SI42,Fazenda Lagoa Formosa,PATOS DE MINAS,MG,-18.855556,-46.593611,BR,private_aerodrome,Brasil,ANAC_privados
SI43,SI43,FAZENDA AMOREIRA,NOVA SANTA HELENA,MT,-10.834444,-54.780556,BR,private_aerodrome,Brasil,ANAC_privados
SI44,SI44,Fazenda Três Rodas da Barra,SÃO FÉLIX DO ARAGUAIA,MT,-11.384167,-52.499722,BR,private_aerodrome,Brasil,ANAC_privados
SI46,SI46,Fazenda Primavera,PEDREGULHO,SP,-20.143889,-47.556111,BR,private_aerodrome,Brasil,ANAC_privados
SI47,SI47,Fazenda Byeta,BURITICUPU,MA,-4.7222222,-46.258611,BR,private_aerodrome,Brasil,ANAC_privados
SI48,SI48,FAZENDA SÃO JOSÉ,PEIXOTO DE AZEVEDO,MT,-10.043611,-53.868611,BR,private_aerodrome,Brasil,ANAC_privados
SI49,SI49,WT Morumbi,SÃO PAULO,São Paulo,-23.623611,-46.701944,BR,heliport,Brasil,ANAC_helipontos
SI4A,SI4A,ASOR SUL CONNECT,CAXIAS DO SUL,Rio Grande do Sul,-29.218889,-51.171667,BR,heliport,Brasil,ANAC_helipontos
SI4B,SI4B,Fazenda Santa Maria,JARDIM,MS,-21.505833,-56.420278,BR,private_aerodrome,Brasil,ANAC_privados
SI4C,SI4C,Fazenda Bonito,ILHA SOLTEIRA,SP,-20.382778,-51.195556,BR,private_aerodrome,Brasil,ANAC_privados
SI4D,SI4D,NOVA BANDEIRANTES,NOVA BANDEIRANTES,MT,-9.8461111,-57.808056,BR,private_aerodrome,Brasil,ANAC_privados
SI4E,SI4E,Fazenda Lambari,COXIM,MS,-18.024167,-54.999444,BR,private_aerodrome,Brasil,ANAC_privados
SI4F,SI4F,Solag Aviação Agrícola,CASTANHEIRA,MT,-11.283333,-58.472778,BR,private_aerodrome,Brasil,ANAC_privados
SI4G,SI4G,Retiro do Chalé,BRUMADINHO,Minas Gerais,-20.205,-43.985833,BR,heliport,Brasil,ANAC_helipontos
SI4H,SI4H,Fazenda Estrela do Norte - Agroterenas,ÁGUA BOA,MT,-13.721667,-53.094167,BR,private_aerodrome,Brasil,ANAC_privados
SI4I,SI4I,Fazenda Horizontina,CAMPOS LINDOS,TO,-8.2563889,-46.616111,BR,private_aerodrome,Brasil,ANAC_privados
SI4J,SI4J,RAUL SABOIA,BRASÍLIA,Distrito Federal,-15.853889,-47.861944,BR,heliport,Brasil,ANAC_helipontos
SI4K,SI4K,Fazenda Mandarim,ABAETETUBA,PA,-1.7941667,-48.791944,BR,private_aerodrome,Brasil,ANAC_privados
SI4L,SI4L,Haras La Estancia,VALINHOS,São Paulo,-22.929722,-46.941389,BR,heliport,Brasil,ANAC_helipontos
SI4M,SI4M,FAZENDA OLINDA,SÃO DESIDÉRIO,BA,-12.560556,-45.873611,BR,private_aerodrome,Brasil,ANAC_privados
SI4N,SI4N,FAZENDA MILANO,BARREIRAS,BA,-12.302778,-45.513889,BR,private_aerodrome,Brasil,ANAC_privados
SI4O,SI4O,FAZENDA RIO VERDE,DIAMANTINO,MT,-14.154444,-57.259167,BR,private_aerodrome,Brasil,ANAC_privados
SI4P,SI4P,FAZENDA BOA VISTA,CORUMBIARA,RO,-12.8275,-61.354722,BR,private_aerodrome,Brasil,ANAC_privados
SI4Q,SI4Q,CONE SUL AVIAÇÃO AGRÍCOLA,CHUPINGUAIA,RO,-12.545833,-60.871667,BR,private_aerodrome,Brasil,ANAC_privados
SI4R,SI4R,Fazenda Paraíso,NOVA UBIRATÃ,MT,-12.429167,-54.249167,BR,private_aerodrome,Brasil,ANAC_privados
SI4S,SI4S,Fazenda Nossa Senhora do Carmo,SÃO DESIDÉRIO,BA,-12.581944,-45.8275,BR,private_aerodrome,Brasil,ANAC_privados
SI4T,SI4T,RIO BONITO,RIO BONITO,Rio de Janeiro,-22.708611,-42.670556,BR,heliport,Brasil,ANAC_helipontos
SI4U,SI4U,Fazenda Bocalon,CRISTALINA,GO,-16.843611,-47.361944,BR,private_aerodrome,Brasil,ANAC_privados
SI4V,SI4V,FAZENDA JANDAIA,MARCELÂNDIA,MT,-10.945556,-54.221944,BR,private_aerodrome,Brasil,ANAC_privados
SI4W,SI4W,Comercial Scardua,SERRA,Espírito Santo,-20.204167,-40.271667,BR,heliport,Brasil,ANAC_helipontos
SI4X,SI4X,FAZENDA CALÇÕES,NINHEIRA,MG,-15.458056,-41.593889,BR,private_aerodrome,Brasil,ANAC_privados
SI4Y,SI4Y,Fazenda Laudejá,BONITO,MS,-21.154444,-56.795,BR,private_aerodrome,Brasil,ANAC_privados
SI4Z,SI4Z,Toledo Aviação,TOLEDO,PR,-24.638611,-53.654722,BR,private_aerodrome,Brasil,ANAC_privados
SI5A,SI5A,Fazenda Isa - Agropecuária Wvs,ITAITUBA,PA,-6.6597222,-56.196111,BR,private_aerodrome,Brasil,ANAC_privados
SI5R,SI5R,FAZENDA RECANTO,ARAGUACEMA,TO,-9.0980556,-49.667778,BR,private_aerodrome,Brasil,ANAC_privados
SI62,SI62,FAZENDA MONTE LÍBANO,SANTO ANTÔNIO DO LESTE,MT,-14.866111,-53.882222,BR,private_aerodrome,Brasil,ANAC_privados
SI63,SI63,Curimatá,CURIMATÁ,PI,-10.025278,-44.315833,BR,private_aerodrome,Brasil,ANAC_privados
SI64,SI64,Fazenda Santa Rita de Cássia,PARAÍSO DAS ÁGUAS,MS,-19.369444,-53.223056,BR,private_aerodrome,Brasil,ANAC_privados
SI66,SI66,FAZENDA YPIRANGA,CORUMBÁ,MS,-18.104444,-57.199722,BR,private_aerodrome,Brasil,ANAC_privados
SI67,SI67,FAZENDA GALIOTA,RIBEIRO GONÇALVES,PI,-8.1872222,-45.481389,BR,private_aerodrome,Brasil,ANAC_privados
SI69,SI69,Santa Clara,BLUMENAU,Santa Catarina,-26.884167,-49.145,BR,heliport,Brasil,ANAC_helipontos
SI6A,SI6A,Fazenda San José I,RIBAS DO RIO PARDO,MS,-19.815833,-53.828611,BR,private_aerodrome,Brasil,ANAC_privados
SI6C,SI6C,Arvoredo,CONTAGEM,Minas Gerais,-19.881667,-44.03,BR,heliport,Brasil,ANAC_helipontos
SI6D,SI6D,Fortuna Nutrição Animal,NOVA CANAÃ DO NORTE,MT,-10.409722,-55.729167,BR,private_aerodrome,Brasil,ANAC_privados
SI6E,SI6E,TIÃO MACHADO,REDENÇÃO,PA,-8.0891667,-49.975278,BR,private_aerodrome,Brasil,ANAC_privados
SI6F,SI6F,FAZENDA ALEGRIA,CRIXÁS DO TOCANTINS,TO,-11.125,-49.118611,BR,private_aerodrome,Brasil,ANAC_privados
SI6G,SI6G,TIVOLI ECORESORT PRAIA DO FORTE,MATA DE SÃO JOÃO,Bahia,-12.578611,-38.013333,BR,heliport,Brasil,ANAC_helipontos
SI6H,SI6H,FAZENDA CONQUISTA,BONÓPOLIS,GO,-13.4325,-49.634722,BR,private_aerodrome,Brasil,ANAC_privados
SI6J,SI6J,FAZENDA TERRA NOVA,JOÃO PINHEIRO,MG,-17.874167,-46.060556,BR,private_aerodrome,Brasil,ANAC_privados
SI6K,SI6K,ASL - FAZENDA SÃO LUIZ,GAÚCHA DO NORTE,MT,-13.166944,-53.851389,BR,private_aerodrome,Brasil,ANAC_privados
SI6L,SI6L,FAZENDA GAUBA,PIMENTA BUENO,RO,-11.640556,-61.081667,BR,private_aerodrome,Brasil,ANAC_privados
SI6M,SI6M,Recanto das Araras,MATEIROS,TO,-10.293889,-46.550278,BR,private_aerodrome,Brasil,ANAC_privados
SI6N,SI6N,FAZENDA BORCHARDT,TABAPORÃ,MT,-11.163056,-56.9125,BR,private_aerodrome,Brasil,ANAC_privados
SI6O,SI6O,Fazenda Marabá,PORTO MURTINHO,MS,-21.691111,-57.365556,BR,private_aerodrome,Brasil,ANAC_privados
SI6P,SI6P,Fazenda Sagrada Família,PARAGOMINAS,PA,-3.1155556,-47.529722,BR,private_aerodrome,Brasil,ANAC_privados
SI6Q,SI6Q,Fazenda Alvorada,CACHOEIRA ALTA,GO,-18.467778,-51.109167,BR,private_aerodrome,Brasil,ANAC_privados
SI6R,SI6R,FAZENDA TOLIMÃ,TABAPORÃ,MT,-11.034444,-56.623611,BR,private_aerodrome,Brasil,ANAC_privados
SI6S,SI6S,Jerileve,JIJOCA DE JERICOACOARA,CE,-2.8925,-40.505833,BR,private_aerodrome,Brasil,ANAC_privados
SI6T,SI6T,Fazenda Pirapó,SÃO JOSÉ DO RIO CLARO,MT,-13.843333,-57.193611,BR,private_aerodrome,Brasil,ANAC_privados
SI6U,SI6U,AEROGUEDES,SANTA TERESINHA,PB,-7.0669444,-37.349444,BR,private_aerodrome,Brasil,ANAC_privados
SI6V,SI6V,Aldeia Boca do Marapi,ORIXIMINÁ,PA,0.611388889,-55.976667,BR,private_aerodrome,Brasil,ANAC_privados
SI6W,SI6W,Bemisa,ÁGUA AZUL DO NORTE,Pará,-6.8633333,-50.465556,BR,heliport,Brasil,ANAC_helipontos
SI6X,SI6X,Aché Pernambuco,CABO DE SANTO AGOSTINHO,Pernambuco,-8.2755556,-34.996667,BR,heliport,Brasil,ANAC_helipontos
SI6Y,SI6Y,Fazenda Por do Sol,SARUTAIÁ,São Paulo,-23.3075,-49.513056,BR,heliport,Brasil,ANAC_helipontos
SI6Z,SI6Z,Ipatinga Tower,IPATINGA,Minas Gerais,-19.494444,-42.564444,BR,heliport,Brasil,ANAC_helipontos
SI72,SI72,Aerosport Maringá,IGUARAÇU,PR,-23.188611,-51.801389,BR,private_aerodrome,Brasil,ANAC_privados
SI73,SI73,Fazenda Chapadinha,VÁRZEA DA PALMA,MG,-17.653611,-45.024167,BR,private_aerodrome,Brasil,ANAC_privados
SI74,SI74,Company,SÃO PAULO,São Paulo,-23.572778,-46.703333,BR,heliport,Brasil,ANAC_helipontos
SI76,SI76,AGROPECUÁRIA VARANDA,CARACOL,MS,-22.046389,-57.043889,BR,private_aerodrome,Brasil,ANAC_privados
SI77,SI77,Fazenda Floresta,CÁCERES,MT,-16.620278,-58.235556,BR,private_aerodrome,Brasil,ANAC_privados
SI78,SI78,Santa Maria do Boiaçu,RORAINÓPOLIS,RR,-0.51777778,-61.787778,BR,private_aerodrome,Brasil,ANAC_privados
SI79,SI79,Fazenda San Francisco,CANARANA,MT,-13.337222,-52.839722,BR,private_aerodrome,Brasil,ANAC_privados
SI7A,SI7A,Alvorada do Gurguéia,ALVORADA DO GURGUÉIA,PI,-8.4416667,-43.858611,BR,private_aerodrome,Brasil,ANAC_privados
SI7B,SI7B,FAZENDA FLORES,PIRAQUÊ,TO,-6.5691667,-48.212222,BR,private_aerodrome,Brasil,ANAC_privados
SI7C,SI7C,MONTE SIÃO,NOVO ARIPUANÃ,AM,-8.6894444,-61.406944,BR,private_aerodrome,Brasil,ANAC_privados
SI7D,SI7D,FAZENDA PRIMAVERA,PRIMAVERA DO LESTE,MT,-15.248889,-54.133056,BR,private_aerodrome,Brasil,ANAC_privados
SI7E,SI7E,Machadinho D´Oeste,MACHADINHO D'OESTE,RO,-9.4033333,-62.006111,BR,private_aerodrome,Brasil,ANAC_privados
SI7G,SI7G,Fazenda Nossa Senhora Aparecida,GLÓRIA DE DOURADOS,MS,-22.335833,-54.185556,BR,private_aerodrome,Brasil,ANAC_privados
SI7H,SI7H,Sítio Bela Vista,LIMEIRA,SP,-22.543333,-47.2325,BR,private_aerodrome,Brasil,ANAC_privados
SI7I,SI7I,ASL - FAZENDA SANTO CRISTO,NOVA UBIRATÃ,MT,-12.614444,-54.547778,BR,private_aerodrome,Brasil,ANAC_privados
SI7J,SI7J,Fazenda Marilândia,BELA VISTA,MS,-22.046944,-56.437222,BR,private_aerodrome,Brasil,ANAC_privados
SI7K,SI7K,FAZENDA AGROCONDOR I,NOVA MONTE VERDE,MT,-9.9019444,-57.356389,BR,private_aerodrome,Brasil,ANAC_privados
SI7L,SI7L,Prainha,PRAINHA,PA,-1.7838889,-53.488889,BR,private_aerodrome,Brasil,ANAC_privados
SI7M,SI7M,FAZENDA GIBÓIA THS,UNAÍ,MG,-16.181389,-46.617778,BR,private_aerodrome,Brasil,ANAC_privados
SI7N,SI7N,FAZENDA NOVA,SANTO ANTÔNIO DO LESTE,MT,-14.933333,-53.884167,BR,private_aerodrome,Brasil,ANAC_privados
SI7O,SI7O,FAZENDA TRÊS PINHEIROS,LUCAS DO RIO VERDE,MT,-12.881111,-56.061389,BR,private_aerodrome,Brasil,ANAC_privados
SI7P,SI7P,Arroz Faccio,BONFIM,RR,3.25888889,-60.363056,BR,private_aerodrome,Brasil,ANAC_privados
SI7Q,SI7Q,FAZENDA RIO BONITO,NOVA UBIRATÃ,MT,-13.518333,-55.079722,BR,private_aerodrome,Brasil,ANAC_privados
SI7R,SI7R,FAZENDA SAN ANTÔNIO,TANGARÁ DA SERRA,MT,-14.353611,-57.920278,BR,private_aerodrome,Brasil,ANAC_privados
SI7S,SI7S,Fazenda Pontal,ÁGUA CLARA,MS,-19.68,-52.894444,BR,private_aerodrome,Brasil,ANAC_privados
SI7T,SI7T,Fazenda Santa Rita,ANADIA,AL,-9.7033333,-36.321667,BR,private_aerodrome,Brasil,ANAC_privados
SI7U,SI7U,ALDEIA SANTO ANTONIO,ORIXIMINÁ,PA,0.921666667,-55.760278,BR,private_aerodrome,Brasil,ANAC_privados
SI7V,SI7V,FAZENDA TRÊS LAGOAS,PEIXOTO DE AZEVEDO,MT,-10.219167,-54.978889,BR,private_aerodrome,Brasil,ANAC_privados
SI7W,SI7W,ATACADÃO DIA À DIA 2,PADRE BERNARDO,Goiás,-15.525278,-48.407222,BR,heliport,Brasil,ANAC_helipontos
SI7X,SI7X,FAZENDA VALE DO SOL II,ABREULÂNDIA,TO,-9.2466667,-49.395556,BR,private_aerodrome,Brasil,ANAC_privados
SI7Y,SI7Y,FERMAP II,SORRISO,MT,-12.544444,-55.668333,BR,private_aerodrome,Brasil,ANAC_privados
SI7Z,SI7Z,Fazenda Real,CARLINDA,MT,-10.263611,-56.053611,BR,private_aerodrome,Brasil,ANAC_privados
SI82,SI82,FAZENDA LINCE,PARAÍSO DAS ÁGUAS,MS,-18.959722,-53.2375,BR,private_aerodrome,Brasil,ANAC_privados
SI83,SI83,Fazenda Independência,SANTO ANTÔNIO DO LESTE,MT,-14.863889,-53.495,BR,private_aerodrome,Brasil,ANAC_privados
SI84,SI84,Kiaroa Marine,MARAÚ,Bahia,-13.958889,-38.970833,BR,heliport,Brasil,ANAC_helipontos
SI86,SI86,Mina Fábrica,OURO PRETO,Minas Gerais,-20.422778,-43.881389,BR,heliport,Brasil,ANAC_helipontos
SI87,SI87,Fazenda Roque,ITABERAÍ,Goiás,-16.000833,-49.726111,BR,heliport,Brasil,ANAC_helipontos
SI88,SI88,FAZENDA VITÓRIA,INDIARA,GO,-17.422222,-50.086111,BR,private_aerodrome,Brasil,ANAC_privados
SI89,SI89,ALDEIA KUXARÉ,ORIXIMINÁ,PA,1.70361111,-56.068333,BR,private_aerodrome,Brasil,ANAC_privados
SI8A,SI8A,Fazenda Paiaguás,AQUIDAUANA,MS,-20.098889,-55.478889,BR,private_aerodrome,Brasil,ANAC_privados
SI8B,SI8B,Fazenda Santa Otilia,PORTO MURTINHO,MS,-21.186667,-57.043333,BR,private_aerodrome,Brasil,ANAC_privados
SI8C,SI8C,Grupo Pivot,JABORANDI,BA,-14.316111,-45.812222,BR,private_aerodrome,Brasil,ANAC_privados
SI8D,SI8D,SANTA CASA,SÃO SEBASTIÃO DO PARAÍSO,Minas Gerais,-20.927222,-46.983056,BR,heliport,Brasil,ANAC_helipontos
SI8E,SI8E,Fazenda Lapa do Lobo,PARANAÍBA,MS,-19.501667,-51.018611,BR,private_aerodrome,Brasil,ANAC_privados
SI8F,SI8F,Fazenda Pau Brasil,ITINGA DO MARANHÃO,MA,-4.6536111,-47.504444,BR,private_aerodrome,Brasil,ANAC_privados
SI8G,SI8G,Fazenda Centro da Mata,NOVA UBIRATÃ,MT,-13.075833,-55.054722,BR,private_aerodrome,Brasil,ANAC_privados
SI8H,SI8H,FAZENDA MODELO,MARCELÂNDIA,MT,-10.689444,-54.660833,BR,private_aerodrome,Brasil,ANAC_privados
SI8I,SI8I,FAZENDA ESTRELINHA,CANARANA,MT,-13.115833,-52.515556,BR,private_aerodrome,Brasil,ANAC_privados
SI8J,SI8J,Aldeia Pontal,APIACÁS,MT,-8.1008333,-58.284444,BR,private_aerodrome,Brasil,ANAC_privados
SI8K,SI8K,Fazenda Boi Verde,BALDIM,Minas Gerais,-19.328889,-43.913333,BR,heliport,Brasil,ANAC_helipontos
SI8L,SI8L,Fazenda Córrego Limpo,CORGUINHO,MS,-20.141111,-55.074722,BR,private_aerodrome,Brasil,ANAC_privados
SI8M,SI8M,Hospital de Amor,LAGARTO,SE,-10.901389,-37.6325,BR,private_aerodrome,Brasil,ANAC_privados
SI8N,SI8N,AERÓDROMO FAZENDA ÁGUA BOA,UNIÃO DE MINAS,MG,-19.272778,-50.291667,BR,private_aerodrome,Brasil,ANAC_privados
SI8O,SI8O,ILHA COMPRIDA,ANGRA DOS REIS,Rio de Janeiro,-23.083889,-44.241667,BR,heliport,Brasil,ANAC_helipontos
SI8P,SI8P,FAZENDA ESPIRITO SANTO I,FORMOSA DO RIO PRETO,BA,-10.633889,-45.490278,BR,private_aerodrome,Brasil,ANAC_privados
SI8Q,SI8Q,FREIRE,FORMOSA DO RIO PRETO,BA,-11.535833,-46.138056,BR,private_aerodrome,Brasil,ANAC_privados
SI8S,SI8S,Comando G8,SÃO PAULO,São Paulo,-23.472778,-46.639722,BR,heliport,Brasil,ANAC_helipontos
SI8T,SI8T,Condomínio Aeronáutico Fênix,PANAMBI,RS,-28.243611,-53.5225,BR,private_aerodrome,Brasil,ANAC_privados
SI8U,SI8U,Fazenda São José Bajuca,CORUMBÁ,MS,-18.642778,-56.475833,BR,private_aerodrome,Brasil,ANAC_privados
SI8V,SI8V,FAZENDA MANU,LÁBREA,AM,-9.4038889,-65.715,BR,private_aerodrome,Brasil,ANAC_privados
SI8W,SI8W,BARRA GRANDE,CAJUEIRO DA PRAIA,PI,-3.0411111,-41.396111,BR,private_aerodrome,Brasil,ANAC_privados
SI8X,SI8X,FAZENDA VALE DA PECUÁRIA,ARRAIAS,TO,-12.621111,-46.833333,BR,private_aerodrome,Brasil,ANAC_privados
SI8Y,SI8Y,FAZENDA CEOLIM,NOSSA SENHORA DO LIVRAMENTO,MT,-15.545556,-56.594167,BR,private_aerodrome,Brasil,ANAC_privados
SI8Z,SI8Z,DR IVANOR ALBA,NOVO PROGRESSO,PA,-7.7130556,-55.215,BR,private_aerodrome,Brasil,ANAC_privados
SI92,SI92,Aeródromo Fazenda Atual,PORTO ALEGRE DO NORTE,MT,-10.965278,-51.978333,BR,private_aerodrome,Brasil,ANAC_privados
SI93,SI93,EL SAVADOR,NOVA VIÇOSA,BA,-17.874722,-39.904167,BR,private_aerodrome,Brasil,ANAC_privados
SI94,SI94,FAZENDA VITÓRIA,PEIXOTO DE AZEVEDO,MT,-9.7858333,-53.602222,BR,private_aerodrome,Brasil,ANAC_privados
SI96,SI96,FAZENDA NOSSA SENHORA DO ROSÁRIO DE FÁTIMA,ITANHANGÁ,MT,-12.258056,-56.442222,BR,private_aerodrome,Brasil,ANAC_privados
SI97,SI97,Santa Filomena,SANTA FILOMENA,PI,-9.1361111,-45.885833,BR,private_aerodrome,Brasil,ANAC_privados
SI98,SI98,Porto Preguiças Resort,BARREIRINHAS,Maranhão,-2.7388889,-42.8375,BR,heliport,Brasil,ANAC_helipontos
SI99,SI99,FAZENDA SANTÂNGELO AGROPECUÁRIA,MIRANDA,MS,-20.1325,-56.371111,BR,private_aerodrome,Brasil,ANAC_privados
SI9A,SI9A,FAZENDA SANTA RITA DE CÁSSIA,MINEIROS,GO,-17.758889,-53.04,BR,private_aerodrome,Brasil,ANAC_privados
SI9B,SI9B,FAZENDA NAZARÉ,BURITIZEIRO,MG,-17.850833,-45.245833,BR,private_aerodrome,Brasil,ANAC_privados
SI9C,SI9C,FAZENDA ELDORADO DO RIO NEGRO,AQUIDAUANA,MS,-19.643611,-55.846111,BR,private_aerodrome,Brasil,ANAC_privados
SI9D,SI9D,PRF Rio de Janeiro,RIO DE JANEIRO,Rio de Janeiro,-22.819167,-43.326111,BR,heliport,Brasil,ANAC_helipontos
SI9E,SI9E,FAZENDA MARÍLIA,JUARA,MT,-10.746389,-57.986111,BR,private_aerodrome,Brasil,ANAC_privados
SI9F,SI9F,FAZENDA 3J,NOVA BANDEIRANTES,MT,-10.43,-58.292778,BR,private_aerodrome,Brasil,ANAC_privados
SI9G,SI9G,CHÁCARA ITAPOTY,AMAMBAI,MS,-23.076944,-55.229722,BR,private_aerodrome,Brasil,ANAC_privados
SI9H,SI9H,Proeng Air,ANÁPOLIS,Goiás,-16.331389,-48.952778,BR,heliport,Brasil,ANAC_helipontos
SI9I,SI9I,MIRAGUAIA CAMPO DE AVIAÇÃO,SANTO ANTÔNIO DA PATRULHA,RS,-29.844722,-50.675278,BR,private_aerodrome,Brasil,ANAC_privados
SI9J,SI9J,Sena,MEDINA,MG,-16.313333,-41.492778,BR,private_aerodrome,Brasil,ANAC_privados
SI9K,SI9K,Fazenda Maria Luiza,NOVO SÃO JOAQUIM,MT,-14.824444,-52.731667,BR,private_aerodrome,Brasil,ANAC_privados
SI9L,SI9L,Fazenda Serra Dourada,NOVA OLINDA DO MARANHÃO,MA,-2.8672222,-45.708889,BR,private_aerodrome,Brasil,ANAC_privados
SI9M,SI9M,FAZENDA SÃO MATEUS,BRASILÂNDIA DE MINAS,MG,-16.995278,-45.711111,BR,private_aerodrome,Brasil,ANAC_privados
SI9N,SI9N,Fazenda Santa Sofia,AQUIDAUANA,MS,-19.659444,-56.331944,BR,private_aerodrome,Brasil,ANAC_privados
SI9O,SI9O,FAZENDA SANTA MARIA VIII,ARAÇATUBA,SP,-21.029444,-50.593889,BR,private_aerodrome,Brasil,ANAC_privados
SI9P,SI9P,Muranno,ANÁPOLIS,Goiás,-16.314722,-49.040278,BR,heliport,Brasil,ANAC_helipontos
SI9Q,SI9Q,Fazenda Catarinense,SÃO DESIDÉRIO,BA,-13.282778,-46.013333,BR,private_aerodrome,Brasil,ANAC_privados
SI9R,SI9R,FAMA,NOVO CRUZEIRO,MG,-17.401389,-42.110833,BR,private_aerodrome,Brasil,ANAC_privados
SI9S,SI9S,FAZENDA BOM FUTURO,GOVERNADOR JORGE TEIXEIRA,RO,-10.6525,-62.896667,BR,private_aerodrome,Brasil,ANAC_privados
SI9T,SI9T,FAZENDA RECANTO DO CÉU,NOVA UBIRATÃ,MT,-13.263333,-55.3,BR,private_aerodrome,Brasil,ANAC_privados
SI9U,SI9U,FAZENDA SHALON,PRAINHA,PA,-1.1452778,-53.723333,BR,private_aerodrome,Brasil,ANAC_privados
SI9V,SI9V,Peça Rara Agropecuária I,ALTA FLORESTA D'OESTE,RO,-11.871944,-61.988889,BR,private_aerodrome,Brasil,ANAC_privados
SI9W,SI9W,Fazenda Rio Ferro,NOVA UBIRATÃ,MT,-12.66,-54.809722,BR,private_aerodrome,Brasil,ANAC_privados
SI9X,SI9X,Fazenda Rio Branco,IPIRANGA DO NORTE,MT,-11.9325,-56.154444,BR,private_aerodrome,Brasil,ANAC_privados
SI9Y,SI9Y,FAZENDA SANTANA,CORUMBÁ,MS,-18.066667,-56.556667,BR,private_aerodrome,Brasil,ANAC_privados
SI9Z,SI9Z,Fazenda Bandeirantes,GOIOERÊ,PR,-24.203889,-52.982778,BR,private_aerodrome,Brasil,ANAC_privados
SIA2,SIA2,July Quartzo,AMÉLIA RODRIGUES,Bahia,-12.388889,-38.740833,BR,heliport,Brasil,ANAC_helipontos
SIA3,SIA3,Fazenda Agropecuária Crioulo,TACURU,MS,-23.600556,-55.144722,BR,private_aerodrome,Brasil,ANAC_privados
SIA4,SIA4,Santo Amaro Grand House,SANTO AMARO DO MARANHÃO,Maranhão,-2.5097222,-43.2475,BR,heliport,Brasil,ANAC_helipontos
SIA6,SIA6,Fazenda Baraúna,CAXIAS,MA,-4.8619444,-43.188056,BR,private_aerodrome,Brasil,ANAC_privados
SIA7,SIA7,Fazenda Porto Velho,AMAJARI,RR,3.97611111,-61.383333,BR,private_aerodrome,Brasil,ANAC_privados
SIA8,SIA8,Escarpas,ABADIÂNIA,Goiás,-16.212778,-48.509167,BR,heliport,Brasil,ANAC_helipontos
SIA9,SIA9,Fazenda Rancho do Couro,PONTES E LACERDA,MT,-15.591111,-59.263056,BR,private_aerodrome,Brasil,ANAC_privados
SIAB,SIAB,Guatambu São Paulo,BURI,SP,-23.623611,-48.510833,BR,private_aerodrome,Brasil,ANAC_privados
SIAC,SIAC,Fazenda Paineira,SÃO SEBASTIÃO DA BELA VISTA,MG,-22.1475,-45.763611,BR,private_aerodrome,Brasil,ANAC_privados
SIAD,SIAD,Estância Regina,PORTO MURTINHO,MS,-21.010556,-57.35,BR,private_aerodrome,Brasil,ANAC_privados
SIAE,SIAE,BASF Guaratinguetá,GUARATINGUETÁ,São Paulo,-22.786111,-45.170556,BR,heliport,Brasil,ANAC_helipontos
SIAG,SIAG,Usina Goiasa,GOIATUBA,GO,-18.033333,-49.705556,BR,private_aerodrome,Brasil,ANAC_privados
SIAH,SIAH,Haras RM,AQUIRAZ,Ceará,-3.9130556,-38.434722,BR,heliport,Brasil,ANAC_helipontos
SIAI,SIAI,Fazenda Esteirinha,GOIOERÊ,PR,-24.209167,-53.181389,BR,private_aerodrome,Brasil,ANAC_privados
SIAJ,SIAJ,Fazenda Tauá,PRADO,BA,-16.983333,-39.163889,BR,private_aerodrome,Brasil,ANAC_privados
SIAK,SIAK,Santa Casa de Misericórdia de Porto Alegre,PORTO ALEGRE,Rio Grande do Sul,-30.03,-51.220556,BR,heliport,Brasil,ANAC_helipontos
SIAN,SIAN,Clube CÉU,RIO DE JANEIRO,RJ,-22.961111,-43.659444,BR,private_aerodrome,Brasil,ANAC_privados
SIAP,SIAP,Fazenda Nossa Senhora Aparecida,NOVA UBIRATÃ,MT,-12.998611,-55.213889,BR,private_aerodrome,Brasil,ANAC_privados
SIAQ,SIAQ,Bom Futuro,CUIABÁ,MT,-15.506111,-56.098333,BR,private_aerodrome,Brasil,ANAC_privados
SIAR,SIAR,Fazenda Arancuã,MIRANDA,MS,-20.179722,-56.556667,BR,private_aerodrome,Brasil,ANAC_privados
SIAS,SIAS,Fazenda Cachoeira Alta,PARANATINGA,MT,-12.940278,-54.268333,BR,private_aerodrome,Brasil,ANAC_privados
SIAT,SIAT,Fazenda Tolosa,BRASNORTE,MT,-13.1825,-57.997222,BR,private_aerodrome,Brasil,ANAC_privados
SIAU,SIAU,Fazenda Pirizal,VILA BELA DA SANTÍSSIMA TRINDADE,MT,-16.224444,-59.754722,BR,private_aerodrome,Brasil,ANAC_privados
SIAV,SIAV,Helipark,CARAPICUÍBA,São Paulo,-23.564722,-46.830278,BR,heliport,Brasil,ANAC_helipontos
SIAW,SIAW,Sítio Gurupi,ULIANÓPOLIS,PA,-3.7391667,-47.516389,BR,private_aerodrome,Brasil,ANAC_privados
SIAX,SIAX,Fazenda HJ,UNAÍ,MG,-16.613611,-47.296111,BR,private_aerodrome,Brasil,ANAC_privados
SIAY,SIAY,Fazenda Santa Fé do Guaporé,COMODORO,MT,-14.014722,-59.886667,BR,private_aerodrome,Brasil,ANAC_privados
SIAZ,SIAZ,Fazenda Água Azul,CAMPO VERDE,MT,-15.259722,-54.944444,BR,private_aerodrome,Brasil,ANAC_privados
SIB2,SIB2,Fazenda Mangabas,SONORA,MS,-17.438889,-53.809722,BR,private_aerodrome,Brasil,ANAC_privados
SIB3,SIB3,Fazenda Tapera,MIRANDA,MS,-20.304722,-56.828056,BR,private_aerodrome,Brasil,ANAC_privados
SIB4,SIB4,ASL - Fazenda São Francisco,PARANATINGA,MT,-13.345,-54.487222,BR,private_aerodrome,Brasil,ANAC_privados
SIB6,SIB6,FAZENDA TERRA UNIDA,ALTO PARNAÍBA,MA,-9.2663889,-46.1275,BR,private_aerodrome,Brasil,ANAC_privados
SIB7,SIB7,Estancia Campo Verde,UBIRATÃ,PR,-24.468333,-52.885278,BR,private_aerodrome,Brasil,ANAC_privados
SIB8,SIB8,FAZENDA SANTA FÉ,SANTA CRUZ DO XINGU,MT,-10.203333,-52.274167,BR,private_aerodrome,Brasil,ANAC_privados
SIB9,SIB9,Jusarah Agro Aérea,CEREJEIRAS,RO,-13.158056,-60.8025,BR,private_aerodrome,Brasil,ANAC_privados
SIBA,SIBA,Fazenda Arco Íris,ALTO GARÇAS,MT,-16.933333,-53.5725,BR,private_aerodrome,Brasil,ANAC_privados
SIBB,SIBB,Edifício Comendador Alberto Bonfiglioli,SÃO PAULO,São Paulo,-23.564444,-46.651944,BR,heliport,Brasil,ANAC_helipontos
SIBC,SIBC,Fazenda Bonança,PEREIRA BARRETO,SP,-20.676389,-51.030833,BR,private_aerodrome,Brasil,ANAC_privados
SIBD,SIBD,Beverly Hills,PETRÓPOLIS,Rio de Janeiro,-22.358611,-43.098889,BR,heliport,Brasil,ANAC_helipontos
SIBF,SIBF,Haras Neves,PEDRO LEOPOLDO,Minas Gerais,-19.649444,-44.148889,BR,heliport,Brasil,ANAC_helipontos
SIBG,SIBG,Banco Induscred,SÃO PAULO,São Paulo,-23.564167,-46.655556,BR,heliport,Brasil,ANAC_helipontos
SIBH,SIBH,Helicidade,SÃO PAULO,São Paulo,-23.546667,-46.736944,BR,heliport,Brasil,ANAC_helipontos
SIBI,SIBI,Fazenda Boa Luz,LARANJEIRAS,SE,-10.838056,-37.196111,BR,private_aerodrome,Brasil,ANAC_privados
SIBJ,SIBJ,Fazenda Retiro do Bom Fim,IPIAÇU,MG,-18.680833,-49.986944,BR,private_aerodrome,Brasil,ANAC_privados
SIBK,SIBK,Aeroclube de Bagé,BAGÉ,RS,-31.327778,-54.135833,BR,private_aerodrome,Brasil,ANAC_privados
SIBL,SIBL,Clínica Porto Dias,BELÉM,Pará,-1.4375,-48.458333,BR,heliport,Brasil,ANAC_helipontos
SIBM,SIBM,Hangar ABC,SÃO CAETANO DO SUL,São Paulo,-23.616944,-46.580278,BR,heliport,Brasil,ANAC_helipontos
SIBN,SIBN,Savana,JARU,RO,-10.441389,-62.507222,BR,private_aerodrome,Brasil,ANAC_privados
SIBO,SIBO,Simão Sarkis Simão,TRÊS MARIAS,MG,-18.309722,-45.293333,BR,private_aerodrome,Brasil,ANAC_privados
SIBP,SIBP,Fazenda Pampa Alegre,ITIQUIRA,MT,-17.498611,-54.31,BR,private_aerodrome,Brasil,ANAC_privados
SIBQ,SIBQ,Barroco Lopes,MACAÉ,Rio de Janeiro,-22.322222,-41.745,BR,heliport,Brasil,ANAC_helipontos
SIBR,SIBR,Ribeirão Shopping,RIBEIRÃO PRETO,São Paulo,-21.211667,-47.818056,BR,heliport,Brasil,ANAC_helipontos
SIBS,SIBS,E-Business Bosque,SÃO PAULO,São Paulo,-23.511667,-46.71,BR,heliport,Brasil,ANAC_helipontos
SIBT,SIBT,Transportadora Americana II,AMERICANA,São Paulo,-22.732222,-47.286111,BR,heliport,Brasil,ANAC_helipontos
SIBV,SIBV,Fazenda Bela Vista,NOVA ALVORADA DO SUL,MS,-21.438611,-54.487222,BR,private_aerodrome,Brasil,ANAC_privados
SIBX,SIBX,WEM Agropecuária,BURITAMA,SP,-21.091389,-50.243889,BR,private_aerodrome,Brasil,ANAC_privados
SIC1,SIC1,Ciceri,MARINGÁ,Paraná,-23.368611,-52.008333,BR,heliport,Brasil,ANAC_helipontos
SIC2,SIC2,AVALON,PENHA,Santa Catarina,-26.811944,-48.658611,BR,heliport,Brasil,ANAC_helipontos
SIC3,SIC3,C&A - Fazenda Chapadão do Verde,SORRISO,MT,-12.598611,-55.885,BR,private_aerodrome,Brasil,ANAC_privados
SIC4,SIC4,Amarillo Mara Rosa,MARA ROSA,Goiás,-13.980278,-49.178056,BR,heliport,Brasil,ANAC_helipontos
SIC6,SIC6,Portofino,PIEDADE,São Paulo,-23.641667,-47.376944,BR,heliport,Brasil,ANAC_helipontos
SIC7,SIC7,Suzano - Projeto Cerrado,RIBAS DO RIO PARDO,Mato Grosso do Sul,-20.475,-53.666111,BR,heliport,Brasil,ANAC_helipontos
SIC8,SIC8,Pedcentral,PIRAÚBA,Minas Gerais,-21.234167,-43.082222,BR,heliport,Brasil,ANAC_helipontos
SIC9,SIC9,Cipriani,BLUMENAU,Santa Catarina,-26.914722,-49.094167,BR,heliport,Brasil,ANAC_helipontos
SICA,SICA,Hospital Anchieta,BRASÍLIA,Distrito Federal,-15.823889,-48.067222,BR,heliport,Brasil,ANAC_helipontos
SICC,SICC,Fazenda Campo Alto,ARARAS,São Paulo,-22.388889,-47.286667,BR,heliport,Brasil,ANAC_helipontos
SICD,SICD,Mima 2,CARDOSO MOREIRA,Rio de Janeiro,-21.578611,-41.446389,BR,heliport,Brasil,ANAC_helipontos
SICE,SICE,Central Engenharia,SÃO LUÍS,Maranhão,-2.5352778,-44.299722,BR,heliport,Brasil,ANAC_helipontos
SICF,SICF,Fazenda Catuaí,JUARA,MT,-11.468333,-57.609444,BR,private_aerodrome,Brasil,ANAC_privados
SICG,SICG,Rede TV,OSASCO,São Paulo,-23.520833,-46.763056,BR,heliport,Brasil,ANAC_helipontos
SICH,SICH,Hotel Campos do Jordão,CAMPOS DO JORDÃO,São Paulo,-22.717778,-45.577778,BR,heliport,Brasil,ANAC_helipontos
SICI,SICI,Metropolitan Criciúma,CRICIÚMA,Santa Catarina,-28.675556,-49.366389,BR,heliport,Brasil,ANAC_helipontos
SICJ,SICJ,Morandi e Morandi Aviação Agrícola,SAPEZAL,MT,-13.4625,-58.778056,BR,private_aerodrome,Brasil,ANAC_privados
SICK,SICK,Cidade Capelinha,CAPELINHA,MG,-17.682778,-42.531111,BR,private_aerodrome,Brasil,ANAC_privados
SICL,SICL,Praia da Piraquara,ANGRA DOS REIS,Rio de Janeiro,-22.985278,-44.438889,BR,heliport,Brasil,ANAC_helipontos
SICM,SICM,Fazenda Nossa Senhora de Fátima,BRASILÂNDIA,MS,-21.538889,-52.110556,BR,private_aerodrome,Brasil,ANAC_privados
SICN,SICN,Fazenda Vista Bonita,SANDOVALINA,SP,-22.506389,-51.816389,BR,private_aerodrome,Brasil,ANAC_privados
SICP,SICP,Fazenda São Pedro,UNAÍ,MG,-16.799444,-46.743889,BR,private_aerodrome,Brasil,ANAC_privados
SICQ,SICQ,Fazenda Luar,CUIABÁ,MT,-15.554167,-55.691667,BR,private_aerodrome,Brasil,ANAC_privados
SICR,SICR,Fazenda Coração do Brasil,PONTES E LACERDA,MT,-15.97,-59.643333,BR,private_aerodrome,Brasil,ANAC_privados
SICS,SICS,Fazenda Santa Terezinha,SANTA RITA DO TRIVELATO,MT,-13.670833,-55.533333,BR,private_aerodrome,Brasil,ANAC_privados
SICU,SICU,Ouro Branco,PARACATU,MG,-16.716389,-47.017778,BR,private_aerodrome,Brasil,ANAC_privados
SICV,SICV,Porto Marina Astúrias,GUARUJÁ,São Paulo,-24.000556,-46.293611,BR,heliport,Brasil,ANAC_helipontos
SICW,SICW,Fazenda Santa Fé,CAMPO ALEGRE DE GOIÁS,GO,-17.455,-47.825278,BR,private_aerodrome,Brasil,ANAC_privados
SICX,SICX,Edifício Salvador Trade Center,SALVADOR,Bahia,-12.983889,-38.453611,BR,heliport,Brasil,ANAC_helipontos
SICY,SICY,Fazenda Apucarana,MARABÁ,PA,-5.4633333,-49.772778,BR,private_aerodrome,Brasil,ANAC_privados
SID2,SID2,Caju,TIMBÓ,Santa Catarina,-26.838889,-49.228056,BR,heliport,Brasil,ANAC_helipontos
SID3,SID3,FAZENDA PRODUTIVA,SÃO FÉLIX DO ARAGUAIA,MT,-11.991667,-51.19,BR,private_aerodrome,Brasil,ANAC_privados
SID4,SID4,Fazenda Boa esperança,MUCAJAÍ,RR,2.65027778,-61.4625,BR,private_aerodrome,Brasil,ANAC_privados
SID6,SID6,FAZENDA SARANDI,TAPURAH,MT,-12.75,-56.578056,BR,private_aerodrome,Brasil,ANAC_privados
SID7,SID7,FAZENDA FRONTEIRA,CRIXÁS,GO,-14.224167,-50.151389,BR,private_aerodrome,Brasil,ANAC_privados
SID8,SID8,CLUBE DE VOO DE ÂNGULO,ÂNGULO,PR,-23.153056,-51.867778,BR,private_aerodrome,Brasil,ANAC_privados
SID9,SID9,FAZENDA SOMBRA DA TERRA,SORRISO,MT,-13.065833,-55.818889,BR,private_aerodrome,Brasil,ANAC_privados
SIDA,SIDA,Edifício Dakota,SÃO PAULO,São Paulo,-23.594444,-46.683611,BR,heliport,Brasil,ANAC_helipontos
SIDC,SIDC,Sítio Sobradinho,PARATY,Rio de Janeiro,-23.221389,-44.784167,BR,heliport,Brasil,ANAC_helipontos
SIDD,SIDD,Fazenda São Braz,BARRA DE SANTO ANTÔNIO,Alagoas,-9.3794444,-35.508056,BR,heliport,Brasil,ANAC_helipontos
SIDE,SIDE,Polícia Federal,SÃO PAULO,São Paulo,-23.511389,-46.704444,BR,heliport,Brasil,ANAC_helipontos
SIDF,SIDF,Fazenda São José,CÁCERES,MT,-16.0675,-58.479722,BR,private_aerodrome,Brasil,ANAC_privados
SIDG,SIDG,Irmãos Gonçalves,JARU,RO,-10.423333,-62.517222,BR,private_aerodrome,Brasil,ANAC_privados
SIDH,SIDH,Brascan Century Plaza Green Valley Commercial,BARUERI,São Paulo,-23.485556,-46.864167,BR,heliport,Brasil,ANAC_helipontos
SIDI,SIDI,Fazenda Cachoeira,CAETÉ,Minas Gerais,-19.829444,-43.630278,BR,heliport,Brasil,ANAC_helipontos
SIDJ,SIDJ,Fazenda Arpa,SANTA MARIA DAS BARREIRAS,PA,-8.9483333,-50.513333,BR,private_aerodrome,Brasil,ANAC_privados
SIDK,SIDK,Fazenda Boqueirão de Cedro,ARRAIAS,TO,-12.890278,-46.693333,BR,private_aerodrome,Brasil,ANAC_privados
SIDM,SIDM,Fazenda Cibrapa,BARRA DO GARÇAS,MT,-15.036667,-52.099444,BR,private_aerodrome,Brasil,ANAC_privados
SIDN,SIDN,Fazenda Figueiral,CORUMBÁ,MS,-18.396667,-55.413889,BR,private_aerodrome,Brasil,ANAC_privados
SIDO,SIDO,Pagador,PRESIDENTE PRUDENTE,SP,-22.183889,-51.474722,BR,private_aerodrome,Brasil,ANAC_privados
SIDP,SIDP,Vale das Palmeiras,MACAÉ,Rio de Janeiro,-22.388333,-41.855833,BR,heliport,Brasil,ANAC_helipontos
SIDQ,SIDQ,Das Quaresmas,ANGRA DOS REIS,Rio de Janeiro,-23.016389,-44.291111,BR,heliport,Brasil,ANAC_helipontos
SIDR,SIDR,Retiro Piúva,MIRANDA,MS,-19.837222,-56.703333,BR,private_aerodrome,Brasil,ANAC_privados
SIDT,SIDT,Edise,RIO DE JANEIRO,Rio de Janeiro,-22.909167,-43.178889,BR,heliport,Brasil,ANAC_helipontos
SIDU,SIDU,Cidade da Polícia,RIO DE JANEIRO,Rio de Janeiro,-22.88,-43.255,BR,heliport,Brasil,ANAC_helipontos
SIDV,SIDV,Doutor Saulo Villela,JUIZ DE FORA,MG,-21.78,-43.28,BR,private_aerodrome,Brasil,ANAC_privados
SIDW,SIDW,Fazenda Cortezia,LUCAS DO RIO VERDE,MT,-13.000278,-56.087778,BR,private_aerodrome,Brasil,ANAC_privados
SIDX,SIDX,Vila Adail 2,ELIAS FAUSTO,São Paulo,-23.050556,-47.396389,BR,heliport,Brasil,ANAC_helipontos
SIDY,SIDY,Fazenda Yanduy,LUNARDELLI,PR,-24.0775,-51.819444,BR,private_aerodrome,Brasil,ANAC_privados
SIDZ,SIDZ,Fazenda Santa Fé,CRISTÓPOLIS,BA,-12.225,-44.039167,BR,private_aerodrome,Brasil,ANAC_privados
SIE2,SIE2,Fazenda Marape,LUCAS DO RIO VERDE,MT,-13.164722,-56.176667,BR,private_aerodrome,Brasil,ANAC_privados
SIE3,SIE3,TAIGA AGROPECUÁRIA,COLNIZA,MT,-9.0605556,-59.12,BR,private_aerodrome,Brasil,ANAC_privados
SIE4,SIE4,Fazenda Yndiana,PORTO MURTINHO,MS,-21.777778,-57.496389,BR,private_aerodrome,Brasil,ANAC_privados
SIE6,SIE6,FAZENDA SÃO FRANCISCO DA NHECOLÂNDIA,CORUMBÁ,MS,-18.793611,-56.905278,BR,private_aerodrome,Brasil,ANAC_privados
SIE7,SIE7,Animalia Park,COTIA,São Paulo,-23.621667,-46.969444,BR,heliport,Brasil,ANAC_helipontos
SIE8,SIE8,Fazenda Planalto,ITAITUBA,PA,-7.8961111,-56.684722,BR,private_aerodrome,Brasil,ANAC_privados
SIE9,SIE9,Lindner TS,JOAÇABA,Santa Catarina,-27.15,-51.601667,BR,heliport,Brasil,ANAC_helipontos
SIEA,SIEA,Fazenda Ibiporã,GUARARAPES,SP,-21.466389,-50.798611,BR,private_aerodrome,Brasil,ANAC_privados
SIEB,SIEB,Fazenda São Bento,SIDROLÂNDIA,MS,-21.071667,-55.124722,BR,private_aerodrome,Brasil,ANAC_privados
SIEC,SIEC,Agropecuária Cachoeira,JARAGUARI,MS,-20.051389,-54.256667,BR,private_aerodrome,Brasil,ANAC_privados
SIED,SIED,Fazenda Espadim,PARANHOS,MS,-23.794167,-55.335833,BR,private_aerodrome,Brasil,ANAC_privados
SIEE,SIEE,Ecovias Imigrantes,SÃO BERNARDO DO CAMPO,São Paulo,-23.784444,-46.596389,BR,heliport,Brasil,ANAC_helipontos
SIEF,SIEF,Fazenda São José,CAMPO GRANDE,MS,-20.571389,-54.715278,BR,private_aerodrome,Brasil,ANAC_privados
SIEG,SIEG,Fazenda Chapadão,GUARDA-MOR,MG,-17.893611,-47.243889,BR,private_aerodrome,Brasil,ANAC_privados
SIEH,SIEH,Fazenda Vô Chico,JALES,SP,-20.312222,-50.6125,BR,private_aerodrome,Brasil,ANAC_privados
SIEI,SIEI,Helicia,SIMÕES FILHO,Bahia,-12.839167,-38.426389,BR,heliport,Brasil,ANAC_helipontos
SIEK,SIEK,Fazenda Espírito Santo,CACHOEIRA DO ARARI,PA,-0.98777778,-48.889167,BR,private_aerodrome,Brasil,ANAC_privados
SIEL,SIEL,Eletro Cesar Primavera,PIMENTA BUENO,RO,-11.903889,-61.225833,BR,private_aerodrome,Brasil,ANAC_privados
SIEM,SIEM,Fazenda Encantado,SAPEZAL,MT,-13.316667,-58.798333,BR,private_aerodrome,Brasil,ANAC_privados
SIEN,SIEN,Fazenda Santa Eulina,CORUMBÁ,MS,-18.126944,-56.526667,BR,private_aerodrome,Brasil,ANAC_privados
SIEO,SIEO,Fazenda Mendonça,SÃO SEBASTIÃO DO OESTE,MG,-20.231389,-44.925278,BR,private_aerodrome,Brasil,ANAC_privados
SIEQ,SIEQ,Fazenda Tauá,NOVA MUTUM,MT,-13.306111,-56.573056,BR,private_aerodrome,Brasil,ANAC_privados
SIER,SIER,Cosan,PIRACICABA,São Paulo,-22.632778,-47.686944,BR,heliport,Brasil,ANAC_helipontos
SIES,SIES,Da Baleia,SÃO SEBASTIÃO,São Paulo,-23.768611,-45.633056,BR,heliport,Brasil,ANAC_helipontos
SIET,SIET,CD 19,GUARUJÁ,São Paulo,-23.955278,-46.189444,BR,heliport,Brasil,ANAC_helipontos
SIEU,SIEU,Diamante,JAÚ,São Paulo,-22.373333,-48.693056,BR,heliport,Brasil,ANAC_helipontos
SIEV,SIEV,Fazenda Boca da Onça,BODOQUENA,MS,-20.766389,-56.707222,BR,private_aerodrome,Brasil,ANAC_privados
SIEW,SIEW,Areia Branca,NOVO ARIPUANÃ,AM,-7.9877778,-61.050278,BR,private_aerodrome,Brasil,ANAC_privados
SIEX,SIEX,Fazenda São Joaquim I,SANTA VITÓRIA,MG,-19.008889,-50.431111,BR,private_aerodrome,Brasil,ANAC_privados
SIEZ,SIEZ,Asa Branca,TUBARÃO,SC,-28.528056,-48.949167,BR,private_aerodrome,Brasil,ANAC_privados
SIF0,SIF0,Fazenda Cachoeira,TANGARÁ DA SERRA,MT,-14.565,-57.777778,BR,private_aerodrome,Brasil,ANAC_privados
SIF2,SIF2,FAZENDA PORTO D'OESTE,VILA BELA DA SANTÍSSIMA TRINDADE,MT,-14.339722,-60.191389,BR,private_aerodrome,Brasil,ANAC_privados
SIF3,SIF3,Fazenda Tremendal,CÁCERES,MT,-16.456111,-58.292778,BR,private_aerodrome,Brasil,ANAC_privados
SIF4,SIF4,Grand Brasil,BARUERI,São Paulo,-23.503333,-46.856111,BR,heliport,Brasil,ANAC_helipontos
SIF6,SIF6,Agro Mascarello,SÃO FRANCISCO DO GUAPORÉ,RO,-12.073611,-63.661944,BR,private_aerodrome,Brasil,ANAC_privados
SIF7,SIF7,Fazenda Alvorada,PORTO ESPERIDIÃO,MT,-15.626944,-58.804167,BR,private_aerodrome,Brasil,ANAC_privados
SIF8,SIF8,FAZENDA MARÉ MANSA,SÃO DESIDÉRIO,BA,-12.605833,-44.721389,BR,private_aerodrome,Brasil,ANAC_privados
SIF9,SIF9,Fazenda Rios,BRASILÂNDIA DO TOCANTINS,TO,-8.3522222,-48.4875,BR,private_aerodrome,Brasil,ANAC_privados
SIFB,SIFB,Sítio Canhanheiro,PARATY,Rio de Janeiro,-23.223611,-44.685278,BR,heliport,Brasil,ANAC_helipontos
SIFC,SIFC,Coroa do Avião,IGARASSU,PE,-7.8444444,-34.891111,BR,private_aerodrome,Brasil,ANAC_privados
SIFE,SIFE,Fazenda Estiva,MARACAJU,MS,-21.725278,-55.094167,BR,private_aerodrome,Brasil,ANAC_privados
SIFF,SIFF,Sunset Airfield,SÃO FRANCISCO DE PAULA,RS,-29.323889,-50.739722,BR,private_aerodrome,Brasil,ANAC_privados
SIFG,SIFG,Life Center,BELO HORIZONTE,Minas Gerais,-19.935278,-43.924444,BR,heliport,Brasil,ANAC_helipontos
SIFH,SIFH,Hospital Regional do Vale do Jaguaribe,LIMOEIRO DO NORTE,Ceará,-5.1183333,-38.148056,BR,heliport,Brasil,ANAC_helipontos
SIFJ,SIFJ,Fazenda Bom Jesus,PEDRA PRETA,MT,-16.794167,-54.11,BR,private_aerodrome,Brasil,ANAC_privados
SIFK,SIFK,Hospital Santa Teresa,PETRÓPOLIS,Rio de Janeiro,-22.508056,-43.193889,BR,heliport,Brasil,ANAC_helipontos
SIFL,SIFL,FIESC,FLORIANÓPOLIS,Santa Catarina,-27.592222,-48.493056,BR,heliport,Brasil,ANAC_helipontos
SIFM,SIFM,Fazenda Mimoso,PARAÍSO DAS ÁGUAS,MS,-19.05,-52.965556,BR,private_aerodrome,Brasil,ANAC_privados
SIFN,SIFN,Fazenda Cachoeira Branca,RIBAS DO RIO PARDO,MS,-20.891111,-53.404167,BR,private_aerodrome,Brasil,ANAC_privados
SIFP,SIFP,EPCCO,REGISTRO,São Paulo,-24.524722,-47.850556,BR,heliport,Brasil,ANAC_helipontos
SIFQ,SIFQ,Condomínio Menega,FLORES DA CUNHA,RS,-29.044722,-51.143333,BR,private_aerodrome,Brasil,ANAC_privados
SIFR,SIFR,Fazenda Santa Maria,CRAVINHOS,São Paulo,-21.285,-47.7575,BR,heliport,Brasil,ANAC_helipontos
SIFT,SIFT,Fazenda Travessão,VILA BELA DA SANTÍSSIMA TRINDADE,MT,-16.144444,-60.120278,BR,private_aerodrome,Brasil,ANAC_privados
SIFU,SIFU,Fazenda Ribeirão,BARRA DO PIRAÍ,RJ,-22.415556,-43.775278,BR,private_aerodrome,Brasil,ANAC_privados
SIFV,SIFV,Primo Bitti,ARACRUZ,ES,-19.826389,-40.100556,BR,private_aerodrome,Brasil,ANAC_privados
SIFW,SIFW,Fazenda São Lourenço,CORUMBÁ,MS,-17.719167,-56.997222,BR,private_aerodrome,Brasil,ANAC_privados
SIFX,SIFX,Fazenda  Patropi,SÃO FÉLIX DO XINGU,PA,-9.3080556,-51.610833,BR,private_aerodrome,Brasil,ANAC_privados
SIG2,SIG2,Pandorga,TAUBATÉ,SP,-23.012778,-45.679444,BR,private_aerodrome,Brasil,ANAC_privados
SIG3,SIG3,Rancho Veneza,VITÓRIA DA CONQUISTA,BA,-14.835,-40.761111,BR,private_aerodrome,Brasil,ANAC_privados
SIG4,SIG4,FAZENDA RAINHA DO CURUÁ,ALTAMIRA,PA,-6.4891667,-54.896944,BR,private_aerodrome,Brasil,ANAC_privados
SIG5,SIG5,Boi na Grota,NOVO REPARTIMENTO,PA,-4.2633333,-49.9425,BR,private_aerodrome,Brasil,ANAC_privados
SIG6,SIG6,Fazenda Vale da Serra,MUCAJAÍ,RR,2.59305556,-61.441111,BR,private_aerodrome,Brasil,ANAC_privados
SIG7,SIG7,Fazenda Alvorada,COUTO MAGALHÃES,TO,-8.5641667,-49.108056,BR,private_aerodrome,Brasil,ANAC_privados
SIG8,SIG8,FAZENDA PORTUGAL,RIBEIRO GONÇALVES,PI,-8.3036111,-45.553333,BR,private_aerodrome,Brasil,ANAC_privados
SIG9,SIG9,Fazenda Quatro Irmãos,NOVO REPARTIMENTO,PA,-4.3216667,-50.973333,BR,private_aerodrome,Brasil,ANAC_privados
SIGA,SIGA,Fazenda Granja Santiago,PARACATU,MG,-17.162222,-46.66,BR,private_aerodrome,Brasil,ANAC_privados
SIGB,SIGB,Mormaii,GAROPABA,Santa Catarina,-28.043056,-48.625556,BR,heliport,Brasil,ANAC_helipontos
SIGC,SIGC,Porto Cubatão,CANANÉIA,São Paulo,-24.975278,-47.944722,BR,heliport,Brasil,ANAC_helipontos
SIGD,SIGD,Guidoni,SÃO DOMINGOS DO NORTE,Espírito Santo,-19.190278,-40.630278,BR,heliport,Brasil,ANAC_helipontos
SIGE,SIGE,Alberi Juliani,LAGOA DA CONFUSÃO,TO,-10.788611,-49.584722,BR,private_aerodrome,Brasil,ANAC_privados
SIGF,SIGF,Rumenos Sarkis Simão,PADRE BERNARDO,GO,-15.139722,-48.243333,BR,private_aerodrome,Brasil,ANAC_privados
SIGG,SIGG,FSA,NOVA MARINGÁ,MT,-12.814444,-57.179444,BR,private_aerodrome,Brasil,ANAC_privados
SIGH,SIGH,Igarashi,PAPANDUVA,Santa Catarina,-26.392778,-50.164722,BR,heliport,Brasil,ANAC_helipontos
SIGI,SIGI,Fazenda Cardeiros,SÃO PEDRO DA ALDEIA,Rio de Janeiro,-22.879167,-42.131389,BR,heliport,Brasil,ANAC_helipontos
SIGK,SIGK,CD Guarulhos,GUARULHOS,São Paulo,-23.446667,-46.444444,BR,heliport,Brasil,ANAC_helipontos
SIGL,SIGL,Fazenda Dumont - Chiquinho Ribeiro,BRAGANÇA PAULISTA,SP,-23.006667,-46.646667,BR,private_aerodrome,Brasil,ANAC_privados
SIGM,SIGM,Gandini Terras,ITU,São Paulo,-23.298889,-47.2875,BR,heliport,Brasil,ANAC_helipontos
SIGO,SIGO,Condomínio Edifício Paulista Plaza,SÃO PAULO,São Paulo,-23.573611,-46.641667,BR,heliport,Brasil,ANAC_helipontos
SIGP,SIGP,Rio - Bravo,RIO DE JANEIRO,Rio de Janeiro,-22.909167,-43.181667,BR,heliport,Brasil,ANAC_helipontos
SIGQ,SIGQ,Aeroclube CSN - Companhia Siderúrgica Nacional,VOLTA REDONDA,Rio de Janeiro,-22.499167,-44.081111,BR,heliport,Brasil,ANAC_helipontos
SIGR,SIGR,Asa Branca,GRAVATÁ,Pernambuco,-8.1908333,-35.5175,BR,heliport,Brasil,ANAC_helipontos
SIGS,SIGS,Fazenda São Francisco,MUNDO NOVO,GO,-13.917222,-50.013056,BR,private_aerodrome,Brasil,ANAC_privados
SIGU,SIGU,Iguatemi Ribeirão Preto,RIBEIRÃO PRETO,São Paulo,-21.225556,-47.836944,BR,heliport,Brasil,ANAC_helipontos
SIGV,SIGV,Rede Record,SÃO PAULO,São Paulo,-23.523889,-46.6625,BR,heliport,Brasil,ANAC_helipontos
SIGW,SIGW,Fazenda Serra Grande,RIBEIRO GONÇALVES,PI,-8.3433333,-45.518056,BR,private_aerodrome,Brasil,ANAC_privados
SIGX,SIGX,Fazenda Gairova,JUARA,MT,-11.198333,-58.236111,BR,private_aerodrome,Brasil,ANAC_privados
SIGY,SIGY,Fazenda Guadiana,MARTINÓPOLIS,SP,-22.074167,-51.038889,BR,private_aerodrome,Brasil,ANAC_privados
SIGZ,SIGZ,Represa,SÃO PAULO,São Paulo,-23.616944,-46.698889,BR,heliport,Brasil,ANAC_helipontos
SIH2,SIH2,Fazenda Porteira,PEIXE,TO,-12.281389,-48.672222,BR,private_aerodrome,Brasil,ANAC_privados
SIH3,SIH3,Fazenda Santa Clara,COCALINHO,MT,-14.211389,-51.122778,BR,private_aerodrome,Brasil,ANAC_privados
SIH4,SIH4,Voigtland,JARAGUÁ DO SUL,Santa Catarina,-26.4775,-49.054167,BR,heliport,Brasil,ANAC_helipontos
SIH5,SIH5,Fazenda Boa Vitória,BRUMADINHO,Minas Gerais,-20.283889,-44.110833,BR,heliport,Brasil,ANAC_helipontos
SIH6,SIH6,Fazenda Ponta Negra,CHAVES,PA,0.578888889,-50.335,BR,private_aerodrome,Brasil,ANAC_privados
SIH7,SIH7,Hospital Regional Rota dos Bandeirantes,BARUERI,São Paulo,-23.539167,-46.873889,BR,heliport,Brasil,ANAC_helipontos
SIH8,SIH8,FUNDAÇÃO RIO VERDE SHOW SAFRA,LUCAS DO RIO VERDE,MT,-13.006111,-55.966111,BR,private_aerodrome,Brasil,ANAC_privados
SIH9,SIH9,Gratt,CAPINZAL,Santa Catarina,-27.369444,-51.606389,BR,heliport,Brasil,ANAC_helipontos
SIHA,SIHA,Agropecuária São Bernardo,SÃO MIGUEL DAS MISSÕES,RS,-28.818333,-54.3825,BR,private_aerodrome,Brasil,ANAC_privados
SIHB,SIHB,Fazenda Soberana,GRAJAÚ,MA,-5.4558333,-46.0625,BR,private_aerodrome,Brasil,ANAC_privados
SIHC,SIHC,Cel PM Cícero Dantas dos Santos,VITÓRIA,Espírito Santo,-20.293611,-40.3125,BR,heliport,Brasil,ANAC_helipontos
SIHD,SIHD,Divena,SÃO PAULO,São Paulo,-23.598333,-46.622222,BR,heliport,Brasil,ANAC_helipontos
SIHE,SIHE,Fortesolo,PARANAGUÁ,Paraná,-25.554167,-48.5575,BR,heliport,Brasil,ANAC_helipontos
SIHF,SIHF,Flamboyant II,GOIÂNIA,Goiás,-16.709167,-49.235556,BR,heliport,Brasil,ANAC_helipontos
SIHH,SIHH,Insólito Hotel,ARMAÇÃO DOS BÚZIOS,Rio de Janeiro,-22.769722,-41.882778,BR,heliport,Brasil,ANAC_helipontos
SIHI,SIHI,Fazenda Itaipavas,PIÇARRA,PA,-6.6163889,-48.995833,BR,private_aerodrome,Brasil,ANAC_privados
SIHJ,SIHJ,Jaru Tradição,JARU,Rondônia,-10.442222,-62.448056,BR,heliport,Brasil,ANAC_helipontos
SIHK,SIHK,Hospital Santa Catarina,SÃO PAULO,São Paulo,-23.568889,-46.645556,BR,heliport,Brasil,ANAC_helipontos
SIHL,SIHL,Rio Centro,RIO DE JANEIRO,Rio de Janeiro,-22.979722,-43.409444,BR,heliport,Brasil,ANAC_helipontos
SIHM,SIHM,Helicentro North Star,EUSÉBIO,Ceará,-3.8108333,-38.434167,BR,heliport,Brasil,ANAC_helipontos
SIHN,SIHN,Marina Beach Tower,BALNEÁRIO CAMBORIÚ,Santa Catarina,-27.005556,-48.620556,BR,heliport,Brasil,ANAC_helipontos
SIHO,SIHO,Kia,ITU,São Paulo,-23.284167,-47.290833,BR,heliport,Brasil,ANAC_helipontos
SIHP,SIHP,Fazenda Esperança,ITAPEVA,SP,-23.867222,-48.805833,BR,private_aerodrome,Brasil,ANAC_privados
SIHT,SIHT,Tanguá,ANGRA DOS REIS,Rio de Janeiro,-23.001944,-44.353056,BR,heliport,Brasil,ANAC_helipontos
SIHX,SIHX,Fazenda Pau D'Alho,NOVA BANDEIRANTES,MT,-9.4061111,-58.191111,BR,private_aerodrome,Brasil,ANAC_privados
SIHY,SIHY,Tom Aviação Agrícola Ltda.,ITÁPOLIS,SP,-21.627222,-48.781667,BR,private_aerodrome,Brasil,ANAC_privados
SIHZ,SIHZ,Nannai Resort e Spa,IPOJUCA,Pernambuco,-8.4319444,-34.981389,BR,heliport,Brasil,ANAC_helipontos
SII2,SII2,FAZENDA DONA AUGUSTA,COLARES,PA,-0.98,-48.289167,BR,private_aerodrome,Brasil,ANAC_privados
SII3,SII3,Aerodromo Privado Fazenda São Sebastião,NOVA CRIXÁS,GO,-14.082222,-50.283333,BR,private_aerodrome,Brasil,ANAC_privados
SII4,SII4,FAZENDA BOQUEIRÃO,JOÃO PINHEIRO,MG,-17.240833,-46.281944,BR,private_aerodrome,Brasil,ANAC_privados
SII6,SII6,Fazenda Nossa Senhora de Nazaré,ARAGUAPAZ,GO,-15.110278,-50.629722,BR,private_aerodrome,Brasil,ANAC_privados
SII7,SII7,SOCÓ BEACH RESIDENCE,CAJUEIRO DA PRAIA,Piauí,-2.9297222,-41.334167,BR,heliport,Brasil,ANAC_helipontos
SII8,SII8,AERÓDROMO FAZENDA HORIZONTINA LESTE,TASSO FRAGOSO,MA,-7.8741667,-45.751389,BR,private_aerodrome,Brasil,ANAC_privados
SII9,SII9,FAZENDA SÃO FRANCISCO,PARANATINGA,MT,-13.983611,-54.643889,BR,private_aerodrome,Brasil,ANAC_privados
SIIA,SIIA,Fazenda Paraná,BRASNORTE,MT,-11.668889,-58.241389,BR,private_aerodrome,Brasil,ANAC_privados
SIIB,SIIB,Da Praia,ARMAÇÃO DOS BÚZIOS,Rio de Janeiro,-22.773889,-41.89,BR,heliport,Brasil,ANAC_helipontos
SIIC,SIIC,Celeiro 1,JABORANDI,BA,-14.369722,-45.541111,BR,private_aerodrome,Brasil,ANAC_privados
SIID,SIID,Fazenda Dona Chica,OSÓRIO,RS,-30.033611,-50.372222,BR,private_aerodrome,Brasil,ANAC_privados
SIIE,SIIE,Fazenda Santa Fé,GUIA LOPES DA LAGUNA,MS,-21.473333,-55.878889,BR,private_aerodrome,Brasil,ANAC_privados
SIIF,SIIF,Carmel Hoteis,SÃO GONÇALO DO AMARANTE,Ceará,-3.5061111,-38.903889,BR,heliport,Brasil,ANAC_helipontos
SIIG,SIIG,Elisa Camargo de Arruda Botelho,RANCHARIA,SP,-22.360833,-51.101389,BR,private_aerodrome,Brasil,ANAC_privados
SIIH,SIIH,Torre 2000,SÃO PAULO,São Paulo,-23.566667,-46.686389,BR,heliport,Brasil,ANAC_helipontos
SIII,SIII,Dr. Heráclito da Motta Luiz,GUAÍRA,SP,-20.433056,-48.224444,BR,private_aerodrome,Brasil,ANAC_privados
SIIJ,SIIJ,São Geraldo,BONITO,MS,-21.260278,-56.567778,BR,private_aerodrome,Brasil,ANAC_privados
SIIK,SIIK,Fazenda Santa Lídia,RIBAS DO RIO PARDO,MS,-20.721944,-53.687778,BR,private_aerodrome,Brasil,ANAC_privados
SIIM,SIIM,Marisol,JARAGUÁ DO SUL,Santa Catarina,-26.482222,-49.064167,BR,heliport,Brasil,ANAC_helipontos
SIIN,SIIN,Fazenda Marrecão,SÃO MIGUEL DO GUAPORÉ,RO,-12.04,-63.042222,BR,private_aerodrome,Brasil,ANAC_privados
SIIO,SIIO,Itaorna,ANGRA DOS REIS,Rio de Janeiro,-23.005,-44.465833,BR,heliport,Brasil,ANAC_helipontos
SIIP,SIIP,Fazenda Paraíso,ALFENAS,MG,-21.35,-45.838333,BR,private_aerodrome,Brasil,ANAC_privados
SIIQ,SIIQ,Palácio Boa Vista,CAMPOS DO JORDÃO,São Paulo,-22.735,-45.606667,BR,heliport,Brasil,ANAC_helipontos
SIIR,SIIR,Brascan Century Plaza,SÃO PAULO,São Paulo,-23.584167,-46.675556,BR,heliport,Brasil,ANAC_helipontos
SIIS,SIIS,Fazenda Uberaba,ALTO PARAÍSO,PR,-23.655278,-53.833333,BR,private_aerodrome,Brasil,ANAC_privados
SIIT,SIIT,Fazenda Cachoeira,ANASTÁCIO,MS,-20.76,-55.572222,BR,private_aerodrome,Brasil,ANAC_privados
SIIV,SIIV,Kekafly II,BRUSQUE,Santa Catarina,-27.089167,-48.915278,BR,heliport,Brasil,ANAC_helipontos
SIIW,SIIW,TECNET 2,SANTANA DE PARNAÍBA,São Paulo,-23.454167,-46.87,BR,heliport,Brasil,ANAC_helipontos
SIIX,SIIX,Bira Guimarães,IGARATÁ,São Paulo,-23.195278,-46.094722,BR,heliport,Brasil,ANAC_helipontos
SIIY,SIIY,Condomínio Brasil 21,BRASÍLIA,Distrito Federal,-15.792778,-47.893889,BR,heliport,Brasil,ANAC_helipontos
SIIZ,SIIZ,Fazenda Iporanga,MUTUNÓPOLIS,GO,-13.758333,-49.473056,BR,private_aerodrome,Brasil,ANAC_privados
SIJ2,SIJ2,Fazenda Capão Grande,CRISTALINA,GO,-16.562778,-47.616111,BR,private_aerodrome,Brasil,ANAC_privados
SIJ3,SIJ3,Fazenda Primavera,SANTO ANTÔNIO DO ARACANGUÁ,SP,-20.824722,-50.647222,BR,private_aerodrome,Brasil,ANAC_privados
SIJ4,SIJ4,Fazenda Tamanduá Bandeira,SANTA RITA DO PARDO,MS,-21.585556,-52.869167,BR,private_aerodrome,Brasil,ANAC_privados
SIJ6,SIJ6,Fazenda Nossa Senhora Aparecida,SANTA CRUZ DO XINGU,MT,-10.307778,-52.719167,BR,private_aerodrome,Brasil,ANAC_privados
SIJ7,SIJ7,Fazenda Esperança,SÃO JOSÉ DO XINGU,MT,-10.337222,-52.243611,BR,private_aerodrome,Brasil,ANAC_privados
SIJ8,SIJ8,FAZENDA POUSO ALEGRE,CALÇOENE,AP,2.18916667,-50.936111,BR,private_aerodrome,Brasil,ANAC_privados
SIJ9,SIJ9,HELIPONTO CEL ENERGIA,TRINDADE,Goiás,-16.5775,-49.491111,BR,heliport,Brasil,ANAC_helipontos
SIJA,SIJA,Maca Aero,TAILÂNDIA,PA,-2.8977778,-48.958056,BR,private_aerodrome,Brasil,ANAC_privados
SIJB,SIJB,JK Business Center,PALMAS,Tocantins,-10.185,-48.3375,BR,heliport,Brasil,ANAC_helipontos
SIJC,SIJC,Fazenda Jatobá,SANTO ANTÔNIO DE POSSE,São Paulo,-22.582778,-47.033889,BR,heliport,Brasil,ANAC_helipontos
SIJD,SIJD,João Dias,SÃO PAULO,São Paulo,-23.643611,-46.717778,BR,heliport,Brasil,ANAC_helipontos
SIJE,SIJE,Fazenda Joana Estância,CORUMBÁ,MS,-20.013889,-57.389167,BR,private_aerodrome,Brasil,ANAC_privados
SIJF,SIJF,Edifício Faria Lima Financial Center,SÃO PAULO,São Paulo,-23.586111,-46.683333,BR,heliport,Brasil,ANAC_helipontos
SIJG,SIJG,Fazenda Jaguaretê,GUARARAPES,SP,-21.4425,-50.725833,BR,private_aerodrome,Brasil,ANAC_privados
SIJH,SIJH,Jeep Helipad,GOIANA,Pernambuco,-7.6141667,-34.969167,BR,heliport,Brasil,ANAC_helipontos
SIJI,SIJI,Petrobrás- São José dos Campos,SÃO JOSÉ DOS CAMPOS,São Paulo,-23.1825,-45.817222,BR,heliport,Brasil,ANAC_helipontos
SIJJ,SIJJ,Fazenda Cambay,JUTI,MS,-22.67,-54.322778,BR,private_aerodrome,Brasil,ANAC_privados
SIJK,SIJK,Fazenda Capuame,CAMAÇARI,BA,-12.692222,-38.196667,BR,private_aerodrome,Brasil,ANAC_privados
SIJL,SIJL,São João da Barra,SÃO JOÃO DA BARRA,RJ,-21.638056,-41.028889,BR,private_aerodrome,Brasil,ANAC_privados
SIJN,SIJN,Pouso na Serra,BOM RETIRO,SC,-27.865,-49.578889,BR,private_aerodrome,Brasil,ANAC_privados
SIJO,SIJO,Fazenda São Sebastião do Jatobazinho,CORUMBÁ,MS,-18.577222,-57.511111,BR,private_aerodrome,Brasil,ANAC_privados
SIJP,SIJP,Bolsa-RJ,RIO DE JANEIRO,Rio de Janeiro,-22.902222,-43.174167,BR,heliport,Brasil,ANAC_helipontos
SIJQ,SIJQ,A2 Aviação Agrícola Ltda,ALTA FLORESTA,MT,-10.068611,-55.995278,BR,private_aerodrome,Brasil,ANAC_privados
SIJR,SIJR,Ely Rego,BALSA NOVA,PR,-25.539444,-49.6,BR,private_aerodrome,Brasil,ANAC_privados
SIJT,SIJT,Mima 3,CAMPOS DOS GOYTACAZES,Rio de Janeiro,-21.749722,-41.302778,BR,heliport,Brasil,ANAC_helipontos
SIJU,SIJU,Fazenda Areia Branca,JUÍNA,MT,-11.790556,-58.456111,BR,private_aerodrome,Brasil,ANAC_privados
SIJV,SIJV,Fazenda Vitória,RIO VERDE DE MATO GROSSO,MS,-18.622222,-55.104444,BR,private_aerodrome,Brasil,ANAC_privados
SIJW,SIJW,Fazenda Retimar,IGUATEMI,MS,-23.507222,-54.818056,BR,private_aerodrome,Brasil,ANAC_privados
SIJX,SIJX,Internacional Plaza,SÃO PAULO,São Paulo,-23.591389,-46.681667,BR,heliport,Brasil,ANAC_helipontos
SIJY,SIJY,Campo Comandantes,ITAJAÍ,SC,-26.980833,-48.814167,BR,private_aerodrome,Brasil,ANAC_privados
SIJZ,SIJZ,Fazenda Vera Paz,ITAITUBA,PA,-7.3947222,-56.764722,BR,private_aerodrome,Brasil,ANAC_privados
SIK2,SIK2,FAZENDA SANTA MARIA,LARANJAL DO JARI,AP,-0.79111111,-52.469722,BR,private_aerodrome,Brasil,ANAC_privados
SIK3,SIK3,IGESP Praia Grande,PRAIA GRANDE,São Paulo,-24.007222,-46.431111,BR,heliport,Brasil,ANAC_helipontos
SIK4,SIK4,Fazenda Bomfim,URBANO SANTOS,MA,-3.3663889,-43.178889,BR,private_aerodrome,Brasil,ANAC_privados
SIK6,SIK6,Sonho de Infância,CEREJEIRAS,RO,-13.262222,-60.942222,BR,private_aerodrome,Brasil,ANAC_privados
SIK7,SIK7,ESTÂNCIA BELA VISTA,BAGÉ,RS,-31.231111,-53.6725,BR,private_aerodrome,Brasil,ANAC_privados
SIK8,SIK8,Fazenda Tamakavy,ALTO BOA VISTA,MT,-11.8725,-52.136389,BR,private_aerodrome,Brasil,ANAC_privados
SIK9,SIK9,FAZENDA PRANCHADA,PORTO MURTINHO,MS,-21.223333,-57.483333,BR,private_aerodrome,Brasil,ANAC_privados
SIKA,SIKA,Fazenda Alegria II,AMAMBAI,MS,-23.110556,-54.558056,BR,private_aerodrome,Brasil,ANAC_privados
SIKB,SIKB,Kekafly I,BRUSQUE,Santa Catarina,-27.082778,-48.925556,BR,heliport,Brasil,ANAC_helipontos
SIKC,SIKC,Copters,MAIRIPORÃ,São Paulo,-23.298889,-46.596944,BR,heliport,Brasil,ANAC_helipontos
SIKE,SIKE,AERIS II,CAUCAIA,Ceará,-3.6202778,-38.848056,BR,heliport,Brasil,ANAC_helipontos
SIKF,SIKF,Plaza Iguatemi,SÃO PAULO,São Paulo,-23.576667,-46.686667,BR,heliport,Brasil,ANAC_helipontos
SIKG,SIKG,Fazenda São Miguel,RIBEIRÃO BRANCO,São Paulo,-24.198056,-48.642778,BR,heliport,Brasil,ANAC_helipontos
SIKH,SIKH,Hotel Vitória,INDAIATUBA,São Paulo,-23.085278,-47.182778,BR,heliport,Brasil,ANAC_helipontos
SIKI,SIKI,Cialne Irauçuba,IRAUÇUBA,CE,-3.7544444,-39.951667,BR,private_aerodrome,Brasil,ANAC_privados
SIKJ,SIKJ,Fazenda JK,COMODORO,MT,-13.0325,-59.917778,BR,private_aerodrome,Brasil,ANAC_privados
SIKK,SIKK,Calciolândia,ARCOS,MG,-20.250556,-45.645,BR,private_aerodrome,Brasil,ANAC_privados
SIKL,SIKL,Flamboyant,GOIÂNIA,Goiás,-16.709722,-49.238611,BR,heliport,Brasil,ANAC_helipontos
SIKM,SIKM,Fazenda Viamão,ARAME,MA,-5.2891667,-46.001667,BR,private_aerodrome,Brasil,ANAC_privados
SIKN,SIKN,Fazenda Bonanza,ARAME,MA,-5.1572222,-45.915556,BR,private_aerodrome,Brasil,ANAC_privados
SIKO,SIKO,Fazenda Água Boa,ANASTÁCIO,MS,-20.861944,-55.643611,BR,private_aerodrome,Brasil,ANAC_privados
SIKP,SIKP,Fazenda Santa Tereza,CORUMBÁ,MS,-18.303611,-57.506944,BR,private_aerodrome,Brasil,ANAC_privados
SIKQ,SIKQ,Fazenda Sararé,CONQUISTA D'OESTE,MT,-14.788611,-59.346111,BR,private_aerodrome,Brasil,ANAC_privados
SIKR,SIKR,Fazenda Barra Mansa,AQUIDAUANA,MS,-19.581389,-56.085556,BR,private_aerodrome,Brasil,ANAC_privados
SIKS,SIKS,Fazenda Vale do Juruena,NOVA BANDEIRANTES,MT,-9.4025,-58.228889,BR,private_aerodrome,Brasil,ANAC_privados
SIKT,SIKT,Joaquim Floriano,SÃO PAULO,São Paulo,-23.583056,-46.671111,BR,heliport,Brasil,ANAC_helipontos
SIKU,SIKU,Fazenda Gaúcha do Norte,GAÚCHA DO NORTE,MT,-13.031389,-52.980833,BR,private_aerodrome,Brasil,ANAC_privados
SIKV,SIKV,Aldeia do Vale,GOIÂNIA,Goiás,-16.608056,-49.191667,BR,heliport,Brasil,ANAC_helipontos
SIKW,SIKW,Fazenda Vista Linda,MUCURI,BA,-18.146944,-39.593889,BR,private_aerodrome,Brasil,ANAC_privados
SIKX,SIKX,Fazenda Água Boa,JUARA,MT,-11.176111,-57.668889,BR,private_aerodrome,Brasil,ANAC_privados
SIKY,SIKY,Kekafly III,BRUSQUE,Santa Catarina,-27.1075,-48.916111,BR,heliport,Brasil,ANAC_helipontos
SIL1,SIL1,Fazenda Lageado,UBERLÂNDIA,MG,-19.150278,-48.673333,BR,private_aerodrome,Brasil,ANAC_privados
SIL2,SIL2,Fazenda Cruzeiro I,NOVA SANTA HELENA,MT,-10.756667,-55.133333,BR,private_aerodrome,Brasil,ANAC_privados
SIL3,SIL3,FAZENDA JACARANDÁ,ARAGUAIANA,MT,-15.662778,-51.87,BR,private_aerodrome,Brasil,ANAC_privados
SIL4,SIL4,Fazenda Nova Chapada,CHAPADA DOS GUIMARÃES,MT,-15.504722,-55.474167,BR,private_aerodrome,Brasil,ANAC_privados
SIL6,SIL6,Fazenda Cruzeiro II,NOVA GUARITA,MT,-10.339167,-55.208889,BR,private_aerodrome,Brasil,ANAC_privados
SIL7,SIL7,HELIPARK PARÁ,MARABÁ,Pará,-5.3827778,-49.076667,BR,heliport,Brasil,ANAC_helipontos
SIL8,SIL8,PESA III,SÃO JOSÉ DO XINGU,MT,-10.497778,-52.293056,BR,private_aerodrome,Brasil,ANAC_privados
SIL9,SIL9,FAZENDA SÃO FRANCISCO,CAPITÃO ENÉAS,MG,-16.243889,-43.751111,BR,private_aerodrome,Brasil,ANAC_privados
SILA,SILA,Fazenda Santa Ada,JATEÍ,MS,-22.756667,-53.84,BR,private_aerodrome,Brasil,ANAC_privados
SILB,SILB,Fazenda Belizário,RIACHÃO DAS NEVES,BA,-11.528889,-45.733611,BR,private_aerodrome,Brasil,ANAC_privados
SILD,SILD,Pachu Aviação Agrícola,OLÍMPIA,SP,-20.705833,-49.051667,BR,private_aerodrome,Brasil,ANAC_privados
SILE,SILE,Usina Trapiche S/A,SIRINHAÉM,Pernambuco,-8.5794444,-35.128056,BR,heliport,Brasil,ANAC_helipontos
SILF,SILF,New Century,SÃO PAULO,São Paulo,-23.5875,-46.680278,BR,heliport,Brasil,ANAC_helipontos
SILG,SILG,Fazenda Panamá,SAPEZAL,MT,-13.76,-58.747222,BR,private_aerodrome,Brasil,ANAC_privados
SILH,SILH,Lytorânea,ITAGUAÍ,Rio de Janeiro,-22.862778,-43.748333,BR,heliport,Brasil,ANAC_helipontos
SILI,SILI,Fazenda Santa Clara,BOM JESUS,PI,-9.1916667,-45.046111,BR,private_aerodrome,Brasil,ANAC_privados
SILJ,SILJ,Do Gaúcho,LARANJAL DO JARI,AP,-0.83194444,-52.503611,BR,private_aerodrome,Brasil,ANAC_privados
SILK,SILK,O Estado de São Paulo,SÃO PAULO,São Paulo,-23.512778,-46.671667,BR,heliport,Brasil,ANAC_helipontos
SILM,SILM,Recanto das Marés,GOVERNADOR CELSO RAMOS,Santa Catarina,-27.378056,-48.530833,BR,heliport,Brasil,ANAC_helipontos
SILN,SILN,Aeroclube de Rio Negrinho,RIO NEGRINHO,SC,-26.321111,-49.521111,BR,private_aerodrome,Brasil,ANAC_privados
SILO,SILO,Fazenda Santa Luzia,ARUANÃ,GO,-14.248889,-50.881389,BR,private_aerodrome,Brasil,ANAC_privados
SILP,SILP,Lojas Cem,SALTO,São Paulo,-23.152222,-47.2675,BR,heliport,Brasil,ANAC_helipontos
SILQ,SILQ,Aeroleve Aeródromo Privado,CASCAVEL,PR,-24.928889,-53.495833,BR,private_aerodrome,Brasil,ANAC_privados
SILS,SILS,BIG MASTER,TANGARÁ DA SERRA,MT,-14.636667,-57.608056,BR,private_aerodrome,Brasil,ANAC_privados
SILT,SILT,Fazenda Três Irmãos,SANTA FÉ DO SUL,SP,-20.227778,-50.968333,BR,private_aerodrome,Brasil,ANAC_privados
SILU,SILU,BRPEC Agro-Pecuária,MIRANDA,MS,-19.865833,-56.988056,BR,private_aerodrome,Brasil,ANAC_privados
SILV,SILV,VOCP,SÃO PAULO,São Paulo,-23.594444,-46.688889,BR,heliport,Brasil,ANAC_helipontos
SILW,SILW,Monte das Acácias,GRAVATÁ,Pernambuco,-8.2197222,-35.544722,BR,heliport,Brasil,ANAC_helipontos
SILX,SILX,Locar,GUARULHOS,São Paulo,-23.471111,-46.483333,BR,heliport,Brasil,ANAC_helipontos
SILY,SILY,Tabuleiro V,CORRENTINA,BA,-13.244444,-45.375,BR,private_aerodrome,Brasil,ANAC_privados
SILZ,SILZ,Fazenda Santo Expedito IV,RIO SONO,TO,-9.8361111,-47.305,BR,private_aerodrome,Brasil,ANAC_privados
SIM0,SIM0,Fazenda Monte Alto,PEABIRU,PR,-23.933889,-52.275556,BR,private_aerodrome,Brasil,ANAC_privados
SIM2,SIM2,FAZENDA SM-3B,ITIQUIRA,MT,-17.381667,-54.735833,BR,private_aerodrome,Brasil,ANAC_privados
SIM3,SIM3,FAZENDA METROPOLITANA,SÃO FÉLIX DE BALSAS,MA,-7.4147222,-45.03,BR,private_aerodrome,Brasil,ANAC_privados
SIM4,SIM4,AERÓDROMO PCH PARECIS,CAMPOS DE JÚLIO,MT,-13.074167,-59.002222,BR,private_aerodrome,Brasil,ANAC_privados
SIM6,SIM6,Fazenda Progresso,ARAGUACEMA,TO,-8.8927778,-49.351667,BR,private_aerodrome,Brasil,ANAC_privados
SIM7,SIM7,VILA GADELHA,IGUATU,CE,-6.4202778,-39.278056,BR,private_aerodrome,Brasil,ANAC_privados
SIM8,SIM8,Fazenda Bonanza,SANTANA DO ARAGUAIA,PA,-8.7691667,-50.933056,BR,private_aerodrome,Brasil,ANAC_privados
SIM9,SIM9,FAZENDA PIQUI,TORIXORÉU,MT,-16.416667,-52.833333,BR,private_aerodrome,Brasil,ANAC_privados
SIMA,SIMA,Fazenda Pirapora,SANTA RITA DO TRIVELATO,MT,-14.048611,-55.385,BR,private_aerodrome,Brasil,ANAC_privados
SIMB,SIMB,Manuel Urbano,MANOEL URBANO,AC,-8.8491667,-69.266389,BR,private_aerodrome,Brasil,ANAC_privados
SIMC,SIMC,Punta Del Este,SERTANEJA,Paraná,-22.808056,-50.994444,BR,heliport,Brasil,ANAC_helipontos
SIMD,SIMD,Resedá Office,SÃO PAULO,São Paulo,-23.5825,-46.674722,BR,heliport,Brasil,ANAC_helipontos
SIME,SIME,Globo Aviação Agrícola,DAVINÓPOLIS,MA,-5.5836111,-47.427222,BR,private_aerodrome,Brasil,ANAC_privados
SIMF,SIMF,Fazenda Imperial,SEBASTIÃO LEAL,PI,-7.8502778,-44.069167,BR,private_aerodrome,Brasil,ANAC_privados
SIMG,SIMG,Fazenda Seis Palmas,PORTO MURTINHO,MS,-21.092222,-57.718056,BR,private_aerodrome,Brasil,ANAC_privados
SIMH,SIMH,Honda Automóveis,SUMARÉ,São Paulo,-22.833889,-47.193333,BR,heliport,Brasil,ANAC_helipontos
SIMI,SIMI,Marina Igararecê,SÃO SEBASTIÃO,São Paulo,-23.768333,-45.403056,BR,heliport,Brasil,ANAC_helipontos
SIMJ,SIMJ,Capinópolis - Aviação Agrícola Buttarello LTDA,CAPINÓPOLIS,MG,-18.659444,-49.5475,BR,private_aerodrome,Brasil,ANAC_privados
SIML,SIML,Fazenda Siriema,SANTO ANTÔNIO DO LEVERGER,MT,-15.848056,-55.838611,BR,private_aerodrome,Brasil,ANAC_privados
SIMM,SIMM,EDIFÍCIO CORPORATE PARK,SÃO PAULO,São Paulo,-23.587222,-46.672222,BR,heliport,Brasil,ANAC_helipontos
SIMN,SIMN,Aviação Agrícola Manain,SINOP,MT,-11.753889,-55.358889,BR,private_aerodrome,Brasil,ANAC_privados
SIMO,SIMO,Fazenda Morro Vermelho,RIBEIRÃO CLARO,PR,-23.227778,-49.7775,BR,private_aerodrome,Brasil,ANAC_privados
SIMP,SIMP,Fazenda Triunfo,SONORA,MS,-17.638333,-54.078611,BR,private_aerodrome,Brasil,ANAC_privados
SIMQ,SIMQ,Fazenda Dois de Maio,CORUMBÁ,MS,-18.208889,-55.753056,BR,private_aerodrome,Brasil,ANAC_privados
SIMR,SIMR,Fazendas Reunidas,RIO VERDE,GO,-17.750833,-51.155833,BR,private_aerodrome,Brasil,ANAC_privados
SIMS,SIMS,Fazenda Califórnia,CAMAPUÃ,MS,-19.094167,-54.186667,BR,private_aerodrome,Brasil,ANAC_privados
SIMT,SIMT,Pedreira Maria Teresa LTDA,SÃO VICENTE,São Paulo,-23.925278,-46.461667,BR,heliport,Brasil,ANAC_helipontos
SIMU,SIMU,Fazenda Mutum,ANAURILÂNDIA,MS,-22.278611,-52.844444,BR,private_aerodrome,Brasil,ANAC_privados
SIMV,SIMV,Fazenda Mata Velha,UBERABA,MG,-19.838611,-47.850278,BR,private_aerodrome,Brasil,ANAC_privados
SIMW,SIMW,Fazenda Retiro do Cervo I,JARAGUARI,MS,-20.349444,-53.970833,BR,private_aerodrome,Brasil,ANAC_privados
SIMX,SIMX,Fazenda Jangada,JANGADA,MT,-15.240833,-56.578056,BR,private_aerodrome,Brasil,ANAC_privados
SIMY,SIMY,Fazenda Porto Oculto,ITAQUIRAÍ,MS,-23.211111,-54.095833,BR,private_aerodrome,Brasil,ANAC_privados
SIMZ,SIMZ,Fazenda Primeiro de Maio,SONORA,MS,-17.875833,-54.941667,BR,private_aerodrome,Brasil,ANAC_privados
SIN2,SIN2,FAZENDA SANTA CRUZ,BOM JESUS DO ARAGUAIA,MT,-12.242778,-51.836389,BR,private_aerodrome,Brasil,ANAC_privados
SIN3,SIN3,FAZENDA SURUBIM,ITAITUBA,PA,-6.705,-56.266667,BR,private_aerodrome,Brasil,ANAC_privados
SIN4,SIN4,FAZENDA OSMARILIA,MURICILÂNDIA,TO,-6.8133333,-49.019167,BR,private_aerodrome,Brasil,ANAC_privados
SIN6,SIN6,Rancho Tandera,MUCAJAÍ,RR,2.41944444,-60.9275,BR,private_aerodrome,Brasil,ANAC_privados
SIN7,SIN7,Fazenda Vista Alegre,ITAÚBA,MT,-11.077222,-55.772222,BR,private_aerodrome,Brasil,ANAC_privados
SIN8,SIN8,Fazenda Jota III,INOCÊNCIA,MS,-19.330556,-51.971111,BR,private_aerodrome,Brasil,ANAC_privados
SIN9,SIN9,Cristo Reis,ITAITUBA,PA,-7.7597222,-56.695278,BR,private_aerodrome,Brasil,ANAC_privados
SINA,SINA,Asas do Ar,BRASÍLIA,DF,-15.61,-47.573611,BR,private_aerodrome,Brasil,ANAC_privados
SINB,SINB,Tubarão,ILHABELA,São Paulo,-23.829444,-45.388611,BR,heliport,Brasil,ANAC_helipontos
SINC,SINC,Campo Nuic,BOM JARDIM DA SERRA,SC,-28.381667,-49.569167,BR,private_aerodrome,Brasil,ANAC_privados
SINE,SINE,Ibar,POÁ,São Paulo,-23.524167,-46.329722,BR,heliport,Brasil,ANAC_helipontos
SINF,SINF,Heliponto N&F,SERRA,Espírito Santo,-20.230556,-40.276944,BR,heliport,Brasil,ANAC_helipontos
SING,SING,Fazenda São João,NOVA GRANADA,SP,-20.556667,-49.288611,BR,private_aerodrome,Brasil,ANAC_privados
SINH,SINH,Fazenda Esperança,NOVO HORIZONTE DO SUL,MS,-22.6425,-53.561944,BR,private_aerodrome,Brasil,ANAC_privados
SINI,SINI,Fazenda Bela Vista do Caronal,CORUMBÁ,MS,-18.205833,-55.973333,BR,private_aerodrome,Brasil,ANAC_privados
SINK,SINK,Fazenda Negrinha,PARAPUÃ,SP,-21.874722,-50.873056,BR,private_aerodrome,Brasil,ANAC_privados
SINL,SINL,Costão,FLORIANÓPOLIS,Santa Catarina,-27.463611,-48.3825,BR,heliport,Brasil,ANAC_helipontos
SINM,SINM,Fazenda Mangabas,SANTA VITÓRIA,MG,-19.2275,-50.313889,BR,private_aerodrome,Brasil,ANAC_privados
SINN,SINN,Comandante Nelinho,ARARANGUÁ,SC,-28.975278,-49.489444,BR,private_aerodrome,Brasil,ANAC_privados
SINO,SINO,Innovare Hotel,BRUSQUE,Santa Catarina,-27.096111,-48.913889,BR,heliport,Brasil,ANAC_helipontos
SINP,SINP,Campo Primavera,SANTA MÔNICA,PR,-23.121389,-53.078333,BR,private_aerodrome,Brasil,ANAC_privados
SINQ,SINQ,Laranjal,LARANJAL DO JARI,AP,-0.78916667,-52.488056,BR,private_aerodrome,Brasil,ANAC_privados
SINR,SINR,Fazenda Santa Rosa,CÁCERES,MT,-17.064444,-57.763889,BR,private_aerodrome,Brasil,ANAC_privados
SINS,SINS,Fazenda Grupo Nissey,CÁCERES,MT,-16.17,-58.556944,BR,private_aerodrome,Brasil,ANAC_privados
SINT,SINT,Fazenda Santa Adélia,SANTA ISABEL,GO,-15.194722,-49.379444,BR,private_aerodrome,Brasil,ANAC_privados
SINU,SINU,Irmãos Hort,BRUSQUE,Santa Catarina,-27.117222,-48.946944,BR,heliport,Brasil,ANAC_helipontos
SINV,SINV,Fazenda Nova Baús,MINEIROS,GO,-18.188056,-53.098611,BR,private_aerodrome,Brasil,ANAC_privados
SINX,SINX,Morro do Chapeú,NOVA LIMA,Minas Gerais,-20.108889,-43.938889,BR,heliport,Brasil,ANAC_helipontos
SINY,SINY,Fazenda Nova,BREJO DA MADRE DE DEUS,Pernambuco,-8.16,-36.196944,BR,heliport,Brasil,ANAC_helipontos
SINZ,SINZ,Xanadu,FERNANDES PINHEIRO,PR,-25.438333,-50.5275,BR,private_aerodrome,Brasil,ANAC_privados
SIO2,SIO2,Haras Mourão,HIDROLÂNDIA,CE,-4.3958333,-40.375556,BR,private_aerodrome,Brasil,ANAC_privados
SIO4,SIO4,Fazenda Paraguaia,GUARAPUAVA,PR,-25.331389,-51.978056,BR,private_aerodrome,Brasil,ANAC_privados
SIO6,SIO6,FAZENDA NOVO MUNDO,BARRA DO BUGRES,MT,-14.860833,-57.900278,BR,private_aerodrome,Brasil,ANAC_privados
SIO7,SIO7,FAZENDA LAGO AZUL,ITAÚBA,MT,-10.911667,-55.3575,BR,private_aerodrome,Brasil,ANAC_privados
SIO8,SIO8,FAZENDA PRIMAVERA,NOVA CANAÃ DO NORTE,MT,-10.769444,-55.772778,BR,private_aerodrome,Brasil,ANAC_privados
SIO9,SIO9,Sítio do Carroção,TATUÍ,São Paulo,-23.360833,-47.9425,BR,heliport,Brasil,ANAC_helipontos
SIOA,SIOA,Fazenda Primavera,CANAVIEIRAS,BA,-15.5675,-39.152778,BR,private_aerodrome,Brasil,ANAC_privados
SIOB,SIOB,Fazenda Guanabara,ANDRADINA,SP,-20.819167,-51.268056,BR,private_aerodrome,Brasil,ANAC_privados
SIOC,SIOC,Santo Expedito,NOVA INDEPENDÊNCIA,SP,-21.143056,-51.543889,BR,private_aerodrome,Brasil,ANAC_privados
SIOD,SIOD,DIMEP,SÃO PAULO,São Paulo,-23.529444,-46.744167,BR,heliport,Brasil,ANAC_helipontos
SIOE,SIOE,Mocelin,DOIS VIZINHOS,PR,-25.793889,-53.035833,BR,private_aerodrome,Brasil,ANAC_privados
SIOF,SIOF,Praiamar,SANTOS,São Paulo,-23.978611,-46.308889,BR,heliport,Brasil,ANAC_helipontos
SIOG,SIOG,Suinobras,DIAMANTINO,MT,-14.507222,-56.302778,BR,private_aerodrome,Brasil,ANAC_privados
SIOH,SIOH,Cauê-Ijaci,IJACI,Minas Gerais,-21.194722,-44.941389,BR,heliport,Brasil,ANAC_helipontos
SIOI,SIOI,Fazenda Onça Parda,NOVO HORIZONTE DO SUL,MS,-22.6625,-53.729167,BR,private_aerodrome,Brasil,ANAC_privados
SIOJ,SIOJ,Fazenda Porto Velho,CARMO DO CAJURU,MG,-20.313333,-44.696389,BR,private_aerodrome,Brasil,ANAC_privados
SIOK,SIOK,Fazenda Cachoeirinha,PERDIZES,MG,-19.358611,-47.128611,BR,private_aerodrome,Brasil,ANAC_privados
SIOL,SIOL,Fazenda Rio Bonito,PARAÍSO DAS ÁGUAS,MS,-19.199722,-52.968889,BR,private_aerodrome,Brasil,ANAC_privados
SIOM,SIOM,Fazenda Orquídeas,BARREIRAS,BA,-11.838889,-46.234167,BR,private_aerodrome,Brasil,ANAC_privados
SION,SION,Tibagi,GUARAMIRANGA,Ceará,-4.2513889,-38.951667,BR,heliport,Brasil,ANAC_helipontos
SIOO,SIOO,Fazenda Água Doce do Pantanal,PORTO MURTINHO,MS,-22.025833,-57.903056,BR,private_aerodrome,Brasil,ANAC_privados
SIOP,SIOP,Poletto,SANTA RITA DO TRIVELATO,MT,-13.799167,-55.28,BR,private_aerodrome,Brasil,ANAC_privados
SIOR,SIOR,Adhemar Ribeiro,SANTA RITA DO PASSA QUATRO,SP,-21.641944,-47.47,BR,private_aerodrome,Brasil,ANAC_privados
SIOT,SIOT,Fazenda Santa Vergínia,SANTA RITA DO PARDO,MS,-21.488056,-52.407222,BR,private_aerodrome,Brasil,ANAC_privados
SIOU,SIOU,Fazenda Progresso,PARAGOMINAS,PA,-3.3730556,-47.423889,BR,private_aerodrome,Brasil,ANAC_privados
SIOW,SIOW,Hospital Alemão Oswaldo Cruz,SÃO PAULO,São Paulo,-23.569722,-46.643333,BR,heliport,Brasil,ANAC_helipontos
SIOX,SIOX,Palhano Premium,LONDRINA,Paraná,-23.335278,-51.176667,BR,heliport,Brasil,ANAC_helipontos
SIOY,SIOY,Fazenda Santa Clara,SANTANA DO DESERTO,Minas Gerais,-21.880556,-43.175833,BR,heliport,Brasil,ANAC_helipontos
SIOZ,SIOZ,Pista Aldeia Kenjdã,ALTAMIRA,PA,-7.9566667,-53.261111,BR,private_aerodrome,Brasil,ANAC_privados
SIP2,SIP2,FAZENDA PASSO FUNDO,SANTO ANTÔNIO DO LESTE,MT,-15.013889,-53.933056,BR,private_aerodrome,Brasil,ANAC_privados
SIP3,SIP3,Fazenda Floresta,APIACÁS,MT,-9.4544444,-57.859444,BR,private_aerodrome,Brasil,ANAC_privados
SIP4,SIP4,Haras MGC,MARABÁ,Pará,-5.2169444,-49.058056,BR,heliport,Brasil,ANAC_helipontos
SIP6,SIP6,FAZENDA FLORES,AMAJARI,RR,3.91,-61.436944,BR,private_aerodrome,Brasil,ANAC_privados
SIP7,SIP7,Fazenda Jacobina,CONCEIÇÃO DO ARAGUAIA,PA,-7.9680556,-49.409722,BR,private_aerodrome,Brasil,ANAC_privados
SIP8,SIP8,FAZENDA SÃO JOSÉ,PARANÃ,TO,-12.636111,-47.401389,BR,private_aerodrome,Brasil,ANAC_privados
SIP9,SIP9,FAZENDA ARRAIAL,SÃO JOSÉ DO PEIXE,PI,-7.3713889,-42.761111,BR,private_aerodrome,Brasil,ANAC_privados
SIPA,SIPA,Aeroclube São José do Rio Pardo,SÃO JOSÉ DO RIO PARDO,SP,-21.646944,-46.928056,BR,private_aerodrome,Brasil,ANAC_privados
SIPB,SIPB,CAVU - Clube de Aviação Desportiva,RAPOSA,MA,-2.4480556,-44.119722,BR,private_aerodrome,Brasil,ANAC_privados
SIPC,SIPC,Canto da Praia,ITAPEMA,Santa Catarina,-27.093611,-48.604444,BR,heliport,Brasil,ANAC_helipontos
SIPD,SIPD,Vitória Hotel Residence,CAMPINAS,São Paulo,-22.9025,-47.048333,BR,heliport,Brasil,ANAC_helipontos
SIPG,SIPG,Fazenda Água Preta,COCALINHO,MT,-14.1375,-51.469167,BR,private_aerodrome,Brasil,ANAC_privados
SIPH,SIPH,Fazenda Ipanema,CORRENTINA,BA,-13.625833,-46.139722,BR,private_aerodrome,Brasil,ANAC_privados
SIPI,SIPI,Alphacentro,BARUERI,São Paulo,-23.498056,-46.862222,BR,heliport,Brasil,ANAC_helipontos
SIPJ,SIPJ,Aero Parque Tupã,TUPANCIRETÃ,RS,-29.085556,-53.865556,BR,private_aerodrome,Brasil,ANAC_privados
SIPK,SIPK,SESC Pantanal,POCONÉ,MT,-16.496944,-56.421667,BR,private_aerodrome,Brasil,ANAC_privados
SIPL,SIPL,Pista Aldeia Pykararankre,SÃO FÉLIX DO XINGU,PA,-7.4602778,-52.656944,BR,private_aerodrome,Brasil,ANAC_privados
SIPM,SIPM,Marrecão,BRUSQUE,Santa Catarina,-27.066389,-48.891389,BR,heliport,Brasil,ANAC_helipontos
SIPN,SIPN,Fazenda Progresso,PORTO MURTINHO,MS,-21.516667,-57.690556,BR,private_aerodrome,Brasil,ANAC_privados
SIPO,SIPO,Sebastião José Pereira,CONDEÚBA,BA,-14.923889,-41.958056,BR,private_aerodrome,Brasil,ANAC_privados
SIPP,SIPP,Fazenda Musa do Norte,FRANCISCO SÁ,MG,-16.123333,-43.52,BR,private_aerodrome,Brasil,ANAC_privados
SIPQ,SIPQ,Office Park,CABO DE SANTO AGOSTINHO,Pernambuco,-8.255,-34.947778,BR,heliport,Brasil,ANAC_helipontos
SIPR,SIPR,Fazenda GAP São Pedro,URUGUAIANA,RS,-30.025556,-56.286944,BR,private_aerodrome,Brasil,ANAC_privados
SIPS,SIPS,Haras Forum,PEDRO LEOPOLDO,Minas Gerais,-19.658889,-44.146944,BR,heliport,Brasil,ANAC_helipontos
SIPT,SIPT,Petrobrás Refinaria de Paulínia - Replan,PAULÍNIA,São Paulo,-22.731667,-47.137778,BR,heliport,Brasil,ANAC_helipontos
SIPU,SIPU,Guatambu Piauí,SANTA RITA DE CÁSSIA,BA,-10.598333,-44.388056,BR,private_aerodrome,Brasil,ANAC_privados
SIPV,SIPV,Fazenda Santa Vitória,TABAPORÃ,MT,-11.417778,-55.820556,BR,private_aerodrome,Brasil,ANAC_privados
SIPW,SIPW,Nossa Senhora de Fátima,TERESINA,PI,-5.0319444,-42.705556,BR,private_aerodrome,Brasil,ANAC_privados
SIPX,SIPX,Gramado,CAMPINAS,São Paulo,-22.9075,-47.003611,BR,heliport,Brasil,ANAC_helipontos
SIPY,SIPY,Pista Aldeia Pykatô,CUMARU DO NORTE,PA,-8.4752778,-51.663611,BR,private_aerodrome,Brasil,ANAC_privados
SIPZ,SIPZ,Papaiz,DIADEMA,São Paulo,-23.676389,-46.618056,BR,heliport,Brasil,ANAC_helipontos
SIQ2,SIQ2,Saulo Fonseca Aviation,BARREIRAS,BA,-11.8625,-45.324167,BR,private_aerodrome,Brasil,ANAC_privados
SIQ3,SIQ3,Fazenda Recreio,CÁCERES,MT,-16.971111,-58.296111,BR,private_aerodrome,Brasil,ANAC_privados
SIQ4,SIQ4,Fazenda Refúgio,BATAGUASSU,MS,-21.810556,-52.931111,BR,private_aerodrome,Brasil,ANAC_privados
SIQ6,SIQ6,Fazenda São Sebastião,ÁGUA CLARA,MS,-19.892778,-53.258333,BR,private_aerodrome,Brasil,ANAC_privados
SIQ7,SIQ7,Riviera Santa Cristina XIII,PARANAPANEMA,São Paulo,-23.353056,-48.961944,BR,heliport,Brasil,ANAC_helipontos
SIQ8,SIQ8,JABOTICABA,ANDARAÍ,BA,-12.686667,-41.276111,BR,private_aerodrome,Brasil,ANAC_privados
SIQ9,SIQ9,Pastoreio,SANTA VITÓRIA DO PALMAR,RS,-33.186111,-52.998333,BR,private_aerodrome,Brasil,ANAC_privados
SIQB,SIQB,Vila Velha,ANGRA DOS REIS,Rio de Janeiro,-23.024444,-44.342778,BR,heliport,Brasil,ANAC_helipontos
SIQE,SIQE,Planalto Central,BRASÍLIA,DF,-15.936944,-47.727222,BR,private_aerodrome,Brasil,ANAC_privados
SIQF,SIQF,Fazenda Palmital,MORRO AGUDO,SP,-20.696111,-48.286944,BR,private_aerodrome,Brasil,ANAC_privados
SIQG,SIQG,Fazenda Guanandy,PONTA PORÃ,MS,-21.881111,-55.539444,BR,private_aerodrome,Brasil,ANAC_privados
SIQH,SIQH,Estância Ayrton Senna,CAARAPÓ,MS,-22.658889,-54.822222,BR,private_aerodrome,Brasil,ANAC_privados
SIQI,SIQI,Aerolis,MOSTARDAS,RS,-30.536111,-50.467222,BR,private_aerodrome,Brasil,ANAC_privados
SIQJ,SIQJ,Morro do Chapéu II,CHAPADA DOS GUIMARÃES,MT,-14.958333,-55.800833,BR,private_aerodrome,Brasil,ANAC_privados
SIQK,SIQK,Nova Odessa,NOVA ODESSA,SP,-22.781389,-47.334167,BR,private_aerodrome,Brasil,ANAC_privados
SIQL,SIQL,Cacoal Tradição,CACOAL,Rondônia,-11.441667,-61.480833,BR,heliport,Brasil,ANAC_helipontos
SIQM,SIQM,Morumbi Corporate,SÃO PAULO,São Paulo,-23.625,-46.701944,BR,heliport,Brasil,ANAC_helipontos
SIQN,SIQN,Chica Doce,PINDORETAMA,Ceará,-4.0438889,-38.327778,BR,heliport,Brasil,ANAC_helipontos
SIQO,SIQO,Fazenda Santa Glória,CORUMBÁ,MS,-18.039722,-56.005556,BR,private_aerodrome,Brasil,ANAC_privados
SIQP,SIQP,Pedra Caída,CAROLINA,Maranhão,-7.0408333,-47.443056,BR,heliport,Brasil,ANAC_helipontos
SIQQ,SIQQ,José Bernardo,SÃO FRANCISCO DE ITABAPOANA,RJ,-21.458889,-41.053333,BR,private_aerodrome,Brasil,ANAC_privados
SIQR,SIQR,Fazenda Pioneira,QUERÊNCIA,MT,-12.102778,-52.434167,BR,private_aerodrome,Brasil,ANAC_privados
SIQS,SIQS,Fazenda Terra do Sol,PORTO ESTRELA,MT,-15.376389,-57.129722,BR,private_aerodrome,Brasil,ANAC_privados
SIQU,SIQU,Alcoolvale,APARECIDA DO TABOADO,MS,-20.086389,-51.309167,BR,private_aerodrome,Brasil,ANAC_privados
SIQV,SIQV,Fazenda Matão,SAPEZAL,MT,-12.891111,-58.575,BR,private_aerodrome,Brasil,ANAC_privados
SIQW,SIQW,Concrelagos,ITAPERUNA,Rio de Janeiro,-21.192778,-41.903611,BR,heliport,Brasil,ANAC_helipontos
SIQX,SIQX,Fazenda São Braz,BARRA DE SANTO ANTÔNIO,AL,-9.3730556,-35.54,BR,private_aerodrome,Brasil,ANAC_privados
SIQY,SIQY,Fazenda Amizade,SORRISO,MT,-12.628056,-55.945,BR,private_aerodrome,Brasil,ANAC_privados
SIQZ,SIQZ,Fazenda Lagoa Serena,LAGOA ALEGRE,PI,-4.5980556,-42.5925,BR,private_aerodrome,Brasil,ANAC_privados
SIR2,SIR2,KKS-37/2,ITATIAIA,Rio de Janeiro,-22.448611,-44.557222,BR,heliport,Brasil,ANAC_helipontos
SIR3,SIR3,Fazenda Cacimbas,PASTOS BONS,MA,-6.7913889,-44.385278,BR,private_aerodrome,Brasil,ANAC_privados
SIR4,SIR4,FAZENDA ARGEMIRA,ITIQUIRA,MT,-17.443333,-54.887778,BR,private_aerodrome,Brasil,ANAC_privados
SIR6,SIR6,Guarapiranga,SÃO PAULO,São Paulo,-23.698889,-46.715833,BR,heliport,Brasil,ANAC_helipontos
SIR7,SIR7,Ricardo Dias Alves,CORUMBÁ,MS,-19.978056,-57.223611,BR,private_aerodrome,Brasil,ANAC_privados
SIR8,SIR8,Fazenda Cafelândia,EUNÁPOLIS,BA,-16.3925,-39.553889,BR,private_aerodrome,Brasil,ANAC_privados
SIR9,SIR9,FAZENDA ITAPURANGA,RIO MARIA,PA,-7.1,-49.52,BR,private_aerodrome,Brasil,ANAC_privados
SIRA,SIRA,FAZENDA IRACEMA,CÁCERES,MT,-16.079444,-58.096111,BR,private_aerodrome,Brasil,ANAC_privados
SIRC,SIRC,Rancho Sinuelo,CARACOL,MS,-22.113056,-57.058889,BR,private_aerodrome,Brasil,ANAC_privados
SIRD,SIRD,Gaelo,CHARQUEADAS,RS,-29.975833,-51.620278,BR,private_aerodrome,Brasil,ANAC_privados
SIRE,SIRE,Fazenda Retiro da Lagoa,PARAOPEBA,Minas Gerais,-19.266111,-44.522222,BR,heliport,Brasil,ANAC_helipontos
SIRF,SIRF,José Múcio Monteiro,RIO FORMOSO,PE,-8.6308333,-35.271944,BR,private_aerodrome,Brasil,ANAC_privados
SIRG,SIRG,Ninho do Pássaro,NAVEGANTES,Santa Catarina,-26.873056,-48.666667,BR,heliport,Brasil,ANAC_helipontos
SIRH,SIRH,Fazenda Morada da Lua,COXIM,MS,-18.263611,-54.311944,BR,private_aerodrome,Brasil,ANAC_privados
SIRI,SIRI,Barra Grande,MARAÚ,BA,-13.906111,-38.94,BR,private_aerodrome,Brasil,ANAC_privados
SIRL,SIRL,Virginia Lyra,CONCEIÇÃO DAS ALAGOAS,Minas Gerais,-19.9825,-48.265,BR,heliport,Brasil,ANAC_helipontos
SIRM,SIRM,Fazenda Couto Magalhães,ÁGUA BOA,MT,-13.995,-52.934444,BR,private_aerodrome,Brasil,ANAC_privados
SIRN,SIRN,Fazenda Jaó,NOVA XAVANTINA,MT,-14.769167,-51.985833,BR,private_aerodrome,Brasil,ANAC_privados
SIRO,SIRO,Maksoud Plaza,SÃO PAULO,São Paulo,-23.563056,-46.651111,BR,heliport,Brasil,ANAC_helipontos
SIRP,SIRP,All Park Polo Empresarial,APARECIDA DE GOIÂNIA,Goiás,-16.825,-49.203611,BR,heliport,Brasil,ANAC_helipontos
SIRQ,SIRQ,Fazenda Ouro Verde,PORTO ALEGRE DO NORTE,MT,-10.615556,-51.980556,BR,private_aerodrome,Brasil,ANAC_privados
SIRR,SIRR,Ecotur Univini Park,CARACARAÍ,RR,0.796944444,-61.663056,BR,private_aerodrome,Brasil,ANAC_privados
SIRS,SIRS,Fazenda São Sebastião,CAMPO FLORIDO,MG,-19.636667,-48.788611,BR,private_aerodrome,Brasil,ANAC_privados
SIRT,SIRT,Fazenda Pampeira 3,DIAMANTINO,MT,-13.926944,-57.242778,BR,private_aerodrome,Brasil,ANAC_privados
SIRU,SIRU,Condomínio Trio Ribeirão,RIBEIRÃO PRETO,São Paulo,-21.199444,-47.8075,BR,heliport,Brasil,ANAC_helipontos
SIRV,SIRV,Fazenda Morro Branco,PORTO ESPERIDIÃO,MT,-16.118056,-58.765833,BR,private_aerodrome,Brasil,ANAC_privados
SIRX,SIRX,Fazenda Santo Reis,LAMBARI D'OESTE,MT,-15.280833,-57.793889,BR,private_aerodrome,Brasil,ANAC_privados
SIRY,SIRY,Hiper-Bergamini,SÃO PAULO,São Paulo,-23.465556,-46.581667,BR,heliport,Brasil,ANAC_helipontos
SIRZ,SIRZ,Condomínio Faria Lima - Pinheiros,SÃO PAULO,São Paulo,-23.569444,-46.691111,BR,heliport,Brasil,ANAC_helipontos
SIS2,SIS2,FAZENDA VÔ BENJAMIM,COCALINHO,MT,-14.285556,-51.126944,BR,private_aerodrome,Brasil,ANAC_privados
SIS3,SIS3,PORTAL DOS VALES,PALMEIRAS,BA,-12.651111,-41.5775,BR,private_aerodrome,Brasil,ANAC_privados
SIS4,SIS4,Fazenda N.S. Aparecida,SÃO SEBASTIÃO DO OESTE,Minas Gerais,-20.233056,-45.128333,BR,heliport,Brasil,ANAC_helipontos
SIS6,SIS6,Fazenda Buena Vista,BALSAS,MA,-9.3033333,-46.805556,BR,private_aerodrome,Brasil,ANAC_privados
SIS7,SIS7,FAZENDA NOSSA SENHORA APARECIDA,UNIÃO DO SUL,MT,-11.324444,-53.978889,BR,private_aerodrome,Brasil,ANAC_privados
SIS8,SIS8,Fazenda Belo Horizonte,AMAJARI,RR,3.54416667,-61.405,BR,private_aerodrome,Brasil,ANAC_privados
SIS9,SIS9,FAZENDA BOA VISTA,SÃO JOÃO BATISTA DO GLÓRIA,MG,-20.640833,-46.338611,BR,private_aerodrome,Brasil,ANAC_privados
SISA,SISA,Pista Aldeia Aukre,OURILÂNDIA DO NORTE,PA,-7.6975,-51.876111,BR,private_aerodrome,Brasil,ANAC_privados
SISB,SISB,Basalto Base 6,CAMPINAS,São Paulo,-23.003889,-47.088056,BR,heliport,Brasil,ANAC_helipontos
SISC,SISC,Senador Carlos Lyra,DELTA,Minas Gerais,-19.957222,-47.768889,BR,heliport,Brasil,ANAC_helipontos
SISD,SISD,Fazenda São Sebastião,APARECIDA DO RIO DOCE,GO,-18.145278,-51.273889,BR,private_aerodrome,Brasil,ANAC_privados
SISE,SISE,Sementes Roos,NÃO-ME-TOQUE,Rio Grande do Sul,-28.443333,-52.813889,BR,heliport,Brasil,ANAC_helipontos
SISF,SISF,Cifarma,GOIÂNIA,Goiás,-16.631111,-49.200833,BR,heliport,Brasil,ANAC_helipontos
SISG,SISG,Aeroclube de Sergipe,ARACAJU,SE,-10.901389,-37.083056,BR,private_aerodrome,Brasil,ANAC_privados
SISH,SISH,Vega,FORTALEZA,Ceará,-3.72,-38.542222,BR,heliport,Brasil,ANAC_helipontos
SISI,SISI,Monte Sinai IV,BAURU,São Paulo,-22.324444,-49.075,BR,heliport,Brasil,ANAC_helipontos
SISJ,SISJ,Fazenda São José do Piquiri,CORUMBÁ,MS,-17.456111,-55.564167,BR,private_aerodrome,Brasil,ANAC_privados
SISK,SISK,Fazenda Cimal,APORÉ,GO,-18.864722,-52.047222,BR,private_aerodrome,Brasil,ANAC_privados
SISL,SISL,Fazenda Santa Lúcia,BARÃO DE MELGAÇO,MT,-16.894167,-55.906111,BR,private_aerodrome,Brasil,ANAC_privados
SISM,SISM,Sérgio Miranda,MACAPÁ,AP,0.040277778,-51.149444,BR,private_aerodrome,Brasil,ANAC_privados
SISN,SISN,Fazenda Valiosa,BRASILÂNDIA DE MINAS,MG,-17.066667,-45.866667,BR,private_aerodrome,Brasil,ANAC_privados
SISO,SISO,Fazenda Santo Ambrósio,CHAVES,PA,-0.09194444,-49.581111,BR,private_aerodrome,Brasil,ANAC_privados
SISP,SISP,Reobot,JARINU,São Paulo,-23.157778,-46.6625,BR,heliport,Brasil,ANAC_helipontos
SISQ,SISQ,Tino,JOINVILLE,Santa Catarina,-26.306389,-48.933333,BR,heliport,Brasil,ANAC_helipontos
SISR,SISR,Fazenda Reunidas Sococo,SANTA IZABEL DO PARÁ,PA,-1.2238889,-48.041389,BR,private_aerodrome,Brasil,ANAC_privados
SISS,SISS,Vô Amantino,CLÁUDIA,MT,-11.654722,-55.238889,BR,private_aerodrome,Brasil,ANAC_privados
SISU,SISU,Fazenda Topázio Imperial,GAMELEIRAS,MG,-14.968056,-43.315833,BR,private_aerodrome,Brasil,ANAC_privados
SISV,SISV,Fazenda Promissão,DIAMANTINO,MT,-13.896667,-57.103611,BR,private_aerodrome,Brasil,ANAC_privados
SISW,SISW,Fazenda Mato Grosso,CAMPOS DE JÚLIO,MT,-13.822778,-59.162778,BR,private_aerodrome,Brasil,ANAC_privados
SISX,SISX,Santa Terezinha,AQUIDAUANA,MS,-19.377222,-56.056111,BR,private_aerodrome,Brasil,ANAC_privados
SISY,SISY,Piraquara,PIRAQUARA,PR,-25.450556,-49.141667,BR,private_aerodrome,Brasil,ANAC_privados
SIT2,SIT2,FAZENDA ADS 7,SANTA TEREZINHA,MT,-10.045833,-50.613056,BR,private_aerodrome,Brasil,ANAC_privados
SIT3,SIT3,Fazenda Andressa,RIBAS DO RIO PARDO,MS,-19.908056,-53.699444,BR,private_aerodrome,Brasil,ANAC_privados
SIT4,SIT4,Fazenda Cocal,SANTA MARIA DAS BARREIRAS,PA,-8.95,-49.976944,BR,private_aerodrome,Brasil,ANAC_privados
SIT6,SIT6,Fazenda São Sebastião,NOVA MARINGÁ,MT,-12.335,-57.025556,BR,private_aerodrome,Brasil,ANAC_privados
SIT7,SIT7,Fazenda Macisa,TABAPORÃ,MT,-11.181667,-56.798333,BR,private_aerodrome,Brasil,ANAC_privados
SIT8,SIT8,Fazenda Santa Vitória,BALSAS,MA,-8.9597222,-46.813889,BR,private_aerodrome,Brasil,ANAC_privados
SIT9,SIT9,Fazenda Divisão II,LUCAS DO RIO VERDE,MT,-12.966667,-56.321667,BR,private_aerodrome,Brasil,ANAC_privados
SITA,SITA,Municipal de Taiobeiras,TAIOBEIRAS,MG,-15.776389,-42.194167,BR,private_aerodrome,Brasil,ANAC_privados
SITB,SITB,Fazenda Touro Branco,NAVIRAÍ,MS,-23.012222,-53.793056,BR,private_aerodrome,Brasil,ANAC_privados
SITC,SITC,Fazenda Colorado,SORRISO,MT,-13.132222,-55.445278,BR,private_aerodrome,Brasil,ANAC_privados
SITD,SITD,Fundação Santa Casa de Misericórdia do Pará,BELÉM,Pará,-1.4397222,-48.481667,BR,heliport,Brasil,ANAC_helipontos
SITF,SITF,Fazenda Tereré,ANTÔNIO JOÃO,MS,-22.360833,-55.757778,BR,private_aerodrome,Brasil,ANAC_privados
SITG,SITG,INTO,RIO DE JANEIRO,Rio de Janeiro,-22.893889,-43.215,BR,heliport,Brasil,ANAC_helipontos
SITH,SITH,Fazenda Vitória,LUÍS EDUARDO MAGALHÃES,BA,-12.151111,-45.871111,BR,private_aerodrome,Brasil,ANAC_privados
SITI,SITI,Fazenda Baluarte,LAGOA DOS PATOS,MG,-17.015,-44.791389,BR,private_aerodrome,Brasil,ANAC_privados
SITJ,SITJ,Estância Tejo,COXIM,MS,-18.344722,-54.766944,BR,private_aerodrome,Brasil,ANAC_privados
SITK,SITK,Jomarca,GUARULHOS,São Paulo,-23.467222,-46.485833,BR,heliport,Brasil,ANAC_helipontos
SITL,SITL,Fazenda Figueira II,ÁGUA CLARA,MS,-20.167222,-53.070833,BR,private_aerodrome,Brasil,ANAC_privados
SITM,SITM,Fazenda Bela Vista,PANORAMA,SP,-21.4175,-51.894444,BR,private_aerodrome,Brasil,ANAC_privados
SITN,SITN,Torre Oscar Niemeyer,RIO DE JANEIRO,Rio de Janeiro,-22.940833,-43.179722,BR,heliport,Brasil,ANAC_helipontos
SITO,SITO,Berrini One,SÃO PAULO,São Paulo,-23.598333,-46.690556,BR,heliport,Brasil,ANAC_helipontos
SITP,SITP,Sítio Santa Izabel,IBIÚNA,São Paulo,-23.6025,-47.273333,BR,heliport,Brasil,ANAC_helipontos
SITR,SITR,Fazenda Tamboril,BOM JESUS DE GOIÁS,GO,-18.099722,-49.737222,BR,private_aerodrome,Brasil,ANAC_privados
SITS,SITS,Estância Indiana,LUCAS DO RIO VERDE,MT,-13.130278,-55.982222,BR,private_aerodrome,Brasil,ANAC_privados
SITT,SITT,Independência,ITAITUBA,PA,-7.5941667,-56.699444,BR,private_aerodrome,Brasil,ANAC_privados
SITU,SITU,Fazenda Santa Genoveva,TURVELÂNDIA,GO,-17.945,-50.338333,BR,private_aerodrome,Brasil,ANAC_privados
SITV,SITV,Fazenda Serra Dourada,COXIM,MS,-18.545,-54.459444,BR,private_aerodrome,Brasil,ANAC_privados
SITW,SITW,Reserva Mangabeiras,ESTÂNCIA,Sergipe,-11.248889,-37.336389,BR,heliport,Brasil,ANAC_helipontos
SITX,SITX,Fazenda Estrela do Sul,RIO BRILHANTE,MS,-21.793611,-54.085556,BR,private_aerodrome,Brasil,ANAC_privados
SITY,SITY,Fazenda Santapazienza,ITATIBA,São Paulo,-23.068333,-46.826667,BR,heliport,Brasil,ANAC_helipontos
SITZ,SITZ,ITC Central Park I,FORTALEZA,Ceará,-3.7391667,-38.473333,BR,heliport,Brasil,ANAC_helipontos
SIU2,SIU2,Fazenda Paraíso,PARAÍSO DAS ÁGUAS,MS,-19.157222,-52.995833,BR,private_aerodrome,Brasil,ANAC_privados
SIU4,SIU4,FAZENDA NOSSA SENHORA  DA SALETE,LUÍS EDUARDO MAGALHÃES,BA,-12.496389,-46.0625,BR,private_aerodrome,Brasil,ANAC_privados
SIU6,SIU6,FAZENDA LIBERDADE,CASSILÂNDIA,MS,-19.176944,-51.833611,BR,private_aerodrome,Brasil,ANAC_privados
SIU7,SIU7,FAZENDA GABRIELA,QUERÊNCIA,MT,-12.201389,-52.847222,BR,private_aerodrome,Brasil,ANAC_privados
SIU8,SIU8,FAZENDA HARMONIA,LUZIÂNIA,Goiás,-16.344444,-47.885,BR,heliport,Brasil,ANAC_helipontos
SIU9,SIU9,FAZENDA PORTA DO CÉU,NOVA MUTUM,MT,-13.295,-56.415,BR,private_aerodrome,Brasil,ANAC_privados
SIUA,SIUA,Águas Claras,VIAMÃO,RS,-30.119444,-50.853611,BR,private_aerodrome,Brasil,ANAC_privados
SIUB,SIUB,Fazenda Uberaba,CÁCERES,MT,-17.275278,-57.896667,BR,private_aerodrome,Brasil,ANAC_privados
SIUC,SIUC,Fazenda Campo Grande,JANUÁRIA,MG,-15.178889,-45.224444,BR,private_aerodrome,Brasil,ANAC_privados
SIUD,SIUD,Monte Horebe,SÃO PAULO,São Paulo,-23.538611,-46.6075,BR,heliport,Brasil,ANAC_helipontos
SIUE,SIUE,Suape,IPOJUCA,Pernambuco,-8.3633333,-35.008611,BR,heliport,Brasil,ANAC_helipontos
SIUF,SIUF,Fazenda São Francisco,PEIXOTO DE AZEVEDO,MT,-10.156667,-53.701667,BR,private_aerodrome,Brasil,ANAC_privados
SIUH,SIUH,Fazenda Flores,TAMBORIL,CE,-5.0491667,-40.234167,BR,private_aerodrome,Brasil,ANAC_privados
SIUJ,SIUJ,The One Office Tower,SÃO JOSÉ DOS CAMPOS,São Paulo,-23.220278,-45.910833,BR,heliport,Brasil,ANAC_helipontos
SIUK,SIUK,Cruz,LAURO DE FREITAS,Bahia,-12.857222,-38.316944,BR,heliport,Brasil,ANAC_helipontos
SIUL,SIUL,KL Aviação Agrícola,CAMAQUÃ,RS,-30.858889,-51.772222,BR,private_aerodrome,Brasil,ANAC_privados
SIUM,SIUM,Fazenda Planeste,BALSAS,MA,-8.5613889,-46.8475,BR,private_aerodrome,Brasil,ANAC_privados
SIUN,SIUN,Helicentro Porto Itaguaí,ITAGUAÍ,Rio de Janeiro,-22.891667,-43.843611,BR,heliport,Brasil,ANAC_helipontos
SIUO,SIUO,Fazenda Santa Adélia,SÃO JOSÉ DO XINGU,MT,-10.720556,-52.278889,BR,private_aerodrome,Brasil,ANAC_privados
SIUP,SIUP,Pousada Fazenda Virá,TEIXEIRA SOARES,Paraná,-25.388611,-50.543056,BR,heliport,Brasil,ANAC_helipontos
SIUQ,SIUQ,Fazenda Rancho Alegre,COCALINHO,MT,-12.776111,-50.926111,BR,private_aerodrome,Brasil,ANAC_privados
SIUR,SIUR,Fazenda Ribeirão,CAMAPUÃ,MS,-19.609722,-53.496389,BR,private_aerodrome,Brasil,ANAC_privados
SIUS,SIUS,Fazenda Santana,FORMOSA DO RIO PRETO,BA,-11.213889,-45.851944,BR,private_aerodrome,Brasil,ANAC_privados
SIUU,SIUU,Fazenda Santa Eulália,POCONÉ,MT,-16.517778,-57.041111,BR,private_aerodrome,Brasil,ANAC_privados
SIUV,SIUV,Fazenda Vianmacel,NOVA MARINGÁ,MT,-12.209444,-57.452778,BR,private_aerodrome,Brasil,ANAC_privados
SIUW,SIUW,Comandante Milton Tosto,BONITO,BA,-12.005556,-41.304444,BR,private_aerodrome,Brasil,ANAC_privados
SIUX,SIUX,Quimigel,MONTE MOR,São Paulo,-22.964722,-47.320556,BR,heliport,Brasil,ANAC_helipontos
SIUY,SIUY,Jair Feliciano de Deus,MIRASSOL D'OESTE,MT,-15.692778,-58.108333,BR,private_aerodrome,Brasil,ANAC_privados
SIV3,SIV3,FAZENDA ELDORADO,IACIARA,GO,-13.961944,-46.804444,BR,private_aerodrome,Brasil,ANAC_privados
SIV4,SIV4,Astolfi Agropecuária,RIACHÃO DAS NEVES,BA,-11.641111,-45.801667,BR,private_aerodrome,Brasil,ANAC_privados
SIV6,SIV6,FAZENDA LAGOA GRANDE,FELIXLÂNDIA,Minas Gerais,-18.790278,-44.950278,BR,heliport,Brasil,ANAC_helipontos
SIV7,SIV7,Fazenda Boa Vista,PARANATINGA,MT,-12.846667,-54.225278,BR,private_aerodrome,Brasil,ANAC_privados
SIV8,SIV8,Fazenda Santa Amélia,SANTA RITA DO PARDO,MS,-21.323333,-52.606389,BR,private_aerodrome,Brasil,ANAC_privados
SIV9,SIV9,FAZENDA ALBATROZ,DOVERLÂNDIA,GO,-16.716944,-52.765556,BR,private_aerodrome,Brasil,ANAC_privados
SIVA,SIVA,Ilha do Cavaco,ANGRA DOS REIS,Rio de Janeiro,-23.013611,-44.267222,BR,heliport,Brasil,ANAC_helipontos
SIVC,SIVC,Vicente Spisso,VARGEM GRANDE PAULISTA,São Paulo,-23.611111,-47.000556,BR,heliport,Brasil,ANAC_helipontos
SIVD,SIVD,Agropecuária Santa Rita,RIO VERDE DE MATO GROSSO,MS,-19.006111,-55.001389,BR,private_aerodrome,Brasil,ANAC_privados
SIVE,SIVE,Vokkan Vivapark,PORTO BELO,Santa Catarina,-27.161389,-48.605,BR,heliport,Brasil,ANAC_helipontos
SIVF,SIVF,Fazenda Santa Cruz,QUERÊNCIA,MT,-11.650556,-52.736667,BR,private_aerodrome,Brasil,ANAC_privados
SIVG,SIVG,Clube Aerodesportivo Selva,SINOP,MT,-11.875833,-55.444167,BR,private_aerodrome,Brasil,ANAC_privados
SIVH,SIVH,Sítio Santa Chiara,ORLÂNDIA,São Paulo,-20.705,-47.881111,BR,heliport,Brasil,ANAC_helipontos
SIVI,SIVI,Monte Sinai,CAMPINAS,São Paulo,-22.912778,-47.064167,BR,heliport,Brasil,ANAC_helipontos
SIVJ,SIVJ,Cirrus Sociedade Aerodesportiva,JABOTICATUBAS,MG,-19.450833,-43.900556,BR,private_aerodrome,Brasil,ANAC_privados
SIVK,SIVK,Fazenda Ilha Verde,CORUMBÁ,MS,-17.288056,-55.895278,BR,private_aerodrome,Brasil,ANAC_privados
SIVL,SIVL,Del Rio,MARACANAÚ,Ceará,-3.8652778,-38.592778,BR,heliport,Brasil,ANAC_helipontos
SIVM,SIVM,GOLD STAR,NIPOÃ,São Paulo,-20.900278,-49.786944,BR,heliport,Brasil,ANAC_helipontos
SIVN,SIVN,Fazenda Sansara,MONTES CLAROS,MG,-16.6,-43.766667,BR,private_aerodrome,Brasil,ANAC_privados
SIVO,SIVO,Fazenda Malu,BOM JESUS DO ARAGUAIA,MT,-12.448056,-51.774167,BR,private_aerodrome,Brasil,ANAC_privados
SIVP,SIVP,Bela Manhã,NOVA CRIXÁS,GO,-14.440833,-50.535556,BR,private_aerodrome,Brasil,ANAC_privados
SIVQ,SIVQ,Clube de Voo Aeroquadra,QUADRA,SP,-23.314444,-48.029722,BR,private_aerodrome,Brasil,ANAC_privados
SIVR,SIVR,Fazenda Fortuna,JACAREACANGA,PA,-9.1661111,-56.915556,BR,private_aerodrome,Brasil,ANAC_privados
SIVT,SIVT,Chaperó,ITAGUAÍ,Rio de Janeiro,-22.8425,-43.763889,BR,heliport,Brasil,ANAC_helipontos
SIVU,SIVU,João Monteiro,VILA VELHA,ES,-20.423056,-40.3325,BR,private_aerodrome,Brasil,ANAC_privados
SIVV,SIVV,Fazenda Borereo,BARÃO DE MELGAÇO,MT,-16.9275,-56.233056,BR,private_aerodrome,Brasil,ANAC_privados
SIVW,SIVW,Banaer de Jacupiranga,JACUPIRANGA,SP,-24.71,-48.023889,BR,private_aerodrome,Brasil,ANAC_privados
SIVX,SIVX,Cia. Brasileira de Alumínio,ALUMÍNIO,São Paulo,-23.530556,-47.265833,BR,heliport,Brasil,ANAC_helipontos
SIVY,SIVY,Fazenda Vale do Boi II,SÃO FÉLIX DO ARAGUAIA,MT,-11.670833,-52.094722,BR,private_aerodrome,Brasil,ANAC_privados
SIVZ,SIVZ,Mata-Fome,ITAQUI,RS,-29.190833,-56.548611,BR,private_aerodrome,Brasil,ANAC_privados
SIW2,SIW2,TOCANTINZINHO,ITAITUBA,PA,-6.0558333,-56.265833,BR,private_aerodrome,Brasil,ANAC_privados
SIW3,SIW3,Zeus Mineração Ltda,CAVALCANTE,GO,-13.460556,-47.799722,BR,private_aerodrome,Brasil,ANAC_privados
SIW4,SIW4,Fazenda San Jorge,COSTA RICA,MS,-18.719444,-53.179722,BR,private_aerodrome,Brasil,ANAC_privados
SIW6,SIW6,FAZENDA NOVA ESPERANÇA,CANARANA,MT,-13.649444,-52.503889,BR,private_aerodrome,Brasil,ANAC_privados
SIW7,SIW7,ESTÂNCIA XINGÚ,QUERÊNCIA,MT,-11.894722,-52.244167,BR,private_aerodrome,Brasil,ANAC_privados
SIW8,SIW8,Salenco,SÃO GABRIEL DO OESTE,MS,-18.862222,-54.348889,BR,private_aerodrome,Brasil,ANAC_privados
SIW9,SIW9,FAZENDA SANTA FELICIDADE,SANTA CARMEM,MT,-11.815833,-54.875556,BR,private_aerodrome,Brasil,ANAC_privados
SIWA,SIWA,Fazenda Estrela do Aripuanã,ARIPUANÃ,MT,-10.748889,-59.368333,BR,private_aerodrome,Brasil,ANAC_privados
SIWB,SIWB,Fazenda Sperafico,AMAMBAI,MS,-23.190278,-55.289444,BR,private_aerodrome,Brasil,ANAC_privados
SIWC,SIWC,Asas do Cerrado,UBERLÂNDIA,MG,-19.033056,-48.306944,BR,private_aerodrome,Brasil,ANAC_privados
SIWD,SIWD,Pequena Holanda I,ALTO PARNAÍBA,MA,-9.0091667,-46.136389,BR,private_aerodrome,Brasil,ANAC_privados
SIWF,SIWF,YBYTU,SAPUCAÍ-MIRIM,Minas Gerais,-22.736111,-45.775278,BR,heliport,Brasil,ANAC_helipontos
SIWG,SIWG,Ycatu,AMPARO,São Paulo,-22.641667,-46.812778,BR,heliport,Brasil,ANAC_helipontos
SIWH,SIWH,Francisco Lázaro da Silveira,COROMANDEL,MG,-18.481667,-47.226667,BR,private_aerodrome,Brasil,ANAC_privados
SIWI,SIWI,Miriti Internacional Golfe Marina,MARITUBA,Pará,-1.3383333,-48.318611,BR,heliport,Brasil,ANAC_helipontos
SIWJ,SIWJ,Parque Ana Costa,SANTOS,São Paulo,-23.963611,-46.331389,BR,heliport,Brasil,ANAC_helipontos
SIWK,SIWK,Pista Aldeia Moykarako,SÃO FÉLIX DO XINGU,PA,-7.4344444,-51.819722,BR,private_aerodrome,Brasil,ANAC_privados
SIWL,SIWL,Alceu Feldmann,BOMBINHAS,Santa Catarina,-27.190556,-48.505556,BR,heliport,Brasil,ANAC_helipontos
SIWM,SIWM,MAGNUM RESIDÊNCIA,ARAÇOIABA DA SERRA,São Paulo,-23.510278,-47.579167,BR,heliport,Brasil,ANAC_helipontos
SIWO,SIWO,Fazenda Juliana,CHUPINGUAIA,RO,-12.6825,-61.088889,BR,private_aerodrome,Brasil,ANAC_privados
SIWP,SIWP,Siframar,ITAPEMA,Santa Catarina,-27.117222,-48.608611,BR,heliport,Brasil,ANAC_helipontos
SIWQ,SIWQ,Fazenda Mateira,SANTA RITA DO PARDO,MS,-20.960833,-53.069722,BR,private_aerodrome,Brasil,ANAC_privados
SIWR,SIWR,Fazenda Amazonas,NOVA CRIXÁS,GO,-13.800556,-50.489722,BR,private_aerodrome,Brasil,ANAC_privados
SIWS,SIWS,Fazenda Santa Fé,CÁCERES,MT,-16.140833,-58.515833,BR,private_aerodrome,Brasil,ANAC_privados
SIWT,SIWT,Fazenda Santa Terezinha I,SANTA TEREZINHA,MT,-10.361944,-50.610278,BR,private_aerodrome,Brasil,ANAC_privados
SIWU,SIWU,Fazenda São Sebastião,AQUIDAUANA,MS,-19.358611,-56.411667,BR,private_aerodrome,Brasil,ANAC_privados
SIWV,SIWV,Ten. Brig. Ar Waldir de Vasconcelos,RIO DE JANEIRO,RJ,-22.983611,-43.376944,BR,private_aerodrome,Brasil,ANAC_privados
SIWW,SIWW,Fazenda Barreiros,ILHABELA,São Paulo,-23.765556,-45.347778,BR,heliport,Brasil,ANAC_helipontos
SIWX,SIWX,Fazenda Comil,SAPEZAL,MT,-13.926111,-58.883333,BR,private_aerodrome,Brasil,ANAC_privados
SIWZ,SIWZ,Fazenda Fazendinha,AQUIDAUANA,MS,-19.480556,-56.484167,BR,private_aerodrome,Brasil,ANAC_privados
SIX2,SIX2,MARGON,PORTO SEGURO,Bahia,-16.438333,-39.072222,BR,heliport,Brasil,ANAC_helipontos
SIX3,SIX3,Rancho Recanto das Águas,JAGUARIPE,Bahia,-12.980556,-38.778333,BR,heliport,Brasil,ANAC_helipontos
SIX6,SIX6,FAZENDA QUERÊNCIA,SANTANA DO ARAGUAIA,PA,-9.305,-50.904722,BR,private_aerodrome,Brasil,ANAC_privados
SIX7,SIX7,Professor Ferreirinha,CANTÁ,RR,2.72027778,-60.667778,BR,private_aerodrome,Brasil,ANAC_privados
SIX8,SIX8,FAZENDA CAROLINA,ALTA FLORESTA,MT,-10.384444,-56.579167,BR,private_aerodrome,Brasil,ANAC_privados
SIX9,SIX9,FAZENDA VALE DO MARAPÉ,NOVA MUTUM,MT,-12.901944,-56.736389,BR,private_aerodrome,Brasil,ANAC_privados
SIXA,SIXA,Fazenda União Suzanápolis,SUZANÁPOLIS,SP,-20.531667,-51.091667,BR,private_aerodrome,Brasil,ANAC_privados
SIXB,SIXB,Fazenda Cambara,PORTO DOS GAÚCHOS,MT,-11.619444,-56.561389,BR,private_aerodrome,Brasil,ANAC_privados
SIXD,SIXD,Fazenda da Paz,SANT'ANA DO LIVRAMENTO,RS,-30.844167,-55.567778,BR,private_aerodrome,Brasil,ANAC_privados
SIXE,SIXE,Aeroclube de Eldorado do Sul,ELDORADO DO SUL,RS,-30.050278,-51.443333,BR,private_aerodrome,Brasil,ANAC_privados
SIXF,SIXF,Fazenda Lageado,TRÊS LAGOAS,MS,-20.997222,-52.168889,BR,private_aerodrome,Brasil,ANAC_privados
SIXG,SIXG,Fazenda Pouso Alegre,CATALÃO,GO,-18.030833,-47.4625,BR,private_aerodrome,Brasil,ANAC_privados
SIXH,SIXH,Hospital Unimed Joinville,JOINVILLE,Santa Catarina,-26.288889,-48.845556,BR,heliport,Brasil,ANAC_helipontos
SIXI,SIXI,Pista Aldeia Kokraymoro,SÃO FÉLIX DO XINGU,PA,-7.2102778,-52.569722,BR,private_aerodrome,Brasil,ANAC_privados
SIXJ,SIXJ,Volare Helicentro,DIVINÓPOLIS,Minas Gerais,-20.166111,-44.918611,BR,heliport,Brasil,ANAC_helipontos
SIXK,SIXK,Nossa Senhora do Carmo,ITAQUIRAÍ,MS,-23.1675,-54.202222,BR,private_aerodrome,Brasil,ANAC_privados
SIXL,SIXL,Fazenda Barra do Triunfo,SÃO FÉLIX DO XINGU,PA,-6.4161111,-52.380556,BR,private_aerodrome,Brasil,ANAC_privados
SIXM,SIXM,Cifi,CUIABÁ,MT,-15.643333,-55.99,BR,private_aerodrome,Brasil,ANAC_privados
SIXN,SIXN,Txai Resort Itacaré,ITACARÉ,Bahia,-14.377778,-39.011111,BR,heliport,Brasil,ANAC_helipontos
SIXO,SIXO,Fazenda Nossa Senhora de Fátima,COMODORO,MT,-13.983333,-59.654444,BR,private_aerodrome,Brasil,ANAC_privados
SIXP,SIXP,Pretel 88,ITAÍ,São Paulo,-23.690556,-49.103333,BR,heliport,Brasil,ANAC_helipontos
SIXR,SIXR,Fazenda Santa Maria III,COXIM,MS,-18.402222,-54.451944,BR,private_aerodrome,Brasil,ANAC_privados
SIXS,SIXS,EZ Towers A,SÃO PAULO,São Paulo,-23.626944,-46.7025,BR,heliport,Brasil,ANAC_helipontos
SIXU,SIXU,Fazenda Bahia,PEDRA PRETA,MT,-16.925833,-54.071389,BR,private_aerodrome,Brasil,ANAC_privados
SIXV,SIXV,Fazenda Rancho do Planalto,ALCINÓPOLIS,MS,-18.145556,-53.363611,BR,private_aerodrome,Brasil,ANAC_privados
SIXY,SIXY,Lunelli,GUARAMIRIM,Santa Catarina,-26.472778,-48.989722,BR,heliport,Brasil,ANAC_helipontos
SIXZ,SIXZ,COLNIZA,COLNIZA,MT,-9.4463889,-59.199167,BR,private_aerodrome,Brasil,ANAC_privados
SIY2,SIY2,FAZENDA CAMPANHOLI,SÃO DESIDÉRIO,BA,-13.136111,-45.996389,BR,private_aerodrome,Brasil,ANAC_privados
SIY3,SIY3,Paradiso,AREAL,Rio de Janeiro,-22.279167,-43.136944,BR,heliport,Brasil,ANAC_helipontos
SIY4,SIY4,Vinícola Maturano,TERESÓPOLIS,Rio de Janeiro,-22.298056,-42.818056,BR,heliport,Brasil,ANAC_helipontos
SIY6,SIY6,Haras Belo Vale,CABACEIRAS DO PARAGUAÇU,Bahia,-12.551667,-39.241667,BR,heliport,Brasil,ANAC_helipontos
SIY7,SIY7,Fazenda Gerais 1B,FORMOSA DO RIO PRETO,BA,-10.556944,-45.854444,BR,private_aerodrome,Brasil,ANAC_privados
SIY8,SIY8,Fazenda União,SÃO VALÉRIO,TO,-11.539722,-48.403056,BR,private_aerodrome,Brasil,ANAC_privados
SIY9,SIY9,PISTA SAGARANA,ANAPU,PA,-3.28,-51.301389,BR,private_aerodrome,Brasil,ANAC_privados
SIYA,SIYA,CAT - Clube Aéreo Taquari,VILHENA,RO,-12.791667,-60.171667,BR,private_aerodrome,Brasil,ANAC_privados
SIYB,SIYB,Comercial Aquidabã,CAMPINAS,São Paulo,-22.910833,-47.055,BR,heliport,Brasil,ANAC_helipontos
SIYC,SIYC,Cesaroni,LAURO DE FREITAS,Bahia,-12.859167,-38.317222,BR,heliport,Brasil,ANAC_helipontos
SIYD,SIYD,Fazenda Curitiba,COMODORO,MT,-13.546667,-60.418333,BR,private_aerodrome,Brasil,ANAC_privados
SIYE,SIYE,Fazenda Barra do Agudo,MORRO AGUDO,SP,-20.810278,-48.222778,BR,private_aerodrome,Brasil,ANAC_privados
SIYF,SIYF,Fazenda São José,SERRANÓPOLIS,GO,-18.233056,-52.294167,BR,private_aerodrome,Brasil,ANAC_privados
SIYG,SIYG,Gorduras e Margarinas Especiais - GME,FORTALEZA,Ceará,-3.7191667,-38.474167,BR,heliport,Brasil,ANAC_helipontos
SIYH,SIYH,Fazenda Cruzeiro,RIO VERDE DE MATO GROSSO,MS,-18.981944,-55.291667,BR,private_aerodrome,Brasil,ANAC_privados
SIYI,SIYI,Fazenda Planalto,MONTIVIDIU,GO,-17.263889,-51.151667,BR,private_aerodrome,Brasil,ANAC_privados
SIYK,SIYK,Fazenda Sorriso Metálico,URUTAÍ,GO,-17.456667,-48.215278,BR,private_aerodrome,Brasil,ANAC_privados
SIYL,SIYL,Santuário Nacional de Nossa Senhora da Conceição Aparecida,APARECIDA,São Paulo,-22.853889,-45.237778,BR,heliport,Brasil,ANAC_helipontos
SIYM,SIYM,Fazenda Montesion,TOLEDO,PR,-24.881389,-53.754722,BR,private_aerodrome,Brasil,ANAC_privados
SIYN,SIYN,Recanto dos Mouras,AFOGADOS DA INGAZEIRA,PE,-7.7647222,-37.596944,BR,private_aerodrome,Brasil,ANAC_privados
SIYO,SIYO,Fazenda Goiás Barreiro,MONTIVIDIU,GO,-17.255556,-51.306389,BR,private_aerodrome,Brasil,ANAC_privados
SIYP,SIYP,Empresarial Delman,MACEIÓ,Alagoas,-9.6738889,-35.718611,BR,heliport,Brasil,ANAC_helipontos
SIYQ,SIYQ,Centro Empresarial Senado,RIO DE JANEIRO,Rio de Janeiro,-22.910556,-43.186111,BR,heliport,Brasil,ANAC_helipontos
SIYR,SIYR,Fazenda Rosa de Maio,ITAITUBA,PA,-4.3172222,-56.109167,BR,private_aerodrome,Brasil,ANAC_privados
SIYS,SIYS,Fazenda Sertaneja,ANANÁS,TO,-6.2255556,-48.251667,BR,private_aerodrome,Brasil,ANAC_privados
SIYT,SIYT,Office Tower Itaim,SÃO PAULO,São Paulo,-23.581111,-46.679444,BR,heliport,Brasil,ANAC_helipontos
SIYU,SIYU,Edifício Ronaldo Sampaio Ferreira,SÃO PAULO,São Paulo,-23.601667,-46.691944,BR,heliport,Brasil,ANAC_helipontos
SIYV,SIYV,Mário Henrique Simonsen,RIO DE JANEIRO,Rio de Janeiro,-22.996667,-43.346389,BR,heliport,Brasil,ANAC_helipontos
SIYW,SIYW,Fazenda Estrela,LÁBREA,AM,-9.5375,-65.731111,BR,private_aerodrome,Brasil,ANAC_privados
SIYX,SIYX,Fazenda Tereré,PORTO MURTINHO,MS,-21.341667,-57.846944,BR,private_aerodrome,Brasil,ANAC_privados
SIYY,SIYY,SLDM,SANTALUZ,Bahia,-11.001944,-39.294444,BR,heliport,Brasil,ANAC_helipontos
SIYZ,SIYZ,Condomínio Edifício Berrini 1681,SÃO PAULO,São Paulo,-23.611389,-46.694444,BR,heliport,Brasil,ANAC_helipontos
SIZ2,SIZ2,Fazenda Santa Fé,IRANDUBA,AM,-3.0569444,-60.85,BR,private_aerodrome,Brasil,ANAC_privados
SIZ3,SIZ3,FAZENDA NOVA VIDA,CACAULÂNDIA,RO,-10.1775,-62.826389,BR,private_aerodrome,Brasil,ANAC_privados
SIZ4,SIZ4,SÃO MATHEUS,IRACEMA,RR,2.08944444,-61.824722,BR,private_aerodrome,Brasil,ANAC_privados
SIZ6,SIZ6,Fazenda Tarumã,PALMAS,TO,-10.229444,-47.878889,BR,private_aerodrome,Brasil,ANAC_privados
SIZ7,SIZ7,USINA CEDRO,PARANAÍBA,MS,-19.405833,-51.249444,BR,private_aerodrome,Brasil,ANAC_privados
SIZ8,SIZ8,FAZENDA MARAVILHA DO ARAGUAIA,ARUANÃ,GO,-15.143889,-50.893889,BR,private_aerodrome,Brasil,ANAC_privados
SIZ9,SIZ9,Morandini,SANTA RITA DO TRIVELATO,MT,-13.946389,-55.244722,BR,private_aerodrome,Brasil,ANAC_privados
SIZA,SIZA,Fazenda Serra Azul,PLANALTO DA SERRA,MT,-14.668056,-54.568889,BR,private_aerodrome,Brasil,ANAC_privados
SIZB,SIZB,Hospital São José,TERESÓPOLIS,Rio de Janeiro,-22.425,-42.98,BR,heliport,Brasil,ANAC_helipontos
SIZC,SIZC,Fazenda Cachoeira do Café,FORMOSA DO RIO PRETO,BA,-11.273611,-45.613889,BR,private_aerodrome,Brasil,ANAC_privados
SIZD,SIZD,DZ47,TIJUCAS,SC,-27.287778,-48.658056,BR,private_aerodrome,Brasil,ANAC_privados
SIZE,SIZE,Coppersteel Bimetálicos,CAMPINAS,São Paulo,-22.996667,-47.123611,BR,heliport,Brasil,ANAC_helipontos
SIZG,SIZG,Fazenda Santo André II,NOVA MARINGÁ,MT,-12.631667,-57.295833,BR,private_aerodrome,Brasil,ANAC_privados
SIZH,SIZH,Fazenda Vista Alegre,APARECIDA DO TABOADO,MS,-19.996389,-51.514167,BR,private_aerodrome,Brasil,ANAC_privados
SIZI,SIZI,Fazenda Agrícola Godoy,CATALÃO,GO,-17.6175,-47.526944,BR,private_aerodrome,Brasil,ANAC_privados
SIZJ,SIZJ,Fazenda Santa Zélia,BEBEDOURO,São Paulo,-20.979444,-48.447222,BR,heliport,Brasil,ANAC_helipontos
SIZK,SIZK,Fazenda Vera Cruz,BARRA DO GARÇAS,MT,-14.875,-52.110278,BR,private_aerodrome,Brasil,ANAC_privados
SIZL,SIZL,Fazenda Lagoa,RIBEIRÃO DO SUL,SP,-22.747778,-49.844722,BR,private_aerodrome,Brasil,ANAC_privados
SIZM,SIZM,MOCELIN II,DOIS VIZINHOS,PR,-25.684444,-53.067778,BR,private_aerodrome,Brasil,ANAC_privados
SIZN,SIZN,Fazenda Lagoa Nova,DAMIANÓPOLIS,GO,-14.464167,-46.304722,BR,private_aerodrome,Brasil,ANAC_privados
SIZO,SIZO,Calcário Vale do Araguaia,COCALINHO,MT,-14.190278,-51.643889,BR,private_aerodrome,Brasil,ANAC_privados
SIZP,SIZP,Gaúcha do Norte,GAÚCHA DO NORTE,MT,-13.155833,-53.250278,BR,private_aerodrome,Brasil,ANAC_privados
SIZQ,SIZQ,Fazenda Real,BOTUCATU,SP,-23.036667,-48.441111,BR,private_aerodrome,Brasil,ANAC_privados
SIZR,SIZR,Fazenda Águas Claras,IGUATEMI,MS,-23.336111,-54.508611,BR,private_aerodrome,Brasil,ANAC_privados
SIZS,SIZS,Agropecuária Equus,GAÚCHA DO NORTE,MT,-13.537778,-53.439167,BR,private_aerodrome,Brasil,ANAC_privados
SIZT,SIZT,Taxaquara Golf Club,SÃO ROQUE,São Paulo,-23.523611,-47.088056,BR,heliport,Brasil,ANAC_helipontos
SIZU,SIZU,Agrochapada,PARANATINGA,MT,-13.435833,-54.276667,BR,private_aerodrome,Brasil,ANAC_privados
SIZV,SIZV,Sada,BETIM,Minas Gerais,-19.959722,-44.117222,BR,heliport,Brasil,ANAC_helipontos
SIZW,SIZW,Portal do Porto,SÃO JOSÉ DOS PINHAIS,Paraná,-25.514444,-49.131944,BR,heliport,Brasil,ANAC_helipontos
SIZY,SIZY,IMOCOP,PIRACICABA,São Paulo,-22.695833,-47.561944,BR,heliport,Brasil,ANAC_helipontos
SIZZ,SIZZ,Zezé,JUNDIAÍ,São Paulo,-23.128056,-47.003056,BR,heliport,Brasil,ANAC_helipontos
SJ0C,SJ0C,Fazenda Calixbento,NOVA CANAÃ DO NORTE,MT,-10.826944,-55.959722,BR,private_aerodrome,Brasil,ANAC_privados
SJ12,SJ12,Fazenda São José Terra Roxa,SELVÍRIA,MS,-20.330833,-51.382778,BR,private_aerodrome,Brasil,ANAC_privados
SJ14,SJ14,Fazenda Sucupira,FIGUEIRÓPOLIS,TO,-12.461111,-49.388056,BR,private_aerodrome,Brasil,ANAC_privados
SJ15,SJ15,Lizete e Odair,CRISTALINA,GO,-16.665278,-47.388889,BR,private_aerodrome,Brasil,ANAC_privados
SJ19,SJ19,Fazenda Acarí,CUJUBIM,RO,-8.9122222,-62.454722,BR,private_aerodrome,Brasil,ANAC_privados
SJ1C,SJ1C,Fazenda Cruz Alta,CORUMBÁ,MS,-19.038611,-55.736944,BR,private_aerodrome,Brasil,ANAC_privados
SJ1D,SJ1D,Fazenda Água Doce,VARGEM BONITA,Santa Catarina,-26.894167,-51.677222,BR,heliport,Brasil,ANAC_helipontos
SJ1E,SJ1E,Estância Magalhães,URUPÁ,RO,-11.103056,-62.430556,BR,private_aerodrome,Brasil,ANAC_privados
SJ1F,SJ1F,Fazenda Fortaleza,RIO VERDE,GO,-18.157222,-50.813056,BR,private_aerodrome,Brasil,ANAC_privados
SJ1K,SJ1K,Ilha do Caju,ARAIOSES,Maranhão,-2.7486111,-42.041944,BR,heliport,Brasil,ANAC_helipontos
SJ1M,SJ1M,FAZENDA MARAVILHA,BOM JESUS DO AMPARO,MG,-19.736667,-43.410556,BR,private_aerodrome,Brasil,ANAC_privados
SJ1N,SJ1N,Condomínio Nirvana Village,BURITI ALEGRE,Goiás,-18.249167,-48.861944,BR,heliport,Brasil,ANAC_helipontos
SJ1O,SJ1O,Fazenda São José,BRASNORTE,MT,-13.152778,-57.975833,BR,private_aerodrome,Brasil,ANAC_privados
SJ1P,SJ1P,FAZENDA PREFERÊNCIA,BAIANÓPOLIS,BA,-12.895833,-44.359444,BR,private_aerodrome,Brasil,ANAC_privados
SJ1R,SJ1R,Fazenda Reunidas Baumgart IV,PARAÚNA,GO,-16.870278,-50.959722,BR,private_aerodrome,Brasil,ANAC_privados
SJ22,SJ22,FAZENDA FIGUEIRA BRANCA,MARCELÂNDIA,MT,-10.764167,-54.485,BR,private_aerodrome,Brasil,ANAC_privados
SJ23,SJ23,FAZENDA NOVA ALIANÇA,ENCRUZILHADA,BA,-15.648889,-40.835833,BR,private_aerodrome,Brasil,ANAC_privados
SJ24,SJ24,Vale dos Pinheiros,CAMPOS DO JORDÃO,São Paulo,-22.7375,-45.533611,BR,heliport,Brasil,ANAC_helipontos
SJ26,SJ26,Chácara Messias,SANTA ISABEL,São Paulo,-23.278611,-46.253611,BR,heliport,Brasil,ANAC_helipontos
SJ27,SJ27,CAROLINA,ITAITUBA,PA,-5.4030556,-57.168056,BR,private_aerodrome,Brasil,ANAC_privados
SJ28,SJ28,Fazenda Santa Helena,JUSSARA,GO,-15.788611,-51.006389,BR,private_aerodrome,Brasil,ANAC_privados
SJ29,SJ29,Fazenda Ricardo Franco,SANTO ANTÔNIO DO LEVERGER,MT,-16.295278,-55.664444,BR,private_aerodrome,Brasil,ANAC_privados
SJ2A,SJ2A,Estancia Zeviani,DOURADOS,MS,-22.286389,-54.620556,BR,private_aerodrome,Brasil,ANAC_privados
SJ2C,SJ2C,MARCOS ROSADO,TIBAU,RN,-4.8630556,-37.251111,BR,private_aerodrome,Brasil,ANAC_privados
SJ2D,SJ2D,Jequiá da Praia,JEQUIÁ DA PRAIA,Alagoas,-10.0275,-36.020833,BR,heliport,Brasil,ANAC_helipontos
SJ2F,SJ2F,FAZENDA MOEDA,CARACOL,MS,-21.983333,-57.080833,BR,private_aerodrome,Brasil,ANAC_privados
SJ2G,SJ2G,MINERAÇÃO ROSA DE MAIO,MAUÉS,AM,-5.6997222,-58.028333,BR,private_aerodrome,Brasil,ANAC_privados
SJ2I,SJ2I,Fazenda Conquista,RIO SONO,TO,-9.7305556,-47.525278,BR,private_aerodrome,Brasil,ANAC_privados
SJ2J,SJ2J,POLEIRO RETIRO,CORUMBÁ,MS,-17.452778,-56.248056,BR,private_aerodrome,Brasil,ANAC_privados
SJ2K,SJ2K,Fazenda Clarim,SÃO DESIDÉRIO,BA,-13.201667,-46.239167,BR,private_aerodrome,Brasil,ANAC_privados
SJ2L,SJ2L,Heliponto Santuário de Santa Rita de Cássia,CÁSSIA,Minas Gerais,-20.574722,-46.911389,BR,heliport,Brasil,ANAC_helipontos
SJ2M,SJ2M,FAZENDA QUATRO IRMÃOS,NOVO PROGRESSO,PA,-7.0577778,-55.694722,BR,private_aerodrome,Brasil,ANAC_privados
SJ2N,SJ2N,CONDOMÍNIO AERONÁUTICO JW,SANTA RITA,PB,-7.2366667,-34.968611,BR,private_aerodrome,Brasil,ANAC_privados
SJ2O,SJ2O,FAZENDA BARREIRA DA CRUZ,PIUM,TO,-10.516944,-49.900833,BR,private_aerodrome,Brasil,ANAC_privados
SJ2P,SJ2P,MERLIN AGRO,MATEIROS,TO,-10.224167,-46.111944,BR,private_aerodrome,Brasil,ANAC_privados
SJ2Q,SJ2Q,Fazenda Terra Viva,PORTO FELIZ,São Paulo,-23.36,-47.536111,BR,heliport,Brasil,ANAC_helipontos
SJ2R,SJ2R,Fazenda Brejinho,BUÍQUE,PE,-8.6133333,-37.259444,BR,private_aerodrome,Brasil,ANAC_privados
SJ2S,SJ2S,Fazenda São Pedro,SANTA RITA DO TRIVELATO,MT,-13.868611,-55.081111,BR,private_aerodrome,Brasil,ANAC_privados
SJ2T,SJ2T,FAZENDA INDIANA,BODOQUENA,MS,-20.396944,-56.641944,BR,private_aerodrome,Brasil,ANAC_privados
SJ2U,SJ2U,FAZENDA LANDI,BARÃO DE MELGAÇO,MT,-16.978611,-55.66,BR,private_aerodrome,Brasil,ANAC_privados
SJ2V,SJ2V,Fazenda Nova Premier,MONTIVIDIU DO NORTE,GO,-13.041944,-48.784444,BR,private_aerodrome,Brasil,ANAC_privados
SJ2W,SJ2W,Fazenda Tucumã,ALTO ALEGRE,RR,3.13333333,-61.041389,BR,private_aerodrome,Brasil,ANAC_privados
SJ2X,SJ2X,FAZENDA LAPACHO,SETE QUEDAS,MS,-23.878611,-55.036944,BR,private_aerodrome,Brasil,ANAC_privados
SJ2Y,SJ2Y,Lucélia,LUCÉLIA,SP,-21.749444,-51.018333,BR,private_aerodrome,Brasil,ANAC_privados
SJ2Z,SJ2Z,Pontal de Jaguaripe,JAGUARIPE,Bahia,-13.113333,-38.875278,BR,heliport,Brasil,ANAC_helipontos
SJ32,SJ32,FAZENDA SANTA MARTA,SÃO GABRIEL,RS,-30.504722,-54.278611,BR,private_aerodrome,Brasil,ANAC_privados
SJ33,SJ33,FAZENDA PICA PAU,LÁBREA,AM,-9.4211111,-65.556111,BR,private_aerodrome,Brasil,ANAC_privados
SJ34,SJ34,FAZENDA ALTA VISTA,VILA BELA DA SANTÍSSIMA TRINDADE,MT,-14.962778,-59.709167,BR,private_aerodrome,Brasil,ANAC_privados
SJ36,SJ36,AERÓDROMO MEKDESSI,RIBEIRÃO CASCALHEIRA,MT,-12.6225,-51.765833,BR,private_aerodrome,Brasil,ANAC_privados
SJ37,SJ37,Fazenda Colina Verde,COLINAS,MA,-6.2558333,-44.160278,BR,private_aerodrome,Brasil,ANAC_privados
SJ38,SJ38,Fazenda Itatuba,CÁSSIA,MG,-20.4325,-46.859722,BR,private_aerodrome,Brasil,ANAC_privados
SJ39,SJ39,AERO JERUSALÉM,ÁGUA BOA,MT,-14.114444,-52.191667,BR,private_aerodrome,Brasil,ANAC_privados
SJ3A,SJ3A,FAZENDA PIUVA IX,DOIS IRMÃOS DO BURITI,MS,-20.585278,-55.23,BR,private_aerodrome,Brasil,ANAC_privados
SJ3B,SJ3B,Fazenda Alto do Cruzeiro,CHÃ GRANDE,PE,-8.2111111,-35.477778,BR,private_aerodrome,Brasil,ANAC_privados
SJ3C,SJ3C,AERÓDROMO FAZENDA PIRACICABA,IGUATEMI,MS,-23.545278,-54.360833,BR,private_aerodrome,Brasil,ANAC_privados
SJ3D,SJ3D,FAZENDA SINIMBU,JABORANDI,BA,-13.866389,-45.164167,BR,private_aerodrome,Brasil,ANAC_privados
SJ3E,SJ3E,Bela União Agropecuária,SÃO GABRIEL,RS,-30.155556,-54.503333,BR,private_aerodrome,Brasil,ANAC_privados
SJ3F,SJ3F,Aldeia Kumenê,OIAPOQUE,AP,3.48944444,-51.484722,BR,private_aerodrome,Brasil,ANAC_privados
SJ3G,SJ3G,Fazenda Corpus Christi,NAVIRAÍ,MS,-22.890556,-54.312222,BR,private_aerodrome,Brasil,ANAC_privados
SJ3H,SJ3H,Calçados Beira Rio,NOVO HAMBURGO,Rio Grande do Sul,-29.661667,-51.098056,BR,heliport,Brasil,ANAC_helipontos
SJ3I,SJ3I,Praia do Encanto,CAIRU,Bahia,-13.440556,-38.903333,BR,heliport,Brasil,ANAC_helipontos
SJ3J,SJ3J,FAZENDA BACABA - GRUPO IJP,SANTANA DO ARAGUAIA,PA,-9.3202778,-50.239444,BR,private_aerodrome,Brasil,ANAC_privados
SJ3K,SJ3K,FAZENDA PANSERA,CAMPOS LINDOS,TO,-8.0163889,-46.637222,BR,private_aerodrome,Brasil,ANAC_privados
SJ3L,SJ3L,FAZENDA SANTA LUCIA,SÃO DESIDÉRIO,BA,-13.191667,-46.079444,BR,private_aerodrome,Brasil,ANAC_privados
SJ3M,SJ3M,Condomínio Aeronáutico Monte Cristo,BOA VISTA,RR,2.93694444,-60.725,BR,private_aerodrome,Brasil,ANAC_privados
SJ3N,SJ3N,Fazenda Nhu-Guassu,PARANHOS,MS,-23.519444,-55.494167,BR,private_aerodrome,Brasil,ANAC_privados
SJ3O,SJ3O,Morro Vermelho,COXIM,MS,-18.687778,-54.468056,BR,private_aerodrome,Brasil,ANAC_privados
SJ3P,SJ3P,Fazenda Boa Esperança Porteiras,MONTIVIDIU,GO,-17.417778,-50.987222,BR,private_aerodrome,Brasil,ANAC_privados
SJ3Q,SJ3Q,Fazenda Retiro das Emas,MONTES CLAROS DE GOIÁS,GO,-15.655556,-51.753333,BR,private_aerodrome,Brasil,ANAC_privados
SJ3R,SJ3R,Aeroclube de Buritis,BURITIS,RO,-10.206944,-63.855,BR,private_aerodrome,Brasil,ANAC_privados
SJ3S,SJ3S,Fazenda Sabran,CUMARU DO NORTE,PA,-9.2972222,-51.363333,BR,private_aerodrome,Brasil,ANAC_privados
SJ3T,SJ3T,AGROPECUÁRIA CAVALCA,AMAMBAI,MS,-22.971944,-54.615556,BR,private_aerodrome,Brasil,ANAC_privados
SJ3U,SJ3U,Fazenda Central,MOJU,PA,-3.0013889,-49.389444,BR,private_aerodrome,Brasil,ANAC_privados
SJ3V,SJ3V,FAZENDA MANGA,JOÃO PINHEIRO,MG,-17.299167,-46.438056,BR,private_aerodrome,Brasil,ANAC_privados
SJ3W,SJ3W,DISTRITO DE ITAQUI,ITAPEVI,São Paulo,-23.500556,-46.966111,BR,heliport,Brasil,ANAC_helipontos
SJ3X,SJ3X,Fazenda São Bento,FORMOSA DO RIO PRETO,BA,-10.803333,-45.738333,BR,private_aerodrome,Brasil,ANAC_privados
SJ3Y,SJ3Y,Fazenda Perobas,TANABI,SP,-20.662222,-49.639444,BR,private_aerodrome,Brasil,ANAC_privados
SJ3Z,SJ3Z,FAZENDA SANTO EXPEDITO,JABORANDI,BA,-14.259444,-45.817778,BR,private_aerodrome,Brasil,ANAC_privados
SJ42,SJ42,FAZENDA AGROMASTER II,CLÁUDIA,MT,-11.627778,-55.091111,BR,private_aerodrome,Brasil,ANAC_privados
SJ43,SJ43,GENESISAGRO - GRAJAÚ,GRAJAÚ,MA,-5.9105556,-46.288056,BR,private_aerodrome,Brasil,ANAC_privados
SJ44,SJ44,FAZENDA CHAPADÃO DO APUÍ,APUÍ,AM,-6.8319444,-59.306667,BR,private_aerodrome,Brasil,ANAC_privados
SJ46,SJ46,Fazenda ETF Agro,JUSSARA,GO,-15.072778,-51.493611,BR,private_aerodrome,Brasil,ANAC_privados
SJ47,SJ47,Extrema Business Park,EXTREMA,Minas Gerais,-22.839722,-46.335833,BR,heliport,Brasil,ANAC_helipontos
SJ48,SJ48,Fazenda São Vicente,JACIARA,MT,-15.914167,-55.304167,BR,private_aerodrome,Brasil,ANAC_privados
SJ49,SJ49,Fazenda Boa Esperança de Itarumã,ITARUMÃ,GO,-18.776389,-51.534167,BR,private_aerodrome,Brasil,ANAC_privados
SJ4B,SJ4B,Morada do Sol,BOA VISTA,RR,2.68111111,-60.890556,BR,private_aerodrome,Brasil,ANAC_privados
SJ4C,SJ4C,Fazenda São João,NIOAQUE,MS,-20.842222,-55.966667,BR,private_aerodrome,Brasil,ANAC_privados
SJ4D,SJ4D,FAZENDA TIÚBA,PARNARAMA,MA,-5.8497222,-43.520556,BR,private_aerodrome,Brasil,ANAC_privados
SJ4E,SJ4E,Barras,BARRAS,PI,-4.2044444,-42.251111,BR,private_aerodrome,Brasil,ANAC_privados
SJ4F,SJ4F,FAZENDA SÃO JOSÉ,BRASILÂNDIA,MS,-21.481389,-52.176389,BR,private_aerodrome,Brasil,ANAC_privados
SJ4G,SJ4G,9º BPM,DELMIRO GOUVEIA,Alagoas,-9.3583333,-37.986389,BR,heliport,Brasil,ANAC_helipontos
SJ4H,SJ4H,FAZENDA ÁGUA AZUL,NOVA MAMORÉ,RO,-10.236111,-64.743889,BR,private_aerodrome,Brasil,ANAC_privados
SJ4J,SJ4J,Aero Helinorte,SÃO JOÃO DO ARAGUAIA,PA,-5.4477778,-48.92,BR,private_aerodrome,Brasil,ANAC_privados
SJ4K,SJ4K,Fazenda Três Minas,ITAMBÉ,PR,-23.673333,-52.010278,BR,private_aerodrome,Brasil,ANAC_privados
SJ4L,SJ4L,Governador Divaldo Suruagy,MARECHAL DEODORO,AL,-9.6941667,-35.831667,BR,private_aerodrome,Brasil,ANAC_privados
SJ4M,SJ4M,Fazenda São Jorge,TUPANCIRETÃ,RS,-28.872778,-53.914167,BR,private_aerodrome,Brasil,ANAC_privados
SJ4N,SJ4N,Aldeia Ananapiare,ALMEIRIM,PA,0.620833333,-54.418056,BR,private_aerodrome,Brasil,ANAC_privados
SJ4O,SJ4O,COFER ATACADISTA,CARMO DO CAJURU,Minas Gerais,-20.152778,-44.759444,BR,heliport,Brasil,ANAC_helipontos
SJ4P,SJ4P,FAZENDA AGROPRUDENTE,TABAPORÃ,MT,-10.906944,-56.606389,BR,private_aerodrome,Brasil,ANAC_privados
SJ4Q,SJ4Q,Fazenda Vale do Sol,SERRANÓPOLIS,GO,-18.289167,-51.941389,BR,private_aerodrome,Brasil,ANAC_privados
SJ4R,SJ4R,Fazenda Santa Catarina,AQUIDAUANA,MS,-20.309167,-56.165833,BR,private_aerodrome,Brasil,ANAC_privados
SJ4S,SJ4S,Fazenda Candoara,CANDÓI,PR,-25.678056,-52.258889,BR,private_aerodrome,Brasil,ANAC_privados
SJ4T,SJ4T,Anabela,JUSSARA,GO,-15.688056,-51.486667,BR,private_aerodrome,Brasil,ANAC_privados
SJ4U,SJ4U,FAZENDA JUARA,JUARA,MT,-11.801111,-57.593889,BR,private_aerodrome,Brasil,ANAC_privados
SJ4V,SJ4V,DFA,ANÁPOLIS,Goiás,-16.3975,-48.9275,BR,heliport,Brasil,ANAC_helipontos
SJ4W,SJ4W,Municipal de Mato Verde,MATO VERDE,MG,-15.347222,-42.883889,BR,private_aerodrome,Brasil,ANAC_privados
SJ4X,SJ4X,Fazenda Caiçara,TRÊS MARIAS,MG,-18.468611,-45.291944,BR,private_aerodrome,Brasil,ANAC_privados
SJ4Z,SJ4Z,Paes Landim - Vale do Fidalgo,PAES LANDIM,PI,-7.7375,-42.303611,BR,private_aerodrome,Brasil,ANAC_privados
SJ5D,SJ5D,FAZENDA CAMPO DOURADO,GURUPI,TO,-11.448056,-48.621389,BR,private_aerodrome,Brasil,ANAC_privados
SJ5M,SJ5M,Michelon,SANTA CRUZ DO SUL,Rio Grande do Sul,-29.687778,-52.423889,BR,heliport,Brasil,ANAC_helipontos
SJ5R,SJ5R,AG Fazenda Santa Rita,SANTA TEREZINHA,Bahia,-12.886944,-39.608056,BR,heliport,Brasil,ANAC_helipontos
SJ62,SJ62,Fazenda Nossa Senhora de Lourdes,DIAMANTE DO NORTE,PR,-22.646667,-52.947222,BR,private_aerodrome,Brasil,ANAC_privados
SJ63,SJ63,FAZENDA MONGAGUÁ,CUMARU DO NORTE,PA,-9.475,-51.227778,BR,private_aerodrome,Brasil,ANAC_privados
SJ64,SJ64,Fazenda JK do Formoso,BURITIZEIRO,MG,-17.848333,-45.405556,BR,private_aerodrome,Brasil,ANAC_privados
SJ66,SJ66,Fazenda Carolina - Grupo FRT,BALSAS,MA,-8.7719444,-46.325278,BR,private_aerodrome,Brasil,ANAC_privados
SJ67,SJ67,CEDRO AGROPEC,FRANCISCO DUMONT,Minas Gerais,-17.579722,-44.195278,BR,heliport,Brasil,ANAC_helipontos
SJ68,SJ68,FAZENDA TAMAKAVI,ALTO BOA VISTA,MT,-11.973889,-52.121111,BR,private_aerodrome,Brasil,ANAC_privados
SJ69,SJ69,Fazenda Planalto,SIDROLÂNDIA,MS,-21.479722,-55.043333,BR,private_aerodrome,Brasil,ANAC_privados
SJ6A,SJ6A,Aldeia Marithepu,ORIXIMINÁ,PA,1.09138889,-56.189444,BR,private_aerodrome,Brasil,ANAC_privados
SJ6B,SJ6B,FAZENDA ORIENTAL,TOMÉ-AÇU,PA,-3.0297222,-48.385,BR,private_aerodrome,Brasil,ANAC_privados
SJ6C,SJ6C,HELITUR SERRA DO RIO DO RASTRO,BOM JARDIM DA SERRA,Santa Catarina,-28.368056,-49.574167,BR,heliport,Brasil,ANAC_helipontos
SJ6D,SJ6D,FAZENDA VALADARES,SÃO FÉLIX DO XINGU,PA,-6.2547222,-51.525278,BR,private_aerodrome,Brasil,ANAC_privados
SJ6E,SJ6E,FAZENDA BOA VISTA,ARIPUANÃ,MT,-10.024167,-59.185278,BR,private_aerodrome,Brasil,ANAC_privados
SJ6F,SJ6F,Fazenda Pão e Vinho,DEODÁPOLIS,MS,-21.955,-54.195556,BR,private_aerodrome,Brasil,ANAC_privados
SJ6G,SJ6G,VMX AGROPECUÁRIA LTDA.,PORTO DOS GAÚCHOS,MT,-11.752778,-56.808889,BR,private_aerodrome,Brasil,ANAC_privados
SJ6H,SJ6H,Retiro Barranco,MIRANDA,MS,-19.970278,-56.743889,BR,private_aerodrome,Brasil,ANAC_privados
SJ6I,SJ6I,Fazenda São Carlos,UNAÍ,MG,-16.547222,-47.320833,BR,private_aerodrome,Brasil,ANAC_privados
SJ6J,SJ6J,Fazenda Sobrado,SÃO MANUEL,São Paulo,-22.658056,-48.450556,BR,heliport,Brasil,ANAC_helipontos
SJ6K,SJ6K,FAZENDA LARANJEIRA,PIMENTA BUENO,RO,-12.220556,-60.443056,BR,private_aerodrome,Brasil,ANAC_privados
SJ6L,SJ6L,FAZENDA SANTA HELENA,NOVA CRIXÁS,GO,-14.100833,-50.827222,BR,private_aerodrome,Brasil,ANAC_privados
SJ6M,SJ6M,Fazenda Lagoa Bonita,LUCIARA,MT,-11.150556,-50.951111,BR,private_aerodrome,Brasil,ANAC_privados
SJ6N,SJ6N,Gana Gold Mineração,ITAITUBA,PA,-6.3733333,-56.266111,BR,private_aerodrome,Brasil,ANAC_privados
SJ6P,SJ6P,Fazenda Cruzeiro da Serra,NOVA IGUAÇU DE GOIÁS,GO,-14.466667,-49.381944,BR,private_aerodrome,Brasil,ANAC_privados
SJ6Q,SJ6Q,José Alencar Thomas Junior,TURMALINA,MG,-17.165278,-42.830833,BR,private_aerodrome,Brasil,ANAC_privados
SJ6R,SJ6R,Dalla Libera,NOVA MUTUM,MT,-13.753889,-55.791111,BR,private_aerodrome,Brasil,ANAC_privados
SJ6S,SJ6S,FAZENDA SANTA HELENA,PIUM,TO,-10.447222,-49.164167,BR,private_aerodrome,Brasil,ANAC_privados
SJ6T,SJ6T,Le Monde,RIBEIRÃO PRETO,São Paulo,-21.209444,-47.798333,BR,heliport,Brasil,ANAC_helipontos
SJ6U,SJ6U,São José,CAMPO VERDE,MT,-15.240556,-54.760278,BR,private_aerodrome,Brasil,ANAC_privados
SJ6V,SJ6V,Fazenda Morada Nova,ITAJÁ,GO,-18.883333,-51.598611,BR,private_aerodrome,Brasil,ANAC_privados
SJ6W,SJ6W,INDAIÁ,BERTIOGA,São Paulo,-23.821389,-46.0425,BR,heliport,Brasil,ANAC_helipontos
SJ6X,SJ6X,Faz. Sto. Antônio do Itiquira,SANTO ANTÔNIO DO LEVERGER,MT,-17.098333,-54.981389,BR,private_aerodrome,Brasil,ANAC_privados
SJ6Y,SJ6Y,AERO AGROTERRA,RONDON DO PARÁ,PA,-4.7127778,-48.039167,BR,private_aerodrome,Brasil,ANAC_privados
SJ6Z,SJ6Z,FAZENDA PIRATINI,SÃO DESIDÉRIO,BA,-12.677222,-45.770556,BR,private_aerodrome,Brasil,ANAC_privados
SJ72,SJ72,Tri Telecom,PORTO ALEGRE,Rio Grande do Sul,-29.984444,-51.120556,BR,heliport,Brasil,ANAC_helipontos
SJ73,SJ73,Castelo do Piauí,CASTELO DO PIAUÍ,PI,-5.305,-41.547222,BR,private_aerodrome,Brasil,ANAC_privados
SJ74,SJ74,AGT AGROPECUÁRIA,ARAGUAÇU,TO,-12.813056,-49.569444,BR,private_aerodrome,Brasil,ANAC_privados
SJ75,SJ75,Fazenda Santa Cecília,CARMO DO PARANAÍBA,MG,-19.001389,-46.244167,BR,private_aerodrome,Brasil,ANAC_privados
SJ76,SJ76,FAZENDA SÃO PAULO,ALTO ARAGUAIA,MT,-17.763889,-53.7325,BR,private_aerodrome,Brasil,ANAC_privados
SJ77,SJ77,FAZENDA CABECEIRAS DA TRANSCERRADO,PALMEIRA DO PIAUÍ,PI,-8.4488889,-44.531944,BR,private_aerodrome,Brasil,ANAC_privados
SJ78,SJ78,FAZENDA TALISMÃ,TALISMÃ,TO,-12.784722,-49.0075,BR,private_aerodrome,Brasil,ANAC_privados
SJ79,SJ79,Fazenda São Fernando,CORUMBÁ,MS,-19.985556,-57.294722,BR,private_aerodrome,Brasil,ANAC_privados
SJ7A,SJ7A,FAZENDA ESPÍRITO SANTO,FORMOSA DO RIO PRETO,BA,-11.593611,-46.117778,BR,private_aerodrome,Brasil,ANAC_privados
SJ7B,SJ7B,Municipal de Olímpia,OLÍMPIA,São Paulo,-20.724167,-48.915833,BR,heliport,Brasil,ANAC_helipontos
SJ7D,SJ7D,NATURAFRIG,ROCHEDO,MS,-19.961944,-54.845278,BR,private_aerodrome,Brasil,ANAC_privados
SJ7E,SJ7E,IGUATEMI CORPORATE,CAMPINAS,São Paulo,-22.864167,-47.021944,BR,heliport,Brasil,ANAC_helipontos
SJ7F,SJ7F,Fazendinha,DEODÁPOLIS,MS,-22.329444,-54.170833,BR,private_aerodrome,Brasil,ANAC_privados
SJ7G,SJ7G,FAZENDA SÃO CAETANO,MIRANDA,MS,-20.321944,-56.323889,BR,private_aerodrome,Brasil,ANAC_privados
SJ7H,SJ7H,VM MARINA CLUB,PARNAÍBA,Piauí,-2.9097222,-41.787778,BR,heliport,Brasil,ANAC_helipontos
SJ7I,SJ7I,FAZENDA DACAR,VERA,MT,-12.14,-55.224444,BR,private_aerodrome,Brasil,ANAC_privados
SJ7M,SJ7M,Teston II,NAVIRAÍ,Mato Grosso do Sul,-23.026111,-54.338056,BR,heliport,Brasil,ANAC_helipontos
SJ7O,SJ7O,Fazenda Primavera,RIO VERDE DE MATO GROSSO,MS,-18.575278,-54.946111,BR,private_aerodrome,Brasil,ANAC_privados
SJ7Q,SJ7Q,FAZENDA ARATABA,BODOQUENA,MS,-20.650833,-56.666944,BR,private_aerodrome,Brasil,ANAC_privados
SJ7R,SJ7R,FAZENDA BAIA MINEIRA,CORUMBÁ,MS,-18.451111,-56.722778,BR,private_aerodrome,Brasil,ANAC_privados
SJ7T,SJ7T,FAZENDA BIPANDÔRA,ITAPORÃ,MS,-22.000556,-54.905833,BR,private_aerodrome,Brasil,ANAC_privados
SJ7U,SJ7U,FAZENDA JATOBÁ,BRASILÂNDIA,MS,-21.263889,-52.517778,BR,private_aerodrome,Brasil,ANAC_privados
SJ7V,SJ7V,Fazenda São José,VILA BELA DA SANTÍSSIMA TRINDADE,MT,-14.955556,-59.919722,BR,private_aerodrome,Brasil,ANAC_privados
SJ7W,SJ7W,Valente,VALENTE,BA,-11.411389,-39.441944,BR,private_aerodrome,Brasil,ANAC_privados
SJ7Y,SJ7Y,Joli,SÃO PAULO,São Paulo,-23.527222,-46.586944,BR,heliport,Brasil,ANAC_helipontos
SJ7Z,SJ7Z,de Abaré,ABARÉ,BA,-8.7369444,-39.115278,BR,private_aerodrome,Brasil,ANAC_privados
SJ82,SJ82,Fazenda Boemia,PARAÍSO DAS ÁGUAS,MS,-19.129722,-53.283889,BR,private_aerodrome,Brasil,ANAC_privados
SJ83,SJ83,FAZENDA LEONARDO,PEDRA PRETA,MT,-17.021111,-54.203056,BR,private_aerodrome,Brasil,ANAC_privados
SJ84,SJ84,FAZENDA CODEARA,SANTA TEREZINHA,MT,-10.466111,-50.534167,BR,private_aerodrome,Brasil,ANAC_privados
SJ86,SJ86,Fortim,FORTIM,Ceará,-4.4305556,-37.779167,BR,heliport,Brasil,ANAC_helipontos
SJ87,SJ87,Usibras,AQUIRAZ,Ceará,-3.9255556,-38.382778,BR,heliport,Brasil,ANAC_helipontos
SJ89,SJ89,Fazenda Baliza,PARANATINGA,MT,-14.566667,-53.932222,BR,private_aerodrome,Brasil,ANAC_privados
SJ8A,SJ8A,GRATO AGROPECUÁRIA - FAZENDA IPANEMA,SÃO DESIDÉRIO,BA,-13.276111,-45.945278,BR,private_aerodrome,Brasil,ANAC_privados
SJ8B,SJ8B,São Joaquim,MANAUS,AM,-2.8036111,-60.048056,BR,private_aerodrome,Brasil,ANAC_privados
SJ8C,SJ8C,Zimba Castelo Branco,ARAÇARIGUAMA,São Paulo,-23.473056,-47.023056,BR,heliport,Brasil,ANAC_helipontos
SJ8F,SJ8F,AGROPECUÁRIA CAMPO NOVO,PERITORÓ,MA,-4.4655556,-44.173333,BR,private_aerodrome,Brasil,ANAC_privados
SJ8I,SJ8I,Complexo das Águias,UBAJARA,CE,-3.8183333,-40.946389,BR,private_aerodrome,Brasil,ANAC_privados
SJ8J,SJ8J,Fazenda São Paulo,AMAMBAI,MS,-22.951111,-54.840556,BR,private_aerodrome,Brasil,ANAC_privados
SJ8K,SJ8K,Fazenda Jaraguá,AQUIDAUANA,MS,-19.531389,-55.288611,BR,private_aerodrome,Brasil,ANAC_privados
SJ8L,SJ8L,Fazenda Morro São Pedro,CORUMBÁ,MS,-19.704444,-57.880278,BR,private_aerodrome,Brasil,ANAC_privados
SJ8M,SJ8M,Grupo Conde,SÃO JOSÉ DOS CAMPOS,São Paulo,-23.269167,-45.914167,BR,heliport,Brasil,ANAC_helipontos
SJ8N,SJ8N,Condomínio Aeronáutico Aeroagro,SORRISO,MT,-12.593611,-55.696944,BR,private_aerodrome,Brasil,ANAC_privados
SJ8O,SJ8O,Fazenda Bela Vista,CHUPINGUAIA,RO,-12.525,-61.118056,BR,private_aerodrome,Brasil,ANAC_privados
SJ8P,SJ8P,Fazenda Mata da Chuva,JUARA,MT,-11.558889,-57.864722,BR,private_aerodrome,Brasil,ANAC_privados
SJ8Q,SJ8Q,FAZENDA BRASÍLIA,ALTO ALEGRE,RR,3.21222222,-61.095556,BR,private_aerodrome,Brasil,ANAC_privados
SJ8R,SJ8R,Fazenda Santa Terezinha,CAMPO NOVO DO PARECIS,MT,-13.538333,-57.824722,BR,private_aerodrome,Brasil,ANAC_privados
SJ8T,SJ8T,Fazenda Sonho Azul,SÃO JOÃO DA BALIZA,RR,0.816666667,-59.853611,BR,private_aerodrome,Brasil,ANAC_privados
SJ8U,SJ8U,Fazenda Cambará,CORUMBÁ,MS,-17.9275,-55.221111,BR,private_aerodrome,Brasil,ANAC_privados
SJ8V,SJ8V,Fazenda Cremacq,BAIXA GRANDE DO RIBEIRO,PI,-8.2033333,-45.312778,BR,private_aerodrome,Brasil,ANAC_privados
SJ8W,SJ8W,Fazenda Colorado,ARAGUAÍNA,TO,-7.3455556,-48.194167,BR,private_aerodrome,Brasil,ANAC_privados
SJ8X,SJ8X,Fazenda Santa Lavínia,SANTA FÉ DE GOIÁS,GO,-15.549722,-51.105,BR,private_aerodrome,Brasil,ANAC_privados
SJ8Y,SJ8Y,FAZENDA CONCEIÇÃO,CORUMBÁ,MS,-18.021667,-56.825278,BR,private_aerodrome,Brasil,ANAC_privados
SJ8Z,SJ8Z,SEBASTIÃO GARCIA,CANARANA,MT,-13.290278,-52.381389,BR,private_aerodrome,Brasil,ANAC_privados
SJ92,SJ92,Agronova,TORIXORÉU,MT,-16.123056,-52.485278,BR,private_aerodrome,Brasil,ANAC_privados
SJ93,SJ93,Fazenda Paranoá,CANARANA,MT,-13.204167,-52.194722,BR,private_aerodrome,Brasil,ANAC_privados
SJ94,SJ94,Ipameri,IPAMERI,GO,-17.685556,-48.161667,BR,private_aerodrome,Brasil,ANAC_privados
SJ96,SJ96,Prudentópolis,PRUDENTÓPOLIS,PR,-25.1825,-50.923056,BR,private_aerodrome,Brasil,ANAC_privados
SJ97,SJ97,Fazenda Baguassu,PORTO MURTINHO,MS,-21.455556,-57.146111,BR,private_aerodrome,Brasil,ANAC_privados
SJ98,SJ98,Pedro Zanetti,ARROIO GRANDE,RS,-32.010556,-52.600278,BR,private_aerodrome,Brasil,ANAC_privados
SJ99,SJ99,FAZENDA VALE VERDE,FERNANDO FALCÃO,MA,-6.3541667,-45.296667,BR,private_aerodrome,Brasil,ANAC_privados
SJ9A,SJ9A,Barreirinha,BARREIRINHA,AM,-2.7961111,-57.056111,BR,private_aerodrome,Brasil,ANAC_privados
SJ9B,SJ9B,BOTUVERA,GAÚCHA DO NORTE,MT,-13.583611,-53.981667,BR,private_aerodrome,Brasil,ANAC_privados
SJ9C,SJ9C,Fazenda Vieira Munhoz,CANDEIAS DO JAMARI,RO,-9.195,-63.478611,BR,private_aerodrome,Brasil,ANAC_privados
SJ9E,SJ9E,ALBOR CAMPO ALEGRE,CAMPO ALEGRE,Santa Catarina,-26.1725,-49.315,BR,heliport,Brasil,ANAC_helipontos
SJ9F,SJ9F,Pedra da Gávea,RIO DE JANEIRO,Rio de Janeiro,-23.011111,-43.289167,BR,heliport,Brasil,ANAC_helipontos
SJ9G,SJ9G,FAZENDA MATA LINDA,QUERÊNCIA,MT,-11.825278,-52.759167,BR,private_aerodrome,Brasil,ANAC_privados
SJ9H,SJ9H,Fazenda Felicidade,PORANGATU,GO,-12.880278,-48.896111,BR,private_aerodrome,Brasil,ANAC_privados
SJ9I,SJ9I,Fazenda Barreiro Grande,NOVA CRIXÁS,GO,-14.5825,-50.325278,BR,private_aerodrome,Brasil,ANAC_privados
SJ9J,SJ9J,FAZENDA KI GRÃO,BAIXA GRANDE DO RIBEIRO,PI,-8.155,-44.964722,BR,private_aerodrome,Brasil,ANAC_privados
SJ9K,SJ9K,Fazenda Santa Maria,LAVÍNIA,SP,-21.145556,-51.027778,BR,private_aerodrome,Brasil,ANAC_privados
SJ9L,SJ9L,Fazenda Santa Paula,BARREIRAS,BA,-12.146667,-45.476944,BR,private_aerodrome,Brasil,ANAC_privados
SJ9M,SJ9M,Graúna,FORTUNA,MA,-5.5211111,-43.915,BR,private_aerodrome,Brasil,ANAC_privados
SJ9N,SJ9N,FAZENDA SÃO JOÃO,CÁCERES,MT,-15.683333,-57.575556,BR,private_aerodrome,Brasil,ANAC_privados
SJ9O,SJ9O,Boa Vista,CONCEIÇÃO DO MATO DENTRO,Minas Gerais,-19.053611,-43.421111,BR,heliport,Brasil,ANAC_helipontos
SJ9P,SJ9P,XIMARÍ,APIACÁS,MT,-8.8766667,-57.415278,BR,private_aerodrome,Brasil,ANAC_privados
SJ9Q,SJ9Q,CAIO - Induscar Indústria e Comércio de Carrocerias LTDA,GUARULHOS,São Paulo,-23.450278,-46.459167,BR,heliport,Brasil,ANAC_helipontos
SJ9R,SJ9R,Fazenda Rasante 02,JAÍBA,MG,-15.268056,-43.766944,BR,private_aerodrome,Brasil,ANAC_privados
SJ9U,SJ9U,Fazenda São José,RIACHÃO DAS NEVES,BA,-11.414444,-45.423333,BR,private_aerodrome,Brasil,ANAC_privados
SJ9V,SJ9V,FAZENDA PARANATINGA,SORRISO,MT,-11.922222,-55.731389,BR,private_aerodrome,Brasil,ANAC_privados
SJ9W,SJ9W,Arjon,OURO PRETO,Minas Gerais,-20.270556,-43.720278,BR,heliport,Brasil,ANAC_helipontos
SJ9X,SJ9X,FAZENDA PALMEIRA,TASSO FRAGOSO,MA,-8.7986111,-46.260278,BR,private_aerodrome,Brasil,ANAC_privados
SJ9Y,SJ9Y,FAZENDA PARNAÍBA,TASSO FRAGOSO,MA,-8.5094444,-46.075556,BR,private_aerodrome,Brasil,ANAC_privados
SJ9Z,SJ9Z,Fazenda Dois Irmãos,TAQUARITUBA,SP,-23.617778,-49.145278,BR,private_aerodrome,Brasil,ANAC_privados
SJA0,SJA0,Fazenda das Águas,ANGRA DOS REIS,Rio de Janeiro,-22.939722,-44.419722,BR,heliport,Brasil,ANAC_helipontos
SJA1,SJA1,Aaca Associação Aero Comodoro De Aviação,COMODORO,MT,-13.621944,-59.818611,BR,private_aerodrome,Brasil,ANAC_privados
SJA2,SJA2,Brotas de Macaúbas,BROTAS DE MACAÚBAS,BA,-11.999167,-42.635556,BR,private_aerodrome,Brasil,ANAC_privados
SJA3,SJA3,Merlin Agro/Itaúna,BURITI BRAVO,MA,-5.9397222,-43.746389,BR,private_aerodrome,Brasil,ANAC_privados
SJA8,SJA8,FAZENDA SANTA BÁRBARA,NOVA MONTE VERDE,MT,-10.268333,-57.308889,BR,private_aerodrome,Brasil,ANAC_privados
SJA9,SJA9,Fazenda Tanabí,PORTO ESPERIDIÃO,MT,-15.693611,-58.623611,BR,private_aerodrome,Brasil,ANAC_privados
SJAC,SJAC,Citropar,CAPITÃO POÇO,PA,-1.8402778,-47.184444,BR,private_aerodrome,Brasil,ANAC_privados
SJAD,SJAD,Tecno Bag,LORENA,São Paulo,-22.756667,-45.108611,BR,heliport,Brasil,ANAC_helipontos
SJAE,SJAE,Hospital Estadual Dr. Jayme Santos Neves,SERRA,Espírito Santo,-20.201111,-40.228056,BR,heliport,Brasil,ANAC_helipontos
SJAF,SJAF,Santo Antônio das Furnas,SANTO ANTÔNIO DO LEVERGER,MT,-16.981667,-54.955,BR,private_aerodrome,Brasil,ANAC_privados
SJAH,SJAH,Fazenda Gesso Integral,GRAJAÚ,MA,-5.7738889,-46.164722,BR,private_aerodrome,Brasil,ANAC_privados
SJAI,SJAI,Fazenda Davilândia,MONTIVIDIU DO NORTE,GO,-13.185,-48.752778,BR,private_aerodrome,Brasil,ANAC_privados
SJAJ,SJAJ,Estação Convention Center,CAMPO LARGO,Paraná,-25.438889,-49.434444,BR,heliport,Brasil,ANAC_helipontos
SJAK,SJAK,Aerobako,SINOP,MT,-11.917222,-55.434444,BR,private_aerodrome,Brasil,ANAC_privados
SJAL,SJAL,Lagoa Grande,IRAMAIA,BA,-13.403889,-41.011944,BR,private_aerodrome,Brasil,ANAC_privados
SJAM,SJAM,Estância Lajota,MAIRIPORÃ,São Paulo,-23.248333,-46.571111,BR,heliport,Brasil,ANAC_helipontos
SJAO,SJAO,Natura,CAJAMAR,São Paulo,-23.404167,-46.831667,BR,heliport,Brasil,ANAC_helipontos
SJAP,SJAP,Marjan,VALINHOS,São Paulo,-22.914167,-46.984722,BR,heliport,Brasil,ANAC_helipontos
SJAQ,SJAQ,Fazenda Renascença,URUANA DE MINAS,MG,-16.116944,-46.354444,BR,private_aerodrome,Brasil,ANAC_privados
SJAR,SJAR,Fazenda Araçatuba,NOVA CRIXÁS,GO,-14.53,-50.411111,BR,private_aerodrome,Brasil,ANAC_privados
SJAS,SJAS,Fazenda São Roque,REGINÓPOLIS,SP,-21.660278,-49.164444,BR,private_aerodrome,Brasil,ANAC_privados
SJAT,SJAT,Monte Moriá,CAMPINAS,São Paulo,-22.886944,-46.871389,BR,heliport,Brasil,ANAC_helipontos
SJAV,SJAV,Aerocéu Aviação Agrícola,CHAPADÃO DO CÉU,GO,-18.388611,-52.653333,BR,private_aerodrome,Brasil,ANAC_privados
SJAW,SJAW,Fazenda Citrícola,GAVIÃO PEIXOTO,SP,-21.724444,-48.377222,BR,private_aerodrome,Brasil,ANAC_privados
SJAX,SJAX,Helisul Afonso Pena,SÃO JOSÉ DOS PINHAIS,Paraná,-25.536944,-49.179167,BR,heliport,Brasil,ANAC_helipontos
SJAY,SJAY,Alphaville Araçagy,PAÇO DO LUMIAR,Maranhão,-2.47,-44.173889,BR,heliport,Brasil,ANAC_helipontos
SJAZ,SJAZ,Fazenda Querubim,SÃO DESIDÉRIO,BA,-12.77,-46.022778,BR,private_aerodrome,Brasil,ANAC_privados
SJB3,SJB3,FAZENDA REBOJO,CORUMBÁ,MS,-20.036944,-57.916944,BR,private_aerodrome,Brasil,ANAC_privados
SJB4,SJB4,THIAGO SIMON,MARAVILHA,Santa Catarina,-26.739722,-53.191667,BR,heliport,Brasil,ANAC_helipontos
SJB6,SJB6,FAZENDA SÃO LUÍS,RONCADOR,PR,-24.552222,-52.386667,BR,private_aerodrome,Brasil,ANAC_privados
SJB7,SJB7,Mercado Internacional,LAGOA SANTA,Minas Gerais,-19.657222,-43.913333,BR,heliport,Brasil,ANAC_helipontos
SJB8,SJB8,Fazenda Vale do Sonho,ARAGUAIANA,MT,-15.146389,-51.872222,BR,private_aerodrome,Brasil,ANAC_privados
SJB9,SJB9,Agropecuária Barra do Garças,BARRA DO GARÇAS,MT,-15.395278,-52.553611,BR,private_aerodrome,Brasil,ANAC_privados
SJBA,SJBA,Fazenda Beatriz,CAMPO GRANDE,MS,-21.487222,-53.617222,BR,private_aerodrome,Brasil,ANAC_privados
SJBB,SJBB,Fazenda Bacaba,CASEARA,TO,-9.525,-49.886667,BR,private_aerodrome,Brasil,ANAC_privados
SJBC,SJBC,Fazenda União,CUMARU DO NORTE,PA,-8.99,-51.215,BR,private_aerodrome,Brasil,ANAC_privados
SJBD,SJBD,Mundo Plaza,SALVADOR,Bahia,-12.979444,-38.461111,BR,heliport,Brasil,ANAC_helipontos
SJBG,SJBG,Birmann 31,SÃO PAULO,São Paulo,-23.59,-46.681944,BR,heliport,Brasil,ANAC_helipontos
SJBH,SJBH,Fazenda Canaã,CANARANA,MT,-12.801111,-52.526389,BR,private_aerodrome,Brasil,ANAC_privados
SJBI,SJBI,Scoda,IPEÚNA,São Paulo,-22.440278,-47.698333,BR,heliport,Brasil,ANAC_helipontos
SJBK,SJBK,Iriri,ALTAMIRA,PA,-5.6791667,-54.245,BR,private_aerodrome,Brasil,ANAC_privados
SJBL,SJBL,Fazenda São José,RIO CLARO,São Paulo,-22.330556,-47.488889,BR,heliport,Brasil,ANAC_helipontos
SJBM,SJBM,Quinta São José,PORTO FELIZ,São Paulo,-23.361389,-47.568611,BR,heliport,Brasil,ANAC_helipontos
SJBN,SJBN,Nossa Senhora Aparecida,RIO MARIA,PA,-7.3516667,-50.376111,BR,private_aerodrome,Brasil,ANAC_privados
SJBO,SJBO,EZ Towers B,SÃO PAULO,São Paulo,-23.627222,-46.701667,BR,heliport,Brasil,ANAC_helipontos
SJBP,SJBP,Atrium VI.Com,SÃO PAULO,São Paulo,-23.595556,-46.6875,BR,heliport,Brasil,ANAC_helipontos
SJBR,SJBR,Fazenda Santa Rita,FIGUEIRÓPOLIS,TO,-12.244167,-48.97,BR,private_aerodrome,Brasil,ANAC_privados
SJBS,SJBS,São José dos Campos,SÃO JOSÉ DOS CAMPOS,São Paulo,-23.211389,-45.900278,BR,heliport,Brasil,ANAC_helipontos
SJBT,SJBT,Fazenda Vera Lúcia,AQUIDAUANA,MS,-19.574444,-56.099444,BR,private_aerodrome,Brasil,ANAC_privados
SJBU,SJBU,Fazenda Alto Jaborandi,JABORANDI,BA,-14.692778,-45.981667,BR,private_aerodrome,Brasil,ANAC_privados
SJBV,SJBV,Rio Verde/Mercosul,CAMPO LARGO,Paraná,-25.4575,-49.464722,BR,heliport,Brasil,ANAC_helipontos
SJBW,SJBW,Berger Vile,SÃO LEOPOLDO,RS,-29.733056,-51.209722,BR,private_aerodrome,Brasil,ANAC_privados
SJBX,SJBX,Severino Lopes,SÃO JOSÉ DE MIPIBU,RN,-6.0186111,-35.241111,BR,private_aerodrome,Brasil,ANAC_privados
SJC2,SJC2,Fazenda Tabaroa,ÁGUAS DE SANTA BÁRBARA,SP,-22.798056,-49.268889,BR,private_aerodrome,Brasil,ANAC_privados
SJC3,SJC3,Fazenda Acarajá,AMAMBAI,MS,-23.001111,-54.699444,BR,private_aerodrome,Brasil,ANAC_privados
SJC4,SJC4,FAZENDA GALILÉIA 2,ALMAS,TO,-11.436389,-47.125278,BR,private_aerodrome,Brasil,ANAC_privados
SJC6,SJC6,RIACHO DE PEDRAS,PORTO DE PEDRAS,Alagoas,-9.2066667,-35.326667,BR,heliport,Brasil,ANAC_helipontos
SJC7,SJC7,Fazenda Paraíso,PORTO NACIONAL,TO,-10.451944,-48.175278,BR,private_aerodrome,Brasil,ANAC_privados
SJC8,SJC8,ECOFORTE,MOGI GUAÇU,São Paulo,-22.300278,-46.983056,BR,heliport,Brasil,ANAC_helipontos
SJC9,SJC9,INDUBRAS,CONTAGEM,Minas Gerais,-19.899167,-44.070278,BR,heliport,Brasil,ANAC_helipontos
SJCA,SJCA,Comandante Vittório Bonomi,MOCOCA,SP,-21.531667,-47.046944,BR,private_aerodrome,Brasil,ANAC_privados
SJCC,SJCC,Fazenda Serrana,CORRENTINA,BA,-13.930833,-46.231111,BR,private_aerodrome,Brasil,ANAC_privados
SJCE,SJCE,Convem,MAGÉ,Rio de Janeiro,-22.660278,-43.158333,BR,heliport,Brasil,ANAC_helipontos
SJCF,SJCF,J F M Demito,PALMAS,TO,-10.107778,-48.326389,BR,private_aerodrome,Brasil,ANAC_privados
SJCG,SJCG,Iate Clube de Santos,ANGRA DOS REIS,Rio de Janeiro,-22.977778,-44.433333,BR,heliport,Brasil,ANAC_helipontos
SJCI,SJCI,Capitão PM Paulo José de Menezes Filho,SÃO JOSÉ DOS CAMPOS,São Paulo,-23.194444,-45.874167,BR,heliport,Brasil,ANAC_helipontos
SJCJ,SJCJ,Fazenda Carajás,SAPEZAL,MT,-13.404444,-58.772222,BR,private_aerodrome,Brasil,ANAC_privados
SJCL,SJCL,Comando Piloto,SÃO JOSÉ DO RIO PARDO,São Paulo,-21.616389,-46.875278,BR,heliport,Brasil,ANAC_helipontos
SJCM,SJCM,Catuleve,AQUIRAZ,CE,-3.9394444,-38.378889,BR,private_aerodrome,Brasil,ANAC_privados
SJCN,SJCN,Fazenda Jacuba,MINEIROS,GO,-17.881944,-53.040833,BR,private_aerodrome,Brasil,ANAC_privados
SJCO,SJCO,Castello 54,ARAÇARIGUAMA,São Paulo,-23.430833,-47.111667,BR,heliport,Brasil,ANAC_helipontos
SJCP,SJCP,Fazenda São Roberto,PARAÚNA,GO,-17.067778,-50.845556,BR,private_aerodrome,Brasil,ANAC_privados
SJCQ,SJCQ,Fazenda Serra Azul,BAIXA GRANDE,BA,-11.935556,-40.049722,BR,private_aerodrome,Brasil,ANAC_privados
SJCR,SJCR,Fazenda Rebeca,BREJOLÂNDIA,BA,-12.682778,-43.871389,BR,private_aerodrome,Brasil,ANAC_privados
SJCS,SJCS,Fazenda Santa Carmem,PORTO VELHO,RO,-9.7197222,-65.144444,BR,private_aerodrome,Brasil,ANAC_privados
SJCT,SJCT,3 Tentos CETEC,SANTA BÁRBARA DO SUL,Rio Grande do Sul,-28.386944,-53.256667,BR,heliport,Brasil,ANAC_helipontos
SJCU,SJCU,SJ Agropecuária,CORRENTINA,BA,-13.694444,-45.888889,BR,private_aerodrome,Brasil,ANAC_privados
SJCV,SJCV,Roots,CAMANDUCAIA,Minas Gerais,-22.864722,-46.036389,BR,heliport,Brasil,ANAC_helipontos
SJCX,SJCX,Fazenda Visual,ESMERALDAS,Minas Gerais,-19.642222,-44.363889,BR,heliport,Brasil,ANAC_helipontos
SJCY,SJCY,Estância Abelha,CUIABÁ,MT,-15.680278,-55.955556,BR,private_aerodrome,Brasil,ANAC_privados
SJCZ,SJCZ,Fazenda Cascata,IPIRANGA DO NORTE,MT,-11.629444,-55.905,BR,private_aerodrome,Brasil,ANAC_privados
SJD3,SJD3,Madre Cabrini,BERNARDINO DE CAMPOS,SP,-22.982778,-49.508333,BR,private_aerodrome,Brasil,ANAC_privados
SJD6,SJD6,Blumen Park,LAJEADO,Rio Grande do Sul,-29.433889,-52.0175,BR,heliport,Brasil,ANAC_helipontos
SJD7,SJD7,Fazenda Entre Rios,ARUANÃ,GO,-14.438611,-50.863889,BR,private_aerodrome,Brasil,ANAC_privados
SJD8,SJD8,Fazenda Casa Velha,CARMO DO CAJURU,Minas Gerais,-20.191111,-44.683056,BR,heliport,Brasil,ANAC_helipontos
SJD9,SJD9,Fazenda Rosa Mística,SANTA BÁRBARA,Minas Gerais,-19.931389,-43.391667,BR,heliport,Brasil,ANAC_helipontos
SJDA,SJDA,Helicentro do Pontal,RIO DE JANEIRO,Rio de Janeiro,-23.014722,-43.5,BR,heliport,Brasil,ANAC_helipontos
SJDB,SJDB,Fazenda Santa Elisa,BRITÂNIA,GO,-15.055556,-51.363889,BR,private_aerodrome,Brasil,ANAC_privados
SJDC,SJDC,Fazenda Vale Verde,PIUM,TO,-9.9575,-49.754444,BR,private_aerodrome,Brasil,ANAC_privados
SJDD,SJDD,Jardim das Perdizes,SÃO PAULO,São Paulo,-23.52,-46.68,BR,heliport,Brasil,ANAC_helipontos
SJDE,SJDE,Fazenda União,JATEÍ,MS,-22.644167,-54.0975,BR,private_aerodrome,Brasil,ANAC_privados
SJDF,SJDF,Fazenda Futura,BRASILÂNDIA DE MINAS,MG,-16.946944,-46.194167,BR,private_aerodrome,Brasil,ANAC_privados
SJDG,SJDG,Jorge de Barros Carvalho,SALTO GRANDE,SP,-22.8875,-49.891389,BR,private_aerodrome,Brasil,ANAC_privados
SJDI,SJDI,Fazenda Ipiranga,LOANDA,PR,-22.918056,-53.068333,BR,private_aerodrome,Brasil,ANAC_privados
SJDJ,SJDJ,Fazenda São José,CAMAPUÃ,MS,-19.095,-53.503889,BR,private_aerodrome,Brasil,ANAC_privados
SJDK,SJDK,Oeste Plaza Shopping-MC,ANDRADINA,São Paulo,-20.884722,-51.369444,BR,heliport,Brasil,ANAC_helipontos
SJDL,SJDL,Fazenda Paraíso,CORUMBÁ,MS,-17.301944,-55.854444,BR,private_aerodrome,Brasil,ANAC_privados
SJDM,SJDM,Fazenda Jarinã,PEIXOTO DE AZEVEDO,MT,-10.325278,-53.585833,BR,private_aerodrome,Brasil,ANAC_privados
SJDN,SJDN,Fazenda Campo Alegre,AQUIDAUANA,MS,-19.456389,-55.741389,BR,private_aerodrome,Brasil,ANAC_privados
SJDO,SJDO,Maroum,ILHABELA,São Paulo,-23.821944,-45.371389,BR,heliport,Brasil,ANAC_helipontos
SJDP,SJDP,My Way,ANGRA DOS REIS,Rio de Janeiro,-23.014722,-44.287222,BR,heliport,Brasil,ANAC_helipontos
SJDQ,SJDQ,Trade Tower,CAMPINAS,São Paulo,-22.8975,-47.046944,BR,heliport,Brasil,ANAC_helipontos
SJDR,SJDR,Duas Rodas,JARAGUÁ DO SUL,Santa Catarina,-26.486667,-49.064722,BR,heliport,Brasil,ANAC_helipontos
SJDS,SJDS,Dias Branco,EUSÉBIO,CE,-3.9172222,-38.489167,BR,private_aerodrome,Brasil,ANAC_privados
SJDT,SJDT,Fazenda São Roque,AQUIDAUANA,MS,-19.518056,-55.311944,BR,private_aerodrome,Brasil,ANAC_privados
SJDU,SJDU,Nossa Senhora do Loreto,URUGUAIANA,RS,-29.728056,-56.960278,BR,private_aerodrome,Brasil,ANAC_privados
SJDW,SJDW,Fazenda Carandá,CARACOL,MS,-22.121944,-57.291111,BR,private_aerodrome,Brasil,ANAC_privados
SJDX,SJDX,Fazenda Bandeirantes,AQUIDAUANA,MS,-19.412222,-55.549722,BR,private_aerodrome,Brasil,ANAC_privados
SJDY,SJDY,Fazenda da Barra,FIGUEIRÃO,MS,-18.663056,-54.068333,BR,private_aerodrome,Brasil,ANAC_privados
SJE2,SJE2,Fazenda Gurucaia,GUARARAPES,SP,-21.494444,-50.735278,BR,private_aerodrome,Brasil,ANAC_privados
SJE3,SJE3,FAZENDA PROGRESSO,PORTO DOS GAÚCHOS,MT,-11.992222,-56.465556,BR,private_aerodrome,Brasil,ANAC_privados
SJE4,SJE4,FAZENDA BONANZA,NOVA CRIXÁS,GO,-13.798333,-50.701944,BR,private_aerodrome,Brasil,ANAC_privados
SJE5,SJE5,Fazenda Esperança,BOM JESUS DO ARAGUAIA,MT,-12.035556,-51.633889,BR,private_aerodrome,Brasil,ANAC_privados
SJE6,SJE6,Associação Aerodesportivo de Espigão D'Oeste - AADEO,ESPIGÃO D'OESTE,RO,-11.5475,-61.023333,BR,private_aerodrome,Brasil,ANAC_privados
SJE7,SJE7,Hospital São Sebastião,PAPANDUVA,Santa Catarina,-26.411667,-50.135833,BR,heliport,Brasil,ANAC_helipontos
SJE8,SJE8,Redex Aeroagrícola,QUERÊNCIA,MT,-12.634722,-52.188333,BR,private_aerodrome,Brasil,ANAC_privados
SJE9,SJE9,Condomínio Global Tech,CAMPINAS,São Paulo,-22.811111,-47.048889,BR,heliport,Brasil,ANAC_helipontos
SJEA,SJEA,Cadete 56 - 147 Santana,PALMEIRÓPOLIS,TO,-12.85,-48.225278,BR,private_aerodrome,Brasil,ANAC_privados
SJEB,SJEB,Millennium Office Park,SÃO PAULO,São Paulo,-23.593056,-46.689722,BR,heliport,Brasil,ANAC_helipontos
SJEC,SJEC,Mirim Aviação Agrícola,PELOTAS,RS,-31.686667,-52.467778,BR,private_aerodrome,Brasil,ANAC_privados
SJED,SJED,Durametal,MARACANAÚ,Ceará,-3.8419444,-38.599722,BR,heliport,Brasil,ANAC_helipontos
SJEF,SJEF,Fazenda Costa Rica,AQUIDAUANA,MS,-19.747778,-56.042778,BR,private_aerodrome,Brasil,ANAC_privados
SJEG,SJEG,Estância Esmeralda,CORUMBÁ,MS,-20.160278,-57.158889,BR,private_aerodrome,Brasil,ANAC_privados
SJEH,SJEH,Clemente Verillo,RIBEIRÃO BONITO,SP,-22.101111,-48.226389,BR,private_aerodrome,Brasil,ANAC_privados
SJEI,SJEI,New England,SÃO PAULO,São Paulo,-23.5525,-46.661667,BR,heliport,Brasil,ANAC_helipontos
SJEJ,SJEJ,Fazenda Estrela,ALTO ALEGRE,RR,3.36833333,-61.219722,BR,private_aerodrome,Brasil,ANAC_privados
SJEK,SJEK,Satélite Aviação Agrícola Ltda,CANARANA,MT,-13.540833,-52.208611,BR,private_aerodrome,Brasil,ANAC_privados
SJEL,SJEL,Fazenda Santa Helena,CORNÉLIO PROCÓPIO,PR,-23.340556,-50.585,BR,private_aerodrome,Brasil,ANAC_privados
SJEM,SJEM,Marcus Barbosa Empresarial Calhau,SÃO LUÍS,Maranhão,-2.4930556,-44.274722,BR,heliport,Brasil,ANAC_helipontos
SJEN,SJEN,Pista Plá e Silva,SANTA VITÓRIA DO PALMAR,RS,-33.143889,-52.976389,BR,private_aerodrome,Brasil,ANAC_privados
SJEO,SJEO,Modelo II,RIBAS DO RIO PARDO,Mato Grosso do Sul,-21.152222,-53.281389,BR,heliport,Brasil,ANAC_helipontos
SJEP,SJEP,Parque do Peão,BARRETOS,São Paulo,-20.508889,-48.599722,BR,heliport,Brasil,ANAC_helipontos
SJER,SJER,Fazenda Canadá,ACREÚNA,GO,-17.358333,-50.338056,BR,private_aerodrome,Brasil,ANAC_privados
SJES,SJES,Main Estate,GUARULHOS,São Paulo,-23.458056,-46.471667,BR,heliport,Brasil,ANAC_helipontos
SJET,SJET,Baltt,PENHA,Santa Catarina,-26.793056,-48.671111,BR,heliport,Brasil,ANAC_helipontos
SJEU,SJEU,Unifique,TIMBÓ,Santa Catarina,-26.819444,-49.2725,BR,heliport,Brasil,ANAC_helipontos
SJEV,SJEV,Evanderto Almeida,ASSARÉ,CE,-6.9891667,-39.844167,BR,private_aerodrome,Brasil,ANAC_privados
SJEW,SJEW,Usina Santa Helena,NOVA ANDRADINA,MS,-21.976111,-53.416389,BR,private_aerodrome,Brasil,ANAC_privados
SJEX,SJEX,Fazenda Vitória,SÃO DESIDÉRIO,BA,-13.010556,-46.107778,BR,private_aerodrome,Brasil,ANAC_privados
SJEY,SJEY,Eurofarma Laboratórios S.A,ITAPEVI,São Paulo,-23.518889,-46.960833,BR,heliport,Brasil,ANAC_helipontos
SJEZ,SJEZ,República dos Palmares,MACEIÓ,Alagoas,-9.6597222,-35.740556,BR,heliport,Brasil,ANAC_helipontos
SJF2,SJF2,Fazenda Verde Vale,NOVO MUNDO,MT,-9.8383333,-55.303889,BR,private_aerodrome,Brasil,ANAC_privados
SJF3,SJF3,Brink´s Salvador,SALVADOR,Bahia,-12.907222,-38.445556,BR,heliport,Brasil,ANAC_helipontos
SJF4,SJF4,AERÓDROMO PRIVADO FAZENDA SANTA CLARA,RUBIÁCEA,SP,-21.305556,-50.757778,BR,private_aerodrome,Brasil,ANAC_privados
SJF7,SJF7,Nelore Atuante,ARRAIAS,TO,-12.365,-47.096667,BR,private_aerodrome,Brasil,ANAC_privados
SJF8,SJF8,Fazenda Bahia Potrich,FELIZ NATAL,MT,-12.723889,-55.111944,BR,private_aerodrome,Brasil,ANAC_privados
SJF9,SJF9,FAZENDA MARIMBONDO,ANASTÁCIO,MS,-20.778056,-55.983056,BR,private_aerodrome,Brasil,ANAC_privados
SJFA,SJFA,Norfil,SÃO DESIDÉRIO,BA,-12.916389,-45.7225,BR,private_aerodrome,Brasil,ANAC_privados
SJFB,SJFB,Fazenda Bacuri,RIACHÃO,MA,-8.3775,-46.44,BR,private_aerodrome,Brasil,ANAC_privados
SJFC,SJFC,Federação do Comércio do Estado de São Paulo,SÃO PAULO,São Paulo,-23.558333,-46.652778,BR,heliport,Brasil,ANAC_helipontos
SJFD,SJFD,Méier Medical Center,RIO DE JANEIRO,Rio de Janeiro,-22.899167,-43.281667,BR,heliport,Brasil,ANAC_helipontos
SJFE,SJFE,Condomínio Jacumã Ocean Resort,PORTO SEGURO,Bahia,-16.705556,-39.109167,BR,heliport,Brasil,ANAC_helipontos
SJFF,SJFF,Frigo Estrela,ESTRELA D'OESTE,SP,-20.295556,-50.411111,BR,private_aerodrome,Brasil,ANAC_privados
SJFG,SJFG,Fazenda Fartura,CAMPO VERDE,MT,-15.121667,-54.940556,BR,private_aerodrome,Brasil,ANAC_privados
SJFH,SJFH,I.I.J.O.- Rosário,GUAÍRA,São Paulo,-20.4125,-48.217222,BR,heliport,Brasil,ANAC_helipontos
SJFI,SJFI,Fazenda JAD,SANTA RITA DO TOCANTINS,TO,-10.954444,-48.994444,BR,private_aerodrome,Brasil,ANAC_privados
SJFJ,SJFJ,Fazenda Jaraguá,TERENOS,MS,-20.499722,-54.808056,BR,private_aerodrome,Brasil,ANAC_privados
SJFK,SJFK,Fazenda Cachoeira,ARAGUAÇU,TO,-12.591111,-49.525,BR,private_aerodrome,Brasil,ANAC_privados
SJFL,SJFL,Fazenda Campo Formoso,SANDOLÂNDIA,TO,-12.561667,-49.865556,BR,private_aerodrome,Brasil,ANAC_privados
SJFM,SJFM,Fazenda Macuco,ELDORADO,MS,-23.835833,-54.231389,BR,private_aerodrome,Brasil,ANAC_privados
SJFN,SJFN,Fazenda Brasil Novo,COXIM,MS,-18.371667,-54.928889,BR,private_aerodrome,Brasil,ANAC_privados
SJFO,SJFO,Fazenda Sorriso,MOSSÂMEDES,GO,-16.164722,-50.138611,BR,private_aerodrome,Brasil,ANAC_privados
SJFP,SJFP,Fazenda Pensamento,CORUMBÁ,MS,-20.127778,-57.651389,BR,private_aerodrome,Brasil,ANAC_privados
SJFQ,SJFQ,Fazenda Quatrirmãs,BOTUCATU,SP,-22.948889,-48.664722,BR,private_aerodrome,Brasil,ANAC_privados
SJFR,SJFR,Trancoso Rio Frade,PORTO SEGURO,BA,-16.585556,-39.235833,BR,private_aerodrome,Brasil,ANAC_privados
SJFS,SJFS,Instituto Dr. José Frota,FORTALEZA,Ceará,-3.7344444,-38.531667,BR,heliport,Brasil,ANAC_helipontos
SJFT,SJFT,Fazenda Triunfo do Rio Turvo,NOVA BANDEIRANTES,MT,-10.093056,-57.726944,BR,private_aerodrome,Brasil,ANAC_privados
SJFU,SJFU,Tabuleiro,BANANEIRAS,PB,-6.6958333,-35.630833,BR,private_aerodrome,Brasil,ANAC_privados
SJFV,SJFV,Fazenda Gaia,MONTE ALEGRE DE MINAS,MG,-18.766389,-48.754722,BR,private_aerodrome,Brasil,ANAC_privados
SJFW,SJFW,Fazenda São Francisco,SÃO FRANCISCO DE GOIÁS,GO,-15.853889,-49.244444,BR,private_aerodrome,Brasil,ANAC_privados
SJFX,SJFX,Fazenda Cypi,CORUMBÁ,MS,-19.335,-56.904167,BR,private_aerodrome,Brasil,ANAC_privados
SJFY,SJFY,Fazenda Flamingo,CAMPO NOVO DO PARECIS,MT,-13.851389,-57.944722,BR,private_aerodrome,Brasil,ANAC_privados
SJFZ,SJFZ,Miraflores,BOA VISTA,Roraima,2.84027778,-60.651667,BR,heliport,Brasil,ANAC_helipontos
SJG1,SJG1,FAZENDA SÃO FRANCISCO,IPUEIRAS,TO,-11.016667,-48.468889,BR,private_aerodrome,Brasil,ANAC_privados
SJG2,SJG2,fazenda bufallo,NOVA UBIRATÃ,MT,-13.223056,-54.599444,BR,private_aerodrome,Brasil,ANAC_privados
SJG3,SJG3,FAZENDA DOIS IRMÃOS,SORRISO,MT,-12.589167,-55.661944,BR,private_aerodrome,Brasil,ANAC_privados
SJG4,SJG4,FAZENDA TAPIRAPÉ,SANTA TEREZINHA,MT,-10.636944,-51.044167,BR,private_aerodrome,Brasil,ANAC_privados
SJG6,SJG6,META AGRO,CANARANA,MT,-13.544444,-52.19,BR,private_aerodrome,Brasil,ANAC_privados
SJG7,SJG7,Fazenda Silveira,CUJUBIM,RO,-9.4611111,-62.417222,BR,private_aerodrome,Brasil,ANAC_privados
SJG8,SJG8,Fazenda Aroeira,PONTES E LACERDA,MT,-15.688611,-59.21,BR,private_aerodrome,Brasil,ANAC_privados
SJG9,SJG9,Sheriff,BELA VISTA DE GOIÁS,GO,-17.016111,-48.972222,BR,private_aerodrome,Brasil,ANAC_privados
SJGA,SJGA,Hospital Universitário Getúlio Vargas,MANAUS,Amazonas,-3.1161111,-60.019167,BR,heliport,Brasil,ANAC_helipontos
SJGB,SJGB,Fazenda São Gabriel,CURVELO,MG,-18.964722,-44.271944,BR,private_aerodrome,Brasil,ANAC_privados
SJGC,SJGC,Fazenda Busato I,SÃO DESIDÉRIO,BA,-12.901667,-45.5,BR,private_aerodrome,Brasil,ANAC_privados
SJGD,SJGD,Fazenda Rio Brilhante,SÃO DESIDÉRIO,BA,-12.803333,-45.723611,BR,private_aerodrome,Brasil,ANAC_privados
SJGF,SJGF,Fazenda Irmãos Garcia,CAMPO NOVO DO PARECIS,MT,-13.754444,-57.903889,BR,private_aerodrome,Brasil,ANAC_privados
SJGG,SJGG,Haras MTostes,ITABIRITO,Minas Gerais,-20.225833,-43.709444,BR,heliport,Brasil,ANAC_helipontos
SJGH,SJGH,Aeropel,SÃO BORJA,RS,-28.710833,-55.989444,BR,private_aerodrome,Brasil,ANAC_privados
SJGI,SJGI,Fazenda Itiquira,ITIQUIRA,MT,-17.436111,-54.164444,BR,private_aerodrome,Brasil,ANAC_privados
SJGJ,SJGJ,Sítio São Jorge,ITAPEVA,SP,-23.942778,-48.943611,BR,private_aerodrome,Brasil,ANAC_privados
SJGK,SJGK,Helicentro Guaratiba,RIO DE JANEIRO,Rio de Janeiro,-22.994167,-43.547222,BR,heliport,Brasil,ANAC_helipontos
SJGM,SJGM,Quadra Hungria,SÃO PAULO,São Paulo,-23.575,-46.696111,BR,heliport,Brasil,ANAC_helipontos
SJGN,SJGN,Fazenda Agromar,SÃO JOSÉ DO RIO CLARO,MT,-13.668056,-56.481667,BR,private_aerodrome,Brasil,ANAC_privados
SJGO,SJGO,Ago,RIO DE JANEIRO,Rio de Janeiro,-22.971389,-43.3625,BR,heliport,Brasil,ANAC_helipontos
SJGP,SJGP,Guarapá,SANTOS,São Paulo,-23.898611,-46.303889,BR,heliport,Brasil,ANAC_helipontos
SJGR,SJGR,Santa Maria,FLORES DE GOIÁS,GO,-14.803333,-46.656944,BR,private_aerodrome,Brasil,ANAC_privados
SJGS,SJGS,Aerosigma Helicentro,BOCAIÚVA DO SUL,Paraná,-25.256944,-49.143611,BR,heliport,Brasil,ANAC_helipontos
SJGV,SJGV,Toca,SANTO ANTÔNIO DE GOIÁS,GO,-16.4625,-49.228333,BR,private_aerodrome,Brasil,ANAC_privados
SJGW,SJGW,Fazenda São Geraldo,COUTO MAGALHÃES,TO,-8.3147222,-48.976944,BR,private_aerodrome,Brasil,ANAC_privados
SJGX,SJGX,Gutierrez,SETE LAGOAS,Minas Gerais,-19.455278,-44.376389,BR,heliport,Brasil,ANAC_helipontos
SJGY,SJGY,Fazenda Barriguda,SÃO DOMINGOS,GO,-13.708333,-46.743611,BR,private_aerodrome,Brasil,ANAC_privados
SJGZ,SJGZ,Fazenda Araçatuba,ANAURILÂNDIA,MS,-22.09,-52.675,BR,private_aerodrome,Brasil,ANAC_privados
SJH1,SJH1,FAZENDA ITAPIUNA,ÁGUA CLARA,MS,-19.559167,-53.003056,BR,private_aerodrome,Brasil,ANAC_privados
SJH2,SJH2,Severino Farias,VERTENTES,PE,-7.8816667,-35.989444,BR,private_aerodrome,Brasil,ANAC_privados
SJH3,SJH3,FAZENDA SANTA MARIA,SÃO VALÉRIO,TO,-11.64,-48.218333,BR,private_aerodrome,Brasil,ANAC_privados
SJH4,SJH4,Fazenda São José,CARACARAÍ,RR,1.75805556,-61.164444,BR,private_aerodrome,Brasil,ANAC_privados
SJH6,SJH6,FAZENDA 3 MARIAS,COCOS,BA,-14.545556,-45.656111,BR,private_aerodrome,Brasil,ANAC_privados
SJH7,SJH7,Fazenda Painerias,ARANDU,São Paulo,-23.143611,-49.029444,BR,heliport,Brasil,ANAC_helipontos
SJH8,SJH8,PRADELLA,FORMOSA DO RIO PRETO,BA,-10.380556,-45.5225,BR,private_aerodrome,Brasil,ANAC_privados
SJH9,SJH9,Fazenda Boa Vista,BALSAS,MA,-9.0927778,-46.648611,BR,private_aerodrome,Brasil,ANAC_privados
SJHA,SJHA,Hospital do Coração - Unidade Santa Alice,LONDRINA,Paraná,-23.341111,-51.163333,BR,heliport,Brasil,ANAC_helipontos
SJHB,SJHB,Real Hospital Português,RECIFE,Pernambuco,-8.0638889,-34.897778,BR,heliport,Brasil,ANAC_helipontos
SJHC,SJHC,Canal,CABO FRIO,Rio de Janeiro,-22.871944,-42.011389,BR,heliport,Brasil,ANAC_helipontos
SJHD,SJHD,Josidith,DARCINÓPOLIS,TO,-6.8319444,-47.817778,BR,private_aerodrome,Brasil,ANAC_privados
SJHE,SJHE,Fazenda Palmeira,IPIRANGA DO NORTE,MT,-12.088056,-55.992778,BR,private_aerodrome,Brasil,ANAC_privados
SJHF,SJHF,Aníbal Azevedo Filho,MATA DE SÃO JOÃO,BA,-12.553611,-38.314722,BR,private_aerodrome,Brasil,ANAC_privados
SJHG,SJHG,Confresa,CONFRESA,MT,-10.633611,-51.567222,BR,private_aerodrome,Brasil,ANAC_privados
SJHH,SJHH,Fazenda Poruína,SERRANÓPOLIS,GO,-18.119722,-52.217222,BR,private_aerodrome,Brasil,ANAC_privados
SJHI,SJHI,Flow Water,CAMPOS DO JORDÃO,São Paulo,-22.75,-45.532778,BR,heliport,Brasil,ANAC_helipontos
SJHJ,SJHJ,Fazenda São João,BAIXA GRANDE DO RIBEIRO,PI,-8.3730556,-45.137222,BR,private_aerodrome,Brasil,ANAC_privados
SJHK,SJHK,Fazenda Santa Maria do Porto da Capivara,BARÃO DE MELGAÇO,MT,-17.145833,-56.596944,BR,private_aerodrome,Brasil,ANAC_privados
SJHM,SJHM,Marques Plaza Hotel,POUSO ALEGRE,Minas Gerais,-22.218611,-45.916944,BR,heliport,Brasil,ANAC_helipontos
SJHN,SJHN,Fazenda Meio Século,ITAQUIRAÍ,MS,-23.280833,-54.186111,BR,private_aerodrome,Brasil,ANAC_privados
SJHP,SJHP,Portal Piçarras,BALNEÁRIO PIÇARRAS,Santa Catarina,-26.782222,-48.688611,BR,heliport,Brasil,ANAC_helipontos
SJHQ,SJHQ,Fazenda São José das Reunidas,SÃO JOSÉ DO XINGU,MT,-11.016389,-52.368333,BR,private_aerodrome,Brasil,ANAC_privados
SJHR,SJHR,Flamboyant,PAÇO DO LUMIAR,Maranhão,-2.5202778,-44.137222,BR,heliport,Brasil,ANAC_helipontos
SJHS,SJHS,Fazenda São Vicente,UBERLÂNDIA,MG,-19.310278,-48.343056,BR,private_aerodrome,Brasil,ANAC_privados
SJHT,SJHT,JT Fazenda Santana,VALINHOS,São Paulo,-23.039167,-47.047778,BR,heliport,Brasil,ANAC_helipontos
SJHU,SJHU,Fazenda Brasilândia do Guaporé,COMODORO,MT,-13.878611,-60.096389,BR,private_aerodrome,Brasil,ANAC_privados
SJHV,SJHV,Granja 4 Irmãos - Taim,RIO GRANDE,RS,-32.263889,-52.567222,BR,private_aerodrome,Brasil,ANAC_privados
SJHW,SJHW,Professor Maurício Joppert,ENGENHEIRO NAVARRO,MG,-17.293611,-43.958611,BR,private_aerodrome,Brasil,ANAC_privados
SJHX,SJHX,Fazenda Ouro Verde,UNAÍ,MG,-16.594444,-47.291667,BR,private_aerodrome,Brasil,ANAC_privados
SJHY,SJHY,Hospital da UNIMED Betim,BETIM,Minas Gerais,-19.958611,-44.170556,BR,heliport,Brasil,ANAC_helipontos
SJHZ,SJHZ,Arara Azul,BARÃO DE MELGAÇO,MT,-17.005833,-56.459444,BR,private_aerodrome,Brasil,ANAC_privados
SJI2,SJI2,Fazenda Alvorada X,GILBUÉS,PI,-9.3744444,-45.209444,BR,private_aerodrome,Brasil,ANAC_privados
SJI3,SJI3,Uruçuí,URUÇUÍ,PI,-7.3261111,-44.425833,BR,private_aerodrome,Brasil,ANAC_privados
SJI4,SJI4,HELIPONTO FAZENDA PORTEIRA DA CRUZ,PIEDADE DOS GERAIS,Minas Gerais,-20.538611,-44.300833,BR,heliport,Brasil,ANAC_helipontos
SJI6,SJI6,FAZENDA PARAGUAÇU,NOVA UBIRATÃ,MT,-13.560833,-55.096944,BR,private_aerodrome,Brasil,ANAC_privados
SJI7,SJI7,BPX,BOQUEIRÃO,Paraíba,-7.4783333,-36.146944,BR,heliport,Brasil,ANAC_helipontos
SJI8,SJI8,Fazenda Celeiro,RIO BRILHANTE,MS,-21.545,-54.661944,BR,private_aerodrome,Brasil,ANAC_privados
SJI9,SJI9,Zocar Castelo,CASTELO,Espírito Santo,-20.668056,-41.203611,BR,heliport,Brasil,ANAC_helipontos
SJIC,SJIC,Pedro da Costa Lima,SANTA RITA DO PARDO,MS,-21.244722,-52.769444,BR,private_aerodrome,Brasil,ANAC_privados
SJID,SJID,Fazenda Bonfim,LAGARTO,Sergipe,-11.014444,-37.636111,BR,heliport,Brasil,ANAC_helipontos
SJIE,SJIE,Residência Oficial,VILA VELHA,Espírito Santo,-20.327222,-40.269167,BR,heliport,Brasil,ANAC_helipontos
SJIF,SJIF,Grupo Scheffer,SAPEZAL,MT,-13.550556,-58.860278,BR,private_aerodrome,Brasil,ANAC_privados
SJIG,SJIG,Edifício Times Square Business,RIBEIRÃO PRETO,São Paulo,-21.206389,-47.810556,BR,heliport,Brasil,ANAC_helipontos
SJIH,SJIH,Grande Hotel São Pedro,ÁGUAS DE SÃO PEDRO,São Paulo,-22.598889,-47.881111,BR,heliport,Brasil,ANAC_helipontos
SJII,SJII,Silva Jardim,SÃO BERNARDO DO CAMPO,São Paulo,-23.713056,-46.546667,BR,heliport,Brasil,ANAC_helipontos
SJIJ,SJIJ,Fazenda 2J,NOVO SÃO JOAQUIM,MT,-14.815278,-52.909444,BR,private_aerodrome,Brasil,ANAC_privados
SJIL,SJIL,Brigadeiro Fábio Pereira da Silveira,TUPACIGUARA,MG,-18.61,-48.719444,BR,private_aerodrome,Brasil,ANAC_privados
SJIM,SJIM,Polícia Militar de Minas Gerais - Juíz de Fora,JUIZ DE FORA,Minas Gerais,-21.736944,-43.364444,BR,heliport,Brasil,ANAC_helipontos
SJIN,SJIN,Fazenda Lagoa Baia da Saudade,COCALINHO,MT,-14.461111,-51.081389,BR,private_aerodrome,Brasil,ANAC_privados
SJIO,SJIO,Tech Office,SÃO LUÍS,Maranhão,-2.4908333,-44.303056,BR,heliport,Brasil,ANAC_helipontos
SJIQ,SJIQ,Haras Larissa,SUMARÉ,São Paulo,-22.891389,-47.309167,BR,heliport,Brasil,ANAC_helipontos
SJIR,SJIR,Engenheiro Joaquim Martins,IRAMAIA,BA,-13.311111,-40.878056,BR,private_aerodrome,Brasil,ANAC_privados
SJIS,SJIS,Fazenda Annalu,DEODÁPOLIS,MS,-22.082222,-54.200833,BR,private_aerodrome,Brasil,ANAC_privados
SJIU,SJIU,Fazenda Caregi,IPIRANGA DO NORTE,MT,-12.214167,-55.986944,BR,private_aerodrome,Brasil,ANAC_privados
SJIV,SJIV,Fazenda Veneza,CASEARA,TO,-9.3383333,-49.887778,BR,private_aerodrome,Brasil,ANAC_privados
SJIW,SJIW,Helicenter Alphaville,SANTANA DE PARNAÍBA,São Paulo,-23.475278,-46.828611,BR,heliport,Brasil,ANAC_helipontos
SJIX,SJIX,Marina Porto Imperial,PARATY,Rio de Janeiro,-23.230556,-44.715278,BR,heliport,Brasil,ANAC_helipontos
SJIY,SJIY,Fazenda Iaciara,IACIARA,GO,-14.141389,-46.684167,BR,private_aerodrome,Brasil,ANAC_privados
SJIZ,SJIZ,Fazenda Cafenápolis,EUNÁPOLIS,BA,-16.195556,-39.5175,BR,private_aerodrome,Brasil,ANAC_privados
SJJ2,SJJ2,Patura Maraú,MARAÚ,Bahia,-13.984444,-38.944444,BR,heliport,Brasil,ANAC_helipontos
SJJ3,SJJ3,FAZENDA SANTA MARIA,ALTA FLORESTA,MT,-10.369722,-56.589722,BR,private_aerodrome,Brasil,ANAC_privados
SJJ4,SJJ4,Fazenda Bola Branca,ITINGA DO MARANHÃO,MA,-4.7113889,-47.6525,BR,private_aerodrome,Brasil,ANAC_privados
SJJ6,SJJ6,FAZENDA SÃO JOSÉ MAAB,NOVA MONTE VERDE,MT,-9.7583333,-57.013611,BR,private_aerodrome,Brasil,ANAC_privados
SJJ7,SJJ7,FAZENDA PARANÃ,PARANÃ,TO,-12.606944,-47.998333,BR,private_aerodrome,Brasil,ANAC_privados
SJJA,SJJA,André Sampaio,PALMEIRAS,Bahia,-12.651944,-41.490556,BR,heliport,Brasil,ANAC_helipontos
SJJB,SJJB,Fazenda Barra Mansa,BRASILÂNDIA,MS,-20.768611,-52.778333,BR,private_aerodrome,Brasil,ANAC_privados
SJJC,SJJC,Fazenda Cachoeira,PONTA PORÃ,MS,-22.5,-55.360833,BR,private_aerodrome,Brasil,ANAC_privados
SJJD,SJJD,Fazenda Cerro Porã,PORTO MURTINHO,MS,-22.034722,-57.469167,BR,private_aerodrome,Brasil,ANAC_privados
SJJF,SJJF,Pousada do Rio Roosevelt,NOVO ARIPUANÃ,AM,-8.495,-60.955556,BR,private_aerodrome,Brasil,ANAC_privados
SJJG,SJJG,Fazenda Santa Bárbara,CORUMBÁ,MS,-19.091111,-55.8425,BR,private_aerodrome,Brasil,ANAC_privados
SJJH,SJJH,Fazenda Juína,CAMPOS DE JÚLIO,MT,-13.439722,-59.256944,BR,private_aerodrome,Brasil,ANAC_privados
SJJI,SJJI,Fazenda São José,MATUPÁ,MT,-10.219167,-54.792222,BR,private_aerodrome,Brasil,ANAC_privados
SJJJ,SJJJ,Aeroxingu,ALTAMIRA,PA,-3.1683333,-52.190556,BR,private_aerodrome,Brasil,ANAC_privados
SJJK,SJJK,Fazenda Taquaral,ALTA FLORESTA,MT,-10.028889,-56.738333,BR,private_aerodrome,Brasil,ANAC_privados
SJJL,SJJL,Fazenda Campo Aberto,BARREIRAS,BA,-11.788333,-45.964722,BR,private_aerodrome,Brasil,ANAC_privados
SJJM,SJJM,Fazenda São João,MATUPÁ,MT,-10.328056,-54.581111,BR,private_aerodrome,Brasil,ANAC_privados
SJJN,SJJN,Fazenda Shangri-lá,ALTA FLORESTA,MT,-10.282778,-56.325556,BR,private_aerodrome,Brasil,ANAC_privados
SJJO,SJJO,João de Oliveira Bueno,MONTE ALEGRE DE GOIÁS,GO,-13.1925,-47.115556,BR,private_aerodrome,Brasil,ANAC_privados
SJJP,SJJP,Posto O Fazendeiro,MIRACATU,São Paulo,-24.256667,-47.378889,BR,heliport,Brasil,ANAC_helipontos
SJJQ,SJJQ,Fazendas Apóstolo Simão Coffee,RIO PARDO DE MINAS,MG,-15.720556,-42.406944,BR,private_aerodrome,Brasil,ANAC_privados
SJJR,SJJR,Fazenda Recreio,ANDRELÂNDIA,MG,-21.712778,-44.203333,BR,private_aerodrome,Brasil,ANAC_privados
SJJS,SJJS,BS Colway,PIRAQUARA,Paraná,-25.461389,-49.102778,BR,heliport,Brasil,ANAC_helipontos
SJJT,SJJT,Fazenda Pampili,TRÊS LAGOAS,MS,-20.113333,-52.545556,BR,private_aerodrome,Brasil,ANAC_privados
SJJU,SJJU,Fazenda Barra Mansa,NOVA LACERDA,MT,-14.044444,-60.154722,BR,private_aerodrome,Brasil,ANAC_privados
SJJV,SJJV,Fazenda Primavera,CAMPO GRANDE,MS,-20.974722,-54.328889,BR,private_aerodrome,Brasil,ANAC_privados
SJJX,SJJX,Porto Conceição,PORTO MURTINHO,MS,-21.493611,-57.925278,BR,private_aerodrome,Brasil,ANAC_privados
SJJY,SJJY,Indaiaúba,ILHABELA,São Paulo,-23.908889,-45.309167,BR,heliport,Brasil,ANAC_helipontos
SJK3,SJK3,FAZENDA OURO VERDE,NOVA MUTUM,MT,-14.1275,-55.804722,BR,private_aerodrome,Brasil,ANAC_privados
SJK4,SJK4,Fazenda Lajeadinho,SÃO JOÃO DO PARAÍSO,MA,-6.3408333,-47.019167,BR,private_aerodrome,Brasil,ANAC_privados
SJK6,SJK6,Serra Azul,ITAITUBA,PA,-5.6955556,-56.546389,BR,private_aerodrome,Brasil,ANAC_privados
SJK7,SJK7,Fazenda Vereda,MATOZINHOS,Minas Gerais,-19.436389,-44.035556,BR,heliport,Brasil,ANAC_helipontos
SJK8,SJK8,Arquitech,BRAÇO DO NORTE,Santa Catarina,-28.266111,-49.148056,BR,heliport,Brasil,ANAC_helipontos
SJK9,SJK9,Fazenda Paraiso,SANTA LUZIA DO PARÁ,PA,-1.5177778,-46.948611,BR,private_aerodrome,Brasil,ANAC_privados
SJKA,SJKA,Aerocampo,CAMPO NOVO DO PARECIS,MT,-13.635278,-57.899444,BR,private_aerodrome,Brasil,ANAC_privados
SJKB,SJKB,Fazenda Adelaide,BRASNORTE,MT,-13.0875,-58.025833,BR,private_aerodrome,Brasil,ANAC_privados
SJKC,SJKC,Pista Aldeia Kikretum,OURILÂNDIA DO NORTE,PA,-7.1311111,-51.653056,BR,private_aerodrome,Brasil,ANAC_privados
SJKD,SJKD,Helisilva,BALNEÁRIO CAMBORIÚ,Santa Catarina,-27.026389,-48.621111,BR,heliport,Brasil,ANAC_helipontos
SJKE,SJKE,Pista Aldeia Kedjêrêkrã,SÃO FÉLIX DO XINGU,PA,-7.8127778,-52.151667,BR,private_aerodrome,Brasil,ANAC_privados
SJKF,SJKF,Lago Azul,ARAÇOIABA DA SERRA,São Paulo,-23.508889,-47.5825,BR,heliport,Brasil,ANAC_helipontos
SJKG,SJKG,Fazenda Chapada Grande,REGENERAÇÃO,PI,-6.3486111,-42.476111,BR,private_aerodrome,Brasil,ANAC_privados
SJKH,SJKH,Fazenda Angical,NORDESTINA,Bahia,-10.903889,-39.420278,BR,heliport,Brasil,ANAC_helipontos
SJKI,SJKI,Hangar Comandante Salomão Alcolumbre,MACAPÁ,AP,0.208888889,-51.012778,BR,private_aerodrome,Brasil,ANAC_privados
SJKJ,SJKJ,Fazenda Siriema,CAMPOS DE JÚLIO,MT,-13.561389,-59.266111,BR,private_aerodrome,Brasil,ANAC_privados
SJKK,SJKK,Sérgio Bonifácio,IVAIPORÃ,PR,-24.263333,-51.639722,BR,private_aerodrome,Brasil,ANAC_privados
SJKL,SJKL,Canã,NORMANDIA,RR,4.61888889,-60.071667,BR,private_aerodrome,Brasil,ANAC_privados
SJKM,SJKM,Canawapai,UIRAMUTÃ,RR,4.80805556,-60.022222,BR,private_aerodrome,Brasil,ANAC_privados
SJKN,SJKN,Caracanã,UIRAMUTÃ,RR,4.70472222,-60.265278,BR,private_aerodrome,Brasil,ANAC_privados
SJKO,SJKO,Cararuau,NORMANDIA,RR,4.06305556,-60.165,BR,private_aerodrome,Brasil,ANAC_privados
SJKP,SJKP,Caraparu,UIRAMUTÃ,RR,4.54111111,-60.463056,BR,private_aerodrome,Brasil,ANAC_privados
SJKQ,SJKQ,Caramambatai (Mapae),UIRAMUTÃ,RR,5.12305556,-60.585556,BR,private_aerodrome,Brasil,ANAC_privados
SJKR,SJKR,Russi e Russi 2,ITAPEMA,Santa Catarina,-27.144444,-48.592222,BR,heliport,Brasil,ANAC_helipontos
SJKS,SJKS,Catrimani I,MUCAJAÍ,RR,2.37555556,-63.008333,BR,private_aerodrome,Brasil,ANAC_privados
SJKT,SJKT,Contão,PACARAIMA,RR,4.17166667,-60.543611,BR,private_aerodrome,Brasil,ANAC_privados
SJKU,SJKU,Cumaipá,UIRAMUTÃ,RR,4.81388889,-60.473611,BR,private_aerodrome,Brasil,ANAC_privados
SJKV,SJKV,Cumanã 1,PACARAIMA,RR,4.47027778,-60.778056,BR,private_aerodrome,Brasil,ANAC_privados
SJKW,SJKW,Cumanã 2,PACARAIMA,RR,4.42694444,-60.823889,BR,private_aerodrome,Brasil,ANAC_privados
SJKX,SJKX,Cutia,UIRAMUTÃ,RR,4.17,-59.748611,BR,private_aerodrome,Brasil,ANAC_privados
SJKY,SJKY,Comeri Santos,SANTOS,São Paulo,-23.9525,-46.325278,BR,heliport,Brasil,ANAC_helipontos
SJKZ,SJKZ,Estevão,UIRAMUTÃ,RR,4.44972222,-60.439167,BR,private_aerodrome,Brasil,ANAC_privados
SJL1,SJL1,Fazenda Limoeiro,PIRAQUÊ,TO,-6.4913889,-48.227222,BR,private_aerodrome,Brasil,ANAC_privados
SJL3,SJL3,FAZENDA JULIANA,BOM JESUS DO ARAGUAIA,MT,-11.976667,-51.832778,BR,private_aerodrome,Brasil,ANAC_privados
SJL4,SJL4,FAZENDA VALE DOS SONHOS,NOVO MUNDO,MT,-9.6725,-55.689722,BR,private_aerodrome,Brasil,ANAC_privados
SJL6,SJL6,FAZENDA ESTRELA DO ARAGUAIA,FLORESTA DO ARAGUAIA,PA,-7.4611111,-49.360556,BR,private_aerodrome,Brasil,ANAC_privados
SJL7,SJL7,Fazenda Iguaçu,AQUIDAUANA,MS,-19.946389,-55.794167,BR,private_aerodrome,Brasil,ANAC_privados
SJL8,SJL8,Tupirama,TUPIRAMA,TO,-8.9777778,-48.225833,BR,private_aerodrome,Brasil,ANAC_privados
SJL9,SJL9,CLUBE DE VÔO FAZENDA ROYAL,ITAPETININGA,SP,-23.503056,-48.000556,BR,private_aerodrome,Brasil,ANAC_privados
SJLA,SJLA,Flechal,UIRAMUTÃ,RR,4.66138889,-60.291944,BR,private_aerodrome,Brasil,ANAC_privados
SJLB,SJLB,Fazenda Chaparral,LAMBARI D'OESTE,MT,-15.570556,-57.774167,BR,private_aerodrome,Brasil,ANAC_privados
SJLC,SJLC,Hakoma,ALTO ALEGRE,RR,2.72,-63.5675,BR,private_aerodrome,Brasil,ANAC_privados
SJLD,SJLD,Fazenda Porto do Campo,LAMBARI D'OESTE,MT,-15.715556,-57.711389,BR,private_aerodrome,Brasil,ANAC_privados
SJLE,SJLE,Halikato-u,ALTO ALEGRE,RR,3.225,-63.199444,BR,private_aerodrome,Brasil,ANAC_privados
SJLH,SJLH,Jacamim,BONFIM,RR,2.17611111,-59.783889,BR,private_aerodrome,Brasil,ANAC_privados
SJLI,SJLI,Fazenda Liliani,BOM JARDIM,MA,-4.2136111,-46.975,BR,private_aerodrome,Brasil,ANAC_privados
SJLJ,SJLJ,Jatapuzinho,CAROEBE,RR,0.597222222,-59.221667,BR,private_aerodrome,Brasil,ANAC_privados
SJLL,SJLL,Maturuca,UIRAMUTÃ,RR,4.46083333,-60.100278,BR,private_aerodrome,Brasil,ANAC_privados
SJLN,SJLN,Maloquinha,UIRAMUTÃ,RR,4.72694444,-60.590556,BR,private_aerodrome,Brasil,ANAC_privados
SJLO,SJLO,Manalai,UIRAMUTÃ,RR,5.08416667,-60.378889,BR,private_aerodrome,Brasil,ANAC_privados
SJLP,SJLP,Manoá-pium,BONFIM,RR,2.98,-60.095278,BR,private_aerodrome,Brasil,ANAC_privados
SJLQ,SJLQ,Maracanã,UIRAMUTÃ,RR,4.365,-60.016944,BR,private_aerodrome,Brasil,ANAC_privados
SJLR,SJLR,Cambiju,PONTA GROSSA,Paraná,-25.246944,-49.918056,BR,heliport,Brasil,ANAC_helipontos
SJLS,SJLS,Marupá,BONFIM,RR,2.12527778,-59.821389,BR,private_aerodrome,Brasil,ANAC_privados
SJLU,SJLU,Missão Catrimani,CARACARAÍ,RR,1.74083333,-62.286389,BR,private_aerodrome,Brasil,ANAC_privados
SJLV,SJLV,Morro,UIRAMUTÃ,RR,4.35722222,-59.97,BR,private_aerodrome,Brasil,ANAC_privados
SJLW,SJLW,Mudubim 1,UIRAMUTÃ,RR,4.42166667,-60.489722,BR,private_aerodrome,Brasil,ANAC_privados
SJLX,SJLX,Mutum,UIRAMUTÃ,RR,4.45305556,-59.853889,BR,private_aerodrome,Brasil,ANAC_privados
SJLY,SJLY,Helicentro BH,NOVA LIMA,Minas Gerais,-20.046944,-43.962222,BR,heliport,Brasil,ANAC_helipontos
SJLZ,SJLZ,Coperjava,FORMOSO DO ARAGUAIA,TO,-11.835,-49.712222,BR,private_aerodrome,Brasil,ANAC_privados
SJM1,SJM1,Manoel Francisco dos Santos,ORIXIMINÁ,PA,-1.0647222,-57.051944,BR,private_aerodrome,Brasil,ANAC_privados
SJM2,SJM2,FAZENDA FORTALEZA DO INAJÁ,SANTA MARIA DAS BARREIRAS,PA,-8.5288889,-50.585833,BR,private_aerodrome,Brasil,ANAC_privados
SJM3,SJM3,FAZENDA CAMPO NOVO,CHAPADÃO DO SUL,MS,-19.271944,-52.553333,BR,private_aerodrome,Brasil,ANAC_privados
SJM4,SJM4,Fazenda Duas Irmãs,CONQUISTA D'OESTE,MT,-14.6,-59.571389,BR,private_aerodrome,Brasil,ANAC_privados
SJM6,SJM6,FAZENDA TUIUIU,SANTA RITA DO TRIVELATO,MT,-13.805556,-55.494722,BR,private_aerodrome,Brasil,ANAC_privados
SJM7,SJM7,FAZENDA SÃO FRANCISCO,NOVO MUNDO,MT,-9.8552778,-55.605556,BR,private_aerodrome,Brasil,ANAC_privados
SJM8,SJM8,FAZENDA WS,ALTA FLORESTA,MT,-10.328056,-56.076944,BR,private_aerodrome,Brasil,ANAC_privados
SJM9,SJM9,FAZENDA RIO GRANDE,SÃO DESIDÉRIO,BA,-12.795556,-45.156389,BR,private_aerodrome,Brasil,ANAC_privados
SJMA,SJMA,Fazenda Marli,CAMAPUÃ,MS,-19.540278,-53.720556,BR,private_aerodrome,Brasil,ANAC_privados
SJMB,SJMB,Fazenda Mombaça,ANGRA DOS REIS,Rio de Janeiro,-23.016389,-44.288889,BR,heliport,Brasil,ANAC_helipontos
SJMC,SJMC,Monte Carlo Trade Center,BARUERI,São Paulo,-23.493056,-46.851944,BR,heliport,Brasil,ANAC_helipontos
SJMD,SJMD,Paapiú Novo,IRACEMA,RR,2.72277778,-62.950278,BR,private_aerodrome,Brasil,ANAC_privados
SJME,SJME,Mato Grosso,PACARAIMA,RR,4.57055556,-60.903056,BR,private_aerodrome,Brasil,ANAC_privados
SJMF,SJMF,Pacú,NORMANDIA,RR,4.16388889,-60.222222,BR,private_aerodrome,Brasil,ANAC_privados
SJMG,SJMG,Mega Mix,SÃO PAULO,São Paulo,-23.535833,-46.618611,BR,heliport,Brasil,ANAC_helipontos
SJMH,SJMH,Palimiú,ALTO ALEGRE,RR,3.31805556,-62.971111,BR,private_aerodrome,Brasil,ANAC_privados
SJMI,SJMI,Parafuri,ALTO ALEGRE,RR,3.28805556,-63.843056,BR,private_aerodrome,Brasil,ANAC_privados
SJMJ,SJMJ,Pedra Branca,UIRAMUTÃ,RR,4.45722222,-60.267778,BR,private_aerodrome,Brasil,ANAC_privados
SJMK,SJMK,Pedra Preta,UIRAMUTÃ,RR,4.71305556,-60.476389,BR,private_aerodrome,Brasil,ANAC_privados
SJML,SJML,Piolho,PACARAIMA,RR,4.70138889,-60.733611,BR,private_aerodrome,Brasil,ANAC_privados
SJMM,SJMM,Pipi,UIRAMUTÃ,RR,4.93,-60.321944,BR,private_aerodrome,Brasil,ANAC_privados
SJMN,SJMN,Raposa,NORMANDIA,RR,3.81,-60.090278,BR,private_aerodrome,Brasil,ANAC_privados
SJMO,SJMO,Santa Isabel,PACARAIMA,RR,4.47,-60.8625,BR,private_aerodrome,Brasil,ANAC_privados
SJMP,SJMP,Santa Liberdade,UIRAMUTÃ,RR,4.2875,-60.256944,BR,private_aerodrome,Brasil,ANAC_privados
SJMQ,SJMQ,Santa Maria de Normandia,NORMANDIA,RR,4.17027778,-60.137778,BR,private_aerodrome,Brasil,ANAC_privados
SJMR,SJMR,Maragogipe,IGUATEMI,MS,-23.456667,-54.300556,BR,private_aerodrome,Brasil,ANAC_privados
SJMS,SJMS,Mineração Serra Grande,CRIXÁS,Goiás,-14.574722,-49.968056,BR,heliport,Brasil,ANAC_helipontos
SJMT,SJMT,São Miguel Cachoeirinha,PACARAIMA,RR,4.49027778,-60.990556,BR,private_aerodrome,Brasil,ANAC_privados
SJMU,SJMU,Sauparú,UIRAMUTÃ,RR,4.98972222,-60.435556,BR,private_aerodrome,Brasil,ANAC_privados
SJMV,SJMV,Serra do Sol,UIRAMUTÃ,RR,4.9425,-60.475278,BR,private_aerodrome,Brasil,ANAC_privados
SJMW,SJMW,Socó,UIRAMUTÃ,RR,4.47,-60.176944,BR,private_aerodrome,Brasil,ANAC_privados
SJMX,SJMX,Suapí,PACARAIMA,RR,4.57527778,-60.858333,BR,private_aerodrome,Brasil,ANAC_privados
SJMY,SJMY,Monte Rey,CAXIAS DO SUL,Rio Grande do Sul,-29.135278,-51.141944,BR,heliport,Brasil,ANAC_helipontos
SJMZ,SJMZ,Fazenda Mizote,SÃO DESIDÉRIO,BA,-12.9575,-46.004444,BR,private_aerodrome,Brasil,ANAC_privados
SJN2,SJN2,Fazenda São Vicente,RONDON DO PARÁ,PA,-4.6302778,-48.087222,BR,private_aerodrome,Brasil,ANAC_privados
SJN3,SJN3,Fazenda Alto da Serra,PORTO NACIONAL,TO,-10.500833,-48.545833,BR,private_aerodrome,Brasil,ANAC_privados
SJN4,SJN4,ESTRELA DO OESTE I - AGT,ANAURILÂNDIA,MS,-22.22,-52.745278,BR,private_aerodrome,Brasil,ANAC_privados
SJN6,SJN6,Fazenda Israel,ITABERAÍ,Goiás,-16.148889,-49.769722,BR,heliport,Brasil,ANAC_helipontos
SJN7,SJN7,RDB,TRAIRI,Ceará,-3.2230556,-39.255833,BR,heliport,Brasil,ANAC_helipontos
SJN9,SJN9,FAZENDA NOSSA SENHORA APARECIDA,FORMOSA DO RIO PRETO,BA,-11.034167,-46.103333,BR,private_aerodrome,Brasil,ANAC_privados
SJNA,SJNA,Fazenda Nova Aliança,GLICÉRIO,SP,-21.328333,-50.193056,BR,private_aerodrome,Brasil,ANAC_privados
SJNB,SJNB,Ubarú,PACARAIMA,RR,4.50166667,-60.802222,BR,private_aerodrome,Brasil,ANAC_privados
SJND,SJND,Darinha,CASCAVEL,CE,-4.1097222,-38.2425,BR,private_aerodrome,Brasil,ANAC_privados
SJNE,SJNE,Wapum,CARACARAÍ,RR,1.99,-59.957222,BR,private_aerodrome,Brasil,ANAC_privados
SJNF,SJNF,Wilimon,UIRAMUTÃ,RR,4.63472222,-60.176111,BR,private_aerodrome,Brasil,ANAC_privados
SJNG,SJNG,Xidea,ALTO ALEGRE,RR,2.60694444,-63.869444,BR,private_aerodrome,Brasil,ANAC_privados
SJNH,SJNH,Fazenda Nova Esperança,SÃO FÉLIX DO XINGU,PA,-9.4502778,-52.138333,BR,private_aerodrome,Brasil,ANAC_privados
SJNJ,SJNJ,MC,SILVÂNIA,Goiás,-16.501944,-48.792778,BR,heliport,Brasil,ANAC_helipontos
SJNK,SJNK,Fazenda Três Perobas,SANTA LUZIA D'OESTE,RO,-12.081667,-61.642778,BR,private_aerodrome,Brasil,ANAC_privados
SJNL,SJNL,Fazenda Reata,CAMPO NOVO DO PARECIS,MT,-13.620278,-57.580833,BR,private_aerodrome,Brasil,ANAC_privados
SJNM,SJNM,Fazenda Santa Luzia,NOVA MUTUM,MT,-13.993889,-55.940833,BR,private_aerodrome,Brasil,ANAC_privados
SJNN,SJNN,Iporanga-Guarujá,GUARUJÁ,São Paulo,-23.888056,-46.171667,BR,heliport,Brasil,ANAC_helipontos
SJNO,SJNO,Fazenda Bela Nova,ITAJU DO COLÔNIA,BA,-15.033056,-39.664444,BR,private_aerodrome,Brasil,ANAC_privados
SJNP,SJNP,Novo Progresso,NOVO PROGRESSO,PA,-7.1283333,-55.4,BR,private_aerodrome,Brasil,ANAC_privados
SJNQ,SJNQ,Destilaria Medasa,CARAVELAS,BA,-17.485,-40.157778,BR,private_aerodrome,Brasil,ANAC_privados
SJNS,SJNS,Grupo Souza Lima,SÃO PAULO,São Paulo,-23.534722,-46.544444,BR,heliport,Brasil,ANAC_helipontos
SJNT,SJNT,GF Taxi Aéreo,GUARUJÁ,São Paulo,-24.002778,-46.289167,BR,heliport,Brasil,ANAC_helipontos
SJNU,SJNU,Fazenda Campo Alto,RIBEIRÃO CASCALHEIRA,MT,-13.038889,-51.713056,BR,private_aerodrome,Brasil,ANAC_privados
SJNV,SJNV,Fazenda São Francisco,GOUVELÂNDIA,GO,-18.430278,-50.256111,BR,private_aerodrome,Brasil,ANAC_privados
SJNW,SJNW,Fazenda Nhandu,NOVO MUNDO,MT,-9.6325,-55.216111,BR,private_aerodrome,Brasil,ANAC_privados
SJNX,SJNX,Chapadão do Céu,CHAPADÃO DO CÉU,GO,-18.404167,-52.626944,BR,private_aerodrome,Brasil,ANAC_privados
SJNY,SJNY,Iberostar Praia do Forte,MATA DE SÃO JOÃO,Bahia,-12.549722,-37.990833,BR,heliport,Brasil,ANAC_helipontos
SJNZ,SJNZ,Fazenda São Jorge,LAMBARI D'OESTE,MT,-15.348333,-58.029167,BR,private_aerodrome,Brasil,ANAC_privados
SJO2,SJO2,FAZENDA UNIÃO,NOSSA SENHORA DO LIVRAMENTO,MT,-15.526667,-57.013889,BR,private_aerodrome,Brasil,ANAC_privados
SJO3,SJO3,FAZENDA SANTA CARMEM II,QUERÊNCIA,MT,-13.215833,-52.271111,BR,private_aerodrome,Brasil,ANAC_privados
SJO4,SJO4,JC,CONCEIÇÃO DO ARAGUAIA,Pará,-8.2866667,-49.267778,BR,heliport,Brasil,ANAC_helipontos
SJO6,SJO6,FAZENDA SANTA THEREZA,NOVO SÃO JOAQUIM,MT,-15.143333,-53.012222,BR,private_aerodrome,Brasil,ANAC_privados
SJO8,SJO8,Araguaia,SANTA MARIA DAS BARREIRAS,PA,-8.7411111,-50.21,BR,private_aerodrome,Brasil,ANAC_privados
SJOA,SJOA,Fazenda Nossa Senhora Aparecida,IPIRANGA DO NORTE,MT,-11.912778,-56.158889,BR,private_aerodrome,Brasil,ANAC_privados
SJOB,SJOB,Hospital da Bahia,SALVADOR,Bahia,-12.9875,-38.450833,BR,heliport,Brasil,ANAC_helipontos
SJOC,SJOC,CEO,SALVADOR,Bahia,-12.979444,-38.452222,BR,heliport,Brasil,ANAC_helipontos
SJOD,SJOD,Jordão,JORDÃO,AC,-9.1902778,-71.946944,BR,private_aerodrome,Brasil,ANAC_privados
SJOE,SJOE,Haras Cachoeira,ITU,São Paulo,-23.246667,-47.424722,BR,heliport,Brasil,ANAC_helipontos
SJOF,SJOF,Fazenda Forcela,ITAPECERICA,Minas Gerais,-20.397778,-45.179722,BR,heliport,Brasil,ANAC_helipontos
SJOH,SJOH,Destilaria Veredas,JOÃO PINHEIRO,MG,-17.715556,-45.8175,BR,private_aerodrome,Brasil,ANAC_privados
SJOI,SJOI,Office Premium Indaiatuba,INDAIATUBA,São Paulo,-23.095,-47.222778,BR,heliport,Brasil,ANAC_helipontos
SJOJ,SJOJ,Simasa,AÇAILÂNDIA,MA,-4.8708333,-47.390278,BR,private_aerodrome,Brasil,ANAC_privados
SJON,SJON,Jordanésia,CAJAMAR,São Paulo,-23.354722,-46.854444,BR,heliport,Brasil,ANAC_helipontos
SJOO,SJOO,Dr. João Osmar de Oliveira,NOVA LACERDA,MT,-14.134444,-59.819444,BR,private_aerodrome,Brasil,ANAC_privados
SJOP,SJOP,Fazenda Panflora,ROSÁRIO OESTE,MT,-15.084167,-56.552222,BR,private_aerodrome,Brasil,ANAC_privados
SJOQ,SJOQ,Cristália,ITAPIRA,São Paulo,-22.468056,-46.717778,BR,heliport,Brasil,ANAC_helipontos
SJOR,SJOR,Fazenda Onça do Barão,COCOS,BA,-14.212778,-45.200278,BR,private_aerodrome,Brasil,ANAC_privados
SJOS,SJOS,Goinfra,GOIÂNIA,Goiás,-16.647778,-49.208889,BR,heliport,Brasil,ANAC_helipontos
SJOT,SJOT,OLIVEIRA,BRUSQUE,Santa Catarina,-27.105556,-48.934167,BR,heliport,Brasil,ANAC_helipontos
SJOU,SJOU,Minerva Paranatinga,PARANATINGA,MT,-14.461944,-54.034722,BR,private_aerodrome,Brasil,ANAC_privados
SJOW,SJOW,Fazenda Guadalupe,SANTO ANTÔNIO DO ARACANGUÁ,SP,-20.983611,-50.525833,BR,private_aerodrome,Brasil,ANAC_privados
SJOX,SJOX,Fazenda Alegria,SÃO JOSÉ DO XINGU,MT,-10.596944,-52.554167,BR,private_aerodrome,Brasil,ANAC_privados
SJOY,SJOY,Jorge Luiz Stocco,PALMEIRA,PR,-25.401111,-49.799444,BR,private_aerodrome,Brasil,ANAC_privados
SJOZ,SJOZ,Faria Lima Square,SÃO PAULO,São Paulo,-23.588611,-46.682778,BR,heliport,Brasil,ANAC_helipontos
SJP2,SJP2,FAZENDA BONANZA,PIRAQUÊ,TO,-6.5138889,-48.187778,BR,private_aerodrome,Brasil,ANAC_privados
SJP3,SJP3,OSX BRASIL S.A.,SÃO JOÃO DA BARRA,Rio de Janeiro,-21.873056,-40.995833,BR,heliport,Brasil,ANAC_helipontos
SJP4,SJP4,FAZENDA SABIÁ POTRICH,NOVA UBIRATÃ,MT,-13.546667,-54.982222,BR,private_aerodrome,Brasil,ANAC_privados
SJP6,SJP6,Agropecuária Madeirinha,COLNIZA,MT,-9.8475,-61.4175,BR,private_aerodrome,Brasil,ANAC_privados
SJP7,SJP7,Fazenda Rasante 01,JAÍBA,MG,-15.141667,-43.804167,BR,private_aerodrome,Brasil,ANAC_privados
SJP8,SJP8,ASSOCIACAO AEROCLUBE DE FAXINAL,FAXINAL,PR,-23.971389,-51.328333,BR,private_aerodrome,Brasil,ANAC_privados
SJP9,SJP9,Estrela do Oeste - II - AGT,ANAURILÂNDIA,MS,-22.187778,-52.944722,BR,private_aerodrome,Brasil,ANAC_privados
SJPA,SJPA,Palácio Rio Madeira,PORTO VELHO,Rondônia,-8.7497222,-63.910278,BR,heliport,Brasil,ANAC_helipontos
SJPB,SJPB,Guarapiranga Golf,SÃO PAULO,São Paulo,-23.7875,-46.781667,BR,heliport,Brasil,ANAC_helipontos
SJPC,SJPC,Fazenda Paredão,COMODORO,MT,-13.632222,-60.283889,BR,private_aerodrome,Brasil,ANAC_privados
SJPE,SJPE,Pedra,PEDRA LAVRADA,PB,-6.7666667,-36.481667,BR,private_aerodrome,Brasil,ANAC_privados
SJPF,SJPF,Polícia Federal-Foz do Iguaçu,FOZ DO IGUAÇU,Paraná,-25.516667,-54.573889,BR,heliport,Brasil,ANAC_helipontos
SJPG,SJPG,Polícia Militar do Estado de Goiás,GOIÂNIA,Goiás,-16.704444,-49.258056,BR,heliport,Brasil,ANAC_helipontos
SJPH,SJPH,Royal Palm Hall,CAMPINAS,São Paulo,-22.939722,-47.070833,BR,heliport,Brasil,ANAC_helipontos
SJPI,SJPI,Porto Bonito,ITAQUIRAÍ,MS,-23.343889,-53.8725,BR,private_aerodrome,Brasil,ANAC_privados
SJPJ,SJPJ,Prefeitura do Município de Jundiaí,JUNDIAÍ,São Paulo,-23.171389,-46.900278,BR,heliport,Brasil,ANAC_helipontos
SJPK,SJPK,Fazenda Campo das Princesas,TIMON,MA,-5.3222222,-42.829167,BR,private_aerodrome,Brasil,ANAC_privados
SJPL,SJPL,Pista do Limão,ITAITUBA,PA,-5.7452778,-56.388611,BR,private_aerodrome,Brasil,ANAC_privados
SJPM,SJPM,Cap. PM Cidimar Antunes de Almeida,nan,nan,-22.866667,-43.123333,BR,heliport,Brasil,ANAC_helipontos
SJPN,SJPN,Jundiá,MACAÉ,Rio de Janeiro,-22.400556,-41.875556,BR,heliport,Brasil,ANAC_helipontos
SJPO,SJPO,Xingó,PIRANHAS,AL,-9.5880556,-37.7775,BR,private_aerodrome,Brasil,ANAC_privados
SJPP,SJPP,Aero Rural,ALTA FLORESTA,MT,-9.9247222,-56.008056,BR,private_aerodrome,Brasil,ANAC_privados
SJPQ,SJPQ,Terminal Petrobrás - São Sebastião,SÃO SEBASTIÃO,São Paulo,-23.798611,-45.4,BR,heliport,Brasil,ANAC_helipontos
SJPR,SJPR,Asas de Balsa Nova,BALSA NOVA,PR,-25.549444,-49.643056,BR,private_aerodrome,Brasil,ANAC_privados
SJPS,SJPS,Fazenda Promissão,UNIÃO DO SUL,MT,-11.791667,-54.444444,BR,private_aerodrome,Brasil,ANAC_privados
SJPT,SJPT,Quatro Ventos,UBERLÂNDIA,MG,-18.973889,-48.1,BR,private_aerodrome,Brasil,ANAC_privados
SJPU,SJPU,Clube de Ultraleves do Piauí,TERESINA,PI,-5.0313889,-42.718611,BR,private_aerodrome,Brasil,ANAC_privados
SJPV,SJPV,Reserva Pituba,CORURIPE,AL,-10.086389,-36.09,BR,private_aerodrome,Brasil,ANAC_privados
SJPW,SJPW,Fazenda Boa Esperança,LUCAS DO RIO VERDE,MT,-12.891944,-56.363333,BR,private_aerodrome,Brasil,ANAC_privados
SJPX,SJPX,Fazenda Cidade Verde,POXORÉU,MT,-15.414167,-54.372222,BR,private_aerodrome,Brasil,ANAC_privados
SJPY,SJPY,Ilson Mateus Rodrigues Júnior,SÃO JOSÉ DE RIBAMAR,Maranhão,-2.4686111,-44.200833,BR,heliport,Brasil,ANAC_helipontos
SJPZ,SJPZ,Fazenda Santo Antônio,MATINHA,Maranhão,-3.1161111,-45.012778,BR,heliport,Brasil,ANAC_helipontos
SJQ2,SJQ2,Ferrari,NOVA LIMA,Minas Gerais,-20.128611,-43.959167,BR,heliport,Brasil,ANAC_helipontos
SJQ3,SJQ3,GRUPO SHIMOHIRA,BAIXA GRANDE DO RIBEIRO,PI,-8.1061111,-44.901667,BR,private_aerodrome,Brasil,ANAC_privados
SJQ4,SJQ4,Fazenda Pontinha,BANDEIRANTES,MS,-19.774722,-54.4025,BR,private_aerodrome,Brasil,ANAC_privados
SJQ6,SJQ6,KHIM,CAMPOS DO JORDÃO,São Paulo,-22.700556,-45.504167,BR,heliport,Brasil,ANAC_helipontos
SJQ7,SJQ7,Hospital Regional de Chapadinha,CHAPADINHA,Maranhão,-3.7286111,-43.306111,BR,heliport,Brasil,ANAC_helipontos
SJQ8,SJQ8,ATACADÃO DIA À DIA 3,PADRE BERNARDO,Goiás,-15.5275,-48.405278,BR,heliport,Brasil,ANAC_helipontos
SJQ9,SJQ9,Hospital Regional de Caxias,CAXIAS,Maranhão,-4.8811111,-43.340278,BR,heliport,Brasil,ANAC_helipontos
SJQA,SJQA,Teimoso,CAMPO LARGO,Paraná,-25.426667,-49.524722,BR,heliport,Brasil,ANAC_helipontos
SJQB,SJQB,Fazenda Jequitibá,NOVA ALVORADA DO SUL,MS,-21.878333,-53.815278,BR,private_aerodrome,Brasil,ANAC_privados
SJQD,SJQD,Grupo Shimohira,FORMOSA DO RIO PRETO,BA,-11.450833,-46.473611,BR,private_aerodrome,Brasil,ANAC_privados
SJQE,SJQE,Sertão Central,QUIXERAMOBIM,Ceará,-5.1811111,-39.261389,BR,heliport,Brasil,ANAC_helipontos
SJQH,SJQH,Hospital de Clínicas Municipal,SÃO BERNARDO DO CAMPO,São Paulo,-23.733056,-46.577778,BR,heliport,Brasil,ANAC_helipontos
SJQI,SJQI,Hotel Porto Jofre,POCONÉ,MT,-17.357778,-56.773889,BR,private_aerodrome,Brasil,ANAC_privados
SJQJ,SJQJ,Fazenda Fortaleza,JABORANDI,SP,-20.595833,-48.372778,BR,private_aerodrome,Brasil,ANAC_privados
SJQL,SJQL,Águas Claras Aviação Agrícola,SANTA JULIANA,MG,-19.322222,-47.555,BR,private_aerodrome,Brasil,ANAC_privados
SJQM,SJQM,Fazenda Valor,IGARAPÉ DO MEIO,Maranhão,-3.6508333,-45.202778,BR,heliport,Brasil,ANAC_helipontos
SJQO,SJQO,Fazenda Confiança,BAIXA GRANDE DO RIBEIRO,PI,-7.9480556,-45.085,BR,private_aerodrome,Brasil,ANAC_privados
SJQP,SJQP,Estância Rebog,COCALINHO,MT,-12.800833,-50.628056,BR,private_aerodrome,Brasil,ANAC_privados
SJQQ,SJQQ,Fazenda Terra Alta,PORTEL,PA,-2.8591667,-50.988889,BR,private_aerodrome,Brasil,ANAC_privados
SJQR,SJQR,Rincão do Céu,IGARASSU,Pernambuco,-7.8461111,-34.848889,BR,heliport,Brasil,ANAC_helipontos
SJQS,SJQS,Fazenda Santa Tereza,UNIÃO DO SUL,MT,-11.463611,-54.051111,BR,private_aerodrome,Brasil,ANAC_privados
SJQT,SJQT,Haras RPC,NOVA LIMA,MG,-20.169167,-43.9275,BR,private_aerodrome,Brasil,ANAC_privados
SJQU,SJQU,Fazenda Formosa,FORMOSA DO RIO PRETO,BA,-10.702778,-45.389167,BR,private_aerodrome,Brasil,ANAC_privados
SJQV,SJQV,Pousada Amazon Roosevelt,NOVO ARIPUANÃ,AM,-7.5697222,-60.688889,BR,private_aerodrome,Brasil,ANAC_privados
SJQW,SJQW,Warna Roos,SANTA BÁRBARA DO SUL,Rio Grande do Sul,-28.181111,-53.216667,BR,heliport,Brasil,ANAC_helipontos
SJQX,SJQX,Fazenda Uruará,URUARÁ,PA,-3.5230556,-53.396389,BR,private_aerodrome,Brasil,ANAC_privados
SJQY,SJQY,Terminal do Solimões,COARI,Amazonas,-3.9441667,-63.163611,BR,heliport,Brasil,ANAC_helipontos
SJQZ,SJQZ,Fazenda Peça Rara Agropecuária II,ALTA FLORESTA D'OESTE,RO,-12.425278,-62.143056,BR,private_aerodrome,Brasil,ANAC_privados
SJR2,SJR2,Fazenda Boa Sorte,SIDROLÂNDIA,MS,-20.914167,-55.015833,BR,private_aerodrome,Brasil,ANAC_privados
SJR3,SJR3,FAZENDA CAAGUASSU,NOVA UBIRATÃ,MT,-12.28,-54.124722,BR,private_aerodrome,Brasil,ANAC_privados
SJR4,SJR4,Fazenda Simeão Brandão,MIRADOR,MA,-6.5625,-44.5725,BR,private_aerodrome,Brasil,ANAC_privados
SJR6,SJR6,Fazenda Mercúrio,FELIZ NATAL,MT,-12.183056,-54.400278,BR,private_aerodrome,Brasil,ANAC_privados
SJR7,SJR7,FAZENDA SANTA BÁRBARA,NOBRES,MT,-14.179167,-55.588056,BR,private_aerodrome,Brasil,ANAC_privados
SJR8,SJR8,Fazenda Alvorada,PRIMAVERA DO LESTE,MT,-14.975278,-54.330278,BR,private_aerodrome,Brasil,ANAC_privados
SJR9,SJR9,FAZENDA ITAÚBA,CANABRAVA DO NORTE,MT,-11.312222,-51.688333,BR,private_aerodrome,Brasil,ANAC_privados
SJRA,SJRA,P.E. Anori,ANORI,Amazonas,-3.7105556,-61.6625,BR,heliport,Brasil,ANAC_helipontos
SJRB,SJRB,Fazenda VR,SANTA CRUZ DO XINGU,MT,-10.115,-52.506667,BR,private_aerodrome,Brasil,ANAC_privados
SJRC,SJRC,Serra da Borda,VILA BELA DA SANTÍSSIMA TRINDADE,MT,-14.831667,-59.684722,BR,private_aerodrome,Brasil,ANAC_privados
SJRD,SJRD,Ilha Josefa,ANGRA DOS REIS,Rio de Janeiro,-23.040833,-44.391944,BR,heliport,Brasil,ANAC_helipontos
SJRE,SJRE,Vila Adail,ELIAS FAUSTO,São Paulo,-23.049722,-47.389722,BR,heliport,Brasil,ANAC_helipontos
SJRH,SJRH,Fazenda Galheiro,CAMPO VERDE,MT,-15.308056,-54.599722,BR,private_aerodrome,Brasil,ANAC_privados
SJRI,SJRI,Condomínio Boa Esperança,RIBEIRO GONÇALVES,PI,-8.405,-45.458611,BR,private_aerodrome,Brasil,ANAC_privados
SJRJ,SJRJ,Fazenda Jacaré,CAMPO GRANDE,MS,-21.501944,-53.968056,BR,private_aerodrome,Brasil,ANAC_privados
SJRK,SJRK,Agropecuária São Roberto,SANTANA DO ARAGUAIA,PA,-9.2322222,-50.930556,BR,private_aerodrome,Brasil,ANAC_privados
SJRM,SJRM,Monte das Oliveiras,SANTO ANDRÉ,São Paulo,-23.665556,-46.520833,BR,heliport,Brasil,ANAC_helipontos
SJRN,SJRN,Carlos Gomes Center,PORTO ALEGRE,Rio Grande do Sul,-30.031389,-51.176667,BR,heliport,Brasil,ANAC_helipontos
SJRO,SJRO,Fazenda Santa Elisa,AURIFLAMA,SP,-20.530556,-50.635,BR,private_aerodrome,Brasil,ANAC_privados
SJRP,SJRP,Grupo Pronorte,MARCELÂNDIA,MT,-11.089167,-54.531944,BR,private_aerodrome,Brasil,ANAC_privados
SJRQ,SJRQ,Hospital São Camilo Pompéia,SÃO PAULO,São Paulo,-23.533889,-46.688333,BR,heliport,Brasil,ANAC_helipontos
SJRS,SJRS,Fazenda Guanabara,JUNQUEIRÓPOLIS,SP,-21.343611,-51.403333,BR,private_aerodrome,Brasil,ANAC_privados
SJRT,SJRT,Aero Agrícola Rio Claro,SÃO JOSÉ DO RIO CLARO,MT,-13.434167,-56.731389,BR,private_aerodrome,Brasil,ANAC_privados
SJRU,SJRU,Fazenda Terra Roxa,SANTA MARIA DAS BARREIRAS,PA,-8.7166667,-50.406389,BR,private_aerodrome,Brasil,ANAC_privados
SJRV,SJRV,PCH Garganta da Jararaca,NOVA MARINGÁ,MT,-13.387778,-57.6175,BR,private_aerodrome,Brasil,ANAC_privados
SJRW,SJRW,PCH - Buriti,PARAÍSO DAS ÁGUAS,MS,-19.341111,-52.689722,BR,private_aerodrome,Brasil,ANAC_privados
SJRX,SJRX,Grupamento Aéreo da Polícia Militar/ Praia Grande,PRAIA GRANDE,São Paulo,-24.034167,-46.493611,BR,heliport,Brasil,ANAC_helipontos
SJRY,SJRY,Fazenda Rio Mutuca,JUARA,MT,-10.435556,-58.162778,BR,private_aerodrome,Brasil,ANAC_privados
SJRZ,SJRZ,João Domingues de Araújo,SÃO PAULO,São Paulo,-23.604444,-46.693889,BR,heliport,Brasil,ANAC_helipontos
SJS2,SJS2,"Hospital Macrorregional Dra, Ruth Noleto",IMPERATRIZ,Maranhão,-5.4802778,-47.434722,BR,heliport,Brasil,ANAC_helipontos
SJS3,SJS3,Fazenda Guaciara,JATEÍ,MS,-22.785833,-53.880833,BR,private_aerodrome,Brasil,ANAC_privados
SJS4,SJS4,FAZENDA FARTURA,SANTANA DO ARAGUAIA,PA,-9.6863889,-50.391944,BR,private_aerodrome,Brasil,ANAC_privados
SJS6,SJS6,Fazenda Remanso do Miranda,BONITO,MS,-20.626389,-56.295556,BR,private_aerodrome,Brasil,ANAC_privados
SJS7,SJS7,Fazenda Santa Adélia - Grupo Nativa,SÃO JOSÉ DO XINGU,MT,-10.73,-52.293889,BR,private_aerodrome,Brasil,ANAC_privados
SJS8,SJS8,CIMED,POUSO ALEGRE,Minas Gerais,-22.221944,-45.877778,BR,heliport,Brasil,ANAC_helipontos
SJS9,SJS9,FAZENDA CAJUEIRO,BOA VISTA,RR,2.93722222,-60.993889,BR,private_aerodrome,Brasil,ANAC_privados
SJSB,SJSB,Fazenda São Bento do Nabileque,CORUMBÁ,MS,-20.105556,-57.341111,BR,private_aerodrome,Brasil,ANAC_privados
SJSC,SJSC,Fazenda San Cyro,SERTÃO,RS,-27.954722,-52.507778,BR,private_aerodrome,Brasil,ANAC_privados
SJSD,SJSD,Mineração Riacho dos Machados,RIACHO DOS MACHADOS,Minas Gerais,-16.056111,-43.129722,BR,heliport,Brasil,ANAC_helipontos
SJSE,SJSE,Serabi,ITAITUBA,PA,-6.3180556,-55.794167,BR,private_aerodrome,Brasil,ANAC_privados
SJSF,SJSF,Fazenda Serrana,MARACAJU,MS,-21.145278,-55.362778,BR,private_aerodrome,Brasil,ANAC_privados
SJSG,SJSG,Usina Serra Grande,SÃO JOSÉ DA LAJE,Alagoas,-8.9780556,-36.070278,BR,heliport,Brasil,ANAC_helipontos
SJSH,SJSH,Fly Ville,GOVERNADOR CELSO RAMOS,SC,-27.370556,-48.613611,BR,private_aerodrome,Brasil,ANAC_privados
SJSK,SJSK,Usina Calcário Parecis,PARECIS,RO,-12.145833,-61.521944,BR,private_aerodrome,Brasil,ANAC_privados
SJSL,SJSL,Hospital Sírio Libanês II,SÃO PAULO,São Paulo,-23.557222,-46.653056,BR,heliport,Brasil,ANAC_helipontos
SJSM,SJSM,Chácara Marcella,GOIOERÊ,PR,-24.209444,-53.009444,BR,private_aerodrome,Brasil,ANAC_privados
SJSN,SJSN,Fazenda Carvalho,SÃO LUIZ DO NORTE,GO,-14.836944,-49.361389,BR,private_aerodrome,Brasil,ANAC_privados
SJSP,SJSP,Caragoatá,PARATY,Rio de Janeiro,-23.243611,-44.596111,BR,heliport,Brasil,ANAC_helipontos
SJSQ,SJSQ,Quinta do Carangola,PETRÓPOLIS,Rio de Janeiro,-22.471389,-43.155278,BR,heliport,Brasil,ANAC_helipontos
SJSS,SJSS,Agrifor,SORRISO,MT,-12.498611,-55.696111,BR,private_aerodrome,Brasil,ANAC_privados
SJST,SJST,Umbará Energy,CURITIBA,Paraná,-25.604167,-49.293611,BR,heliport,Brasil,ANAC_helipontos
SJSV,SJSV,Fazenda Guiné,SÃO ROQUE DE MINAS,MG,-20.248056,-46.191389,BR,private_aerodrome,Brasil,ANAC_privados
SJSW,SJSW,Colinas Shopping,SÃO JOSÉ DOS CAMPOS,São Paulo,-23.205,-45.907778,BR,heliport,Brasil,ANAC_helipontos
SJSX,SJSX,Fazenda Montana,MATRINCHÃ,GO,-15.216389,-50.836667,BR,private_aerodrome,Brasil,ANAC_privados
SJSY,SJSY,SICPA,RIO DE JANEIRO,Rio de Janeiro,-22.883889,-43.735,BR,heliport,Brasil,ANAC_helipontos
SJSZ,SJSZ,Helbor Concept,MOGI DAS CRUZES,São Paulo,-23.516667,-46.178889,BR,heliport,Brasil,ANAC_helipontos
SJT2,SJT2,FAZENDA SANTA LUZIA,NOVO MUNDO,MT,-9.8486111,-55.529167,BR,private_aerodrome,Brasil,ANAC_privados
SJT3,SJT3,Colombo,MARABÁ,PA,-5.3772222,-49.224444,BR,private_aerodrome,Brasil,ANAC_privados
SJT4,SJT4,FAZENDA BRANCA - XANGRILÁ,VALE DE SÃO DOMINGOS,MT,-14.606944,-58.78,BR,private_aerodrome,Brasil,ANAC_privados
SJT7,SJT7,São Silvestre,COCOS,BA,-14.391667,-44.958056,BR,private_aerodrome,Brasil,ANAC_privados
SJT8,SJT8,Fazenda Cristal,CORUMBÁ,MS,-17.863056,-55.707778,BR,private_aerodrome,Brasil,ANAC_privados
SJT9,SJT9,FAZENDA LINCE,TESOURO,MT,-15.972222,-53.476944,BR,private_aerodrome,Brasil,ANAC_privados
SJTA,SJTA,Academia Nacional da Polícia Rodoviária Federal,FLORIANÓPOLIS,Santa Catarina,-27.455833,-48.461389,BR,heliport,Brasil,ANAC_helipontos
SJTB,SJTB,Fazenda Buriti,CHAPADA DOS GUIMARÃES,MT,-15.465,-55.6225,BR,private_aerodrome,Brasil,ANAC_privados
SJTC,SJTC,Fazenda Itaguassu,ANTÔNIO JOÃO,MS,-22.249722,-55.926667,BR,private_aerodrome,Brasil,ANAC_privados
SJTD,SJTD,Plaza JK,SÃO PAULO,São Paulo,-23.590833,-46.685,BR,heliport,Brasil,ANAC_helipontos
SJTE,SJTE,Tênis Camp,ARTUR NOGUEIRA,São Paulo,-22.565833,-47.073889,BR,heliport,Brasil,ANAC_helipontos
SJTF,SJTF,Fazenda Mequéns,ALTA FLORESTA D'OESTE,RO,-13.0625,-62.26,BR,private_aerodrome,Brasil,ANAC_privados
SJTG,SJTG,Fazenda Matão,PORTO MURTINHO,MS,-20.921389,-57.448056,BR,private_aerodrome,Brasil,ANAC_privados
SJTH,SJTH,Fazenda Pôr do Sol,CRISTALINA,GO,-16.248611,-47.373333,BR,private_aerodrome,Brasil,ANAC_privados
SJTI,SJTI,Josidith,PACAJUS,Ceará,-4.1408333,-38.488333,BR,heliport,Brasil,ANAC_helipontos
SJTJ,SJTJ,Fazenda Jatobá,DIAMANTINO,MT,-14.187778,-57.519444,BR,private_aerodrome,Brasil,ANAC_privados
SJTK,SJTK,Fazenda Itakiray,ITAQUIRAÍ,MS,-23.511389,-54.251944,BR,private_aerodrome,Brasil,ANAC_privados
SJTL,SJTL,Morandi e Morandi Aviação Agrícola,JAGUAPITÃ,PR,-22.980278,-51.541111,BR,private_aerodrome,Brasil,ANAC_privados
SJTN,SJTN,Fazenda Triunfo,CANDEIAS DO JAMARI,RO,-9.1763889,-63.6775,BR,private_aerodrome,Brasil,ANAC_privados
SJTO,SJTO,Fazenda Paysandu,SÃO DESIDÉRIO,BA,-13.175278,-45.699444,BR,private_aerodrome,Brasil,ANAC_privados
SJTQ,SJTQ,AGD,CAMPOS DE JÚLIO,MT,-13.698056,-59.258333,BR,private_aerodrome,Brasil,ANAC_privados
SJTR,SJTR,Fazenda Timbaúba I,SÃO DESIDÉRIO,BA,-12.528333,-46.187222,BR,private_aerodrome,Brasil,ANAC_privados
SJTT,SJTT,GRUPO ROTTA,SAPEZAL,MT,-13.641667,-58.736111,BR,private_aerodrome,Brasil,ANAC_privados
SJTU,SJTU,Fazenda Tucano,CAMPO NOVO DO PARECIS,MT,-13.585,-57.564444,BR,private_aerodrome,Brasil,ANAC_privados
SJTV,SJTV,Tivoli Center,SÃO PAULO,São Paulo,-23.628611,-46.736667,BR,heliport,Brasil,ANAC_helipontos
SJTW,SJTW,Arenhart Aviação Agrícola,URUGUAIANA,RS,-29.889444,-57.141111,BR,private_aerodrome,Brasil,ANAC_privados
SJTY,SJTY,Tivoli Mofarrej,SÃO PAULO,São Paulo,-23.564167,-46.655833,BR,heliport,Brasil,ANAC_helipontos
SJU2,SJU2,FAZENDA ALVORADA,CORUMBÁ,MS,-19.868056,-57.2825,BR,private_aerodrome,Brasil,ANAC_privados
SJU3,SJU3,Fazenda Pampeira,CAMPO NOVO DO PARECIS,MT,-14.1525,-57.786667,BR,private_aerodrome,Brasil,ANAC_privados
SJU4,SJU4,Fazenda Mangabinha,CORUMBÁ,MS,-18.649167,-56.033889,BR,private_aerodrome,Brasil,ANAC_privados
SJU6,SJU6,Fazenda Retiro Novo,CORUMBÁ,MS,-20.145833,-57.207222,BR,private_aerodrome,Brasil,ANAC_privados
SJU7,SJU7,Fazenda Lua Nova,NOVA LACERDA,MT,-14.450556,-59.648889,BR,private_aerodrome,Brasil,ANAC_privados
SJU8,SJU8,Fazenda Guariba,VILA RICA,MT,-9.8933333,-51.798889,BR,private_aerodrome,Brasil,ANAC_privados
SJU9,SJU9,FAZENDA ALEGRE,ITABERAÍ,GO,-16.025278,-49.702778,BR,private_aerodrome,Brasil,ANAC_privados
SJUA,SJUA,Fazenda ABC,BURITIS,MG,-15.373611,-46.331111,BR,private_aerodrome,Brasil,ANAC_privados
SJUB,SJUB,Fazenda Rio Azul,VILA BELA DA SANTÍSSIMA TRINDADE,MT,-15.183333,-60.219167,BR,private_aerodrome,Brasil,ANAC_privados
SJUC,SJUC,Fazenda Santa Cruz,PADRE BERNARDO,GO,-15.371944,-48.206389,BR,private_aerodrome,Brasil,ANAC_privados
SJUD,SJUD,Fazenda Uberaba,COMODORO,MT,-13.073611,-60.244722,BR,private_aerodrome,Brasil,ANAC_privados
SJUE,SJUE,Ecological Center,BARUERI,São Paulo,-23.535,-46.875278,BR,heliport,Brasil,ANAC_helipontos
SJUF,SJUF,Silvestre,PEDRA BRANCA DO AMAPARI,Amapá,0.856111111,-51.89,BR,heliport,Brasil,ANAC_helipontos
SJUG,SJUG,SPEL Embalagens,ATIBAIA,São Paulo,-23.059722,-46.652778,BR,heliport,Brasil,ANAC_helipontos
SJUJ,SJUJ,Fazenda Juruna,PEIXOTO DE AZEVEDO,MT,-10.407778,-53.514167,BR,private_aerodrome,Brasil,ANAC_privados
SJUK,SJUK,JEQUITIBÁ,RIO DE JANEIRO,Rio de Janeiro,-22.968333,-43.293056,BR,heliport,Brasil,ANAC_helipontos
SJUL,SJUL,Fazenda Rio Pardo,IARAS,SP,-22.87,-49.035833,BR,private_aerodrome,Brasil,ANAC_privados
SJUM,SJUM,Maximus,ITUPORANGA,Santa Catarina,-27.414444,-49.601667,BR,heliport,Brasil,ANAC_helipontos
SJUN,SJUN,São Fernando Golf Club,COTIA,São Paulo,-23.572222,-46.878056,BR,heliport,Brasil,ANAC_helipontos
SJUO,SJUO,Fazenda Juscelândia,JUSSARA,GO,-15.294167,-51.284722,BR,private_aerodrome,Brasil,ANAC_privados
SJUP,SJUP,Posthaus,BLUMENAU,Santa Catarina,-26.880556,-49.139167,BR,heliport,Brasil,ANAC_helipontos
SJUQ,SJUQ,Fazenda São Clemente,SÃO JOSÉ DOS CAMPOS,SP,-23.119444,-45.851667,BR,private_aerodrome,Brasil,ANAC_privados
SJUR,SJUR,Fazenda Reunidas,PARANATINGA,MT,-13.468056,-54.097222,BR,private_aerodrome,Brasil,ANAC_privados
SJUT,SJUT,Cimento Rio Branco,RIO BRANCO DO SUL,Paraná,-25.195556,-49.319167,BR,heliport,Brasil,ANAC_helipontos
SJUV,SJUV,Fazenda Vitória,NOVA UBIRATÃ,MT,-12.978056,-55.118889,BR,private_aerodrome,Brasil,ANAC_privados
SJUW,SJUW,CPFL Sede,CAMPINAS,São Paulo,-22.857778,-47.045,BR,heliport,Brasil,ANAC_helipontos
SJUX,SJUX,MBP - Metalúrgica Barra do Piraí,BARRA DO PIRAÍ,Rio de Janeiro,-22.476111,-43.851667,BR,heliport,Brasil,ANAC_helipontos
SJUY,SJUY,Sinal Empreendimentos,RIO DAS OSTRAS,Rio de Janeiro,-22.488611,-41.935278,BR,heliport,Brasil,ANAC_helipontos
SJUZ,SJUZ,Santo Aleixo,MORUNGABA,São Paulo,-22.920833,-46.791667,BR,heliport,Brasil,ANAC_helipontos
SJV1,SJV1,FAZENDA VALE VERDE I,UNAÍ,MG,-16.541944,-47.108611,BR,private_aerodrome,Brasil,ANAC_privados
SJV2,SJV2,FAZENDA RECANTO DO LAGO,JUSSARA,GO,-15.193333,-51.580833,BR,private_aerodrome,Brasil,ANAC_privados
SJV3,SJV3,Fazenda Princezinha,BONITO,MS,-21.098889,-56.8425,BR,private_aerodrome,Brasil,ANAC_privados
SJV4,SJV4,Sítio Ambrozina,BOA VISTA,RR,3.03,-60.826667,BR,private_aerodrome,Brasil,ANAC_privados
SJV6,SJV6,Aldeia,BORBA,AM,-6.4669444,-59.79,BR,private_aerodrome,Brasil,ANAC_privados
SJV7,SJV7,CONDOMÍNIO PÔR DO SOL,CLÁUDIA,MT,-11.400833,-55.386111,BR,private_aerodrome,Brasil,ANAC_privados
SJV8,SJV8,Hangar Du Fanta,CANTÁ,RR,2.78361111,-60.5925,BR,private_aerodrome,Brasil,ANAC_privados
SJV9,SJV9,GERALDO ALONSO FILHO,BARRA,BA,-11.19,-43.205556,BR,private_aerodrome,Brasil,ANAC_privados
SJVA,SJVA,Fazenda Varnier,BRASNORTE,MT,-12.968889,-57.401111,BR,private_aerodrome,Brasil,ANAC_privados
SJVB,SJVB,Bugio,PEDRINHAS PAULISTA,SP,-22.848611,-50.731667,BR,private_aerodrome,Brasil,ANAC_privados
SJVC,SJVC,Vivicon,SÃO PAULO,São Paulo,-23.513056,-46.667222,BR,heliport,Brasil,ANAC_helipontos
SJVD,SJVD,NRE Paranatinga,PARANATINGA,MT,-14.2225,-53.46,BR,private_aerodrome,Brasil,ANAC_privados
SJVE,SJVE,VR Campos do Jordão,CAMPOS DO JORDÃO,São Paulo,-22.743333,-45.544167,BR,heliport,Brasil,ANAC_helipontos
SJVF,SJVF,Fazenda Várzea Funda,CÁCERES,MT,-16.589722,-57.7275,BR,private_aerodrome,Brasil,ANAC_privados
SJVG,SJVG,Fazenda Gameleira,VILA BELA DA SANTÍSSIMA TRINDADE,MT,-14.708333,-59.8875,BR,private_aerodrome,Brasil,ANAC_privados
SJVI,SJVI,Fazenda Carmen,CORUMBÁ,MS,-18.445278,-56.329444,BR,private_aerodrome,Brasil,ANAC_privados
SJVJ,SJVJ,VCP Jacareí,JACAREÍ,São Paulo,-23.374444,-46.0225,BR,heliport,Brasil,ANAC_helipontos
SJVK,SJVK,Pian,SÃO LOURENÇO DO SUL,RS,-31.08,-51.895556,BR,private_aerodrome,Brasil,ANAC_privados
SJVL,SJVL,Vale Europeu,GUARAMIRIM,SC,-26.422778,-48.876389,BR,private_aerodrome,Brasil,ANAC_privados
SJVM,SJVM,Estância Califórnia,ALTA FLORESTA,MT,-9.8919444,-56.129444,BR,private_aerodrome,Brasil,ANAC_privados
SJVN,SJVN,Fazenda Pindorama,CAMPO NOVO DO PARECIS,MT,-13.685833,-57.801667,BR,private_aerodrome,Brasil,ANAC_privados
SJVP,SJVP,Vila Pitinga,PRESIDENTE FIGUEIREDO,AM,-0.79916667,-60.083889,BR,private_aerodrome,Brasil,ANAC_privados
SJVQ,SJVQ,Fazenda Rio Verde,LORETO,MA,-7.4958333,-45.500833,BR,private_aerodrome,Brasil,ANAC_privados
SJVR,SJVR,Fazenda São Joaquim,JARDIM,MS,-21.4875,-56.486389,BR,private_aerodrome,Brasil,ANAC_privados
SJVS,SJVS,Fazenda Boa Vista,SANTA FÉ,PR,-23.079167,-51.779167,BR,private_aerodrome,Brasil,ANAC_privados
SJVT,SJVT,Alto do Rio Verde Trancoso,PORTO SEGURO,Bahia,-16.6,-39.096944,BR,heliport,Brasil,ANAC_helipontos
SJVV,SJVV,Fazenda Viviane,DUERÉ,TO,-11.411944,-49.385833,BR,private_aerodrome,Brasil,ANAC_privados
SJVW,SJVW,Fazenda Santa Isabel,LUÍS EDUARDO MAGALHÃES,BA,-11.954444,-45.723056,BR,private_aerodrome,Brasil,ANAC_privados
SJVX,SJVX,Pagrisa,ULIANÓPOLIS,PA,-3.7027778,-47.761111,BR,private_aerodrome,Brasil,ANAC_privados
SJVY,SJVY,Fazenda Vitória,ITARUMÃ,GO,-18.755,-51.477222,BR,private_aerodrome,Brasil,ANAC_privados
SJVZ,SJVZ,Represa Fazenda Capão da Cruz,GUATAPARÁ,SP,-21.430556,-47.901667,BR,private_aerodrome,Brasil,ANAC_privados
SJW1,SJW1,Fazenda Arapuã,BALSAS,MA,-8.1330556,-46.144167,BR,private_aerodrome,Brasil,ANAC_privados
SJW2,SJW2,Fazenda Nova Estrela,ANTÔNIO JOÃO,MS,-22.1475,-55.753056,BR,private_aerodrome,Brasil,ANAC_privados
SJW3,SJW3,FAZENDA SÃO FRANCISCO,FELIZ NATAL,MT,-11.92,-54.128056,BR,private_aerodrome,Brasil,ANAC_privados
SJW4,SJW4,KB,SANTO ANTÔNIO DE JESUS,Bahia,-12.949444,-39.256667,BR,heliport,Brasil,ANAC_helipontos
SJW6,SJW6,Fazenda Jatobá,SÃO FÉLIX DO XINGU,PA,-7.0958333,-52.468889,BR,private_aerodrome,Brasil,ANAC_privados
SJW7,SJW7,Guadalupe Brasil,SIRINHAÉM,Pernambuco,-8.6836111,-35.089167,BR,heliport,Brasil,ANAC_helipontos
SJW8,SJW8,PLENOVALE,TUNAS DO PARANÁ,Paraná,-24.980556,-49.096389,BR,heliport,Brasil,ANAC_helipontos
SJW9,SJW9,Fazenda São Pedro,NOVO PROGRESSO,PA,-9.4605556,-54.7575,BR,private_aerodrome,Brasil,ANAC_privados
SJWA,SJWA,Aerovaço,BOM JESUS DO GALHO,MG,-19.588056,-42.458611,BR,private_aerodrome,Brasil,ANAC_privados
SJWB,SJWB,Fazenda Bartira,RANCHARIA,SP,-22.164722,-50.965,BR,private_aerodrome,Brasil,ANAC_privados
SJWC,SJWC,Cometa Vila Maria,SÃO PAULO,São Paulo,-23.517222,-46.579167,BR,heliport,Brasil,ANAC_helipontos
SJWD,SJWD,RDP,MANGARATIBA,Rio de Janeiro,-22.993611,-44.093889,BR,heliport,Brasil,ANAC_helipontos
SJWE,SJWE,Fazenda Santa Delfina,MIRANDA,MS,-20.040278,-56.31,BR,private_aerodrome,Brasil,ANAC_privados
SJWF,SJWF,Mima,SÃO JOÃO DA BARRA,Rio de Janeiro,-21.6475,-41.024167,BR,heliport,Brasil,ANAC_helipontos
SJWG,SJWG,Itagro,ALEGRETE,RS,-29.78,-55.696667,BR,private_aerodrome,Brasil,ANAC_privados
SJWH,SJWH,Hospital Regional Norte,SOBRAL,Ceará,-3.6769444,-40.369444,BR,heliport,Brasil,ANAC_helipontos
SJWI,SJWI,Fazenda Flor,CAMPO GRANDE,MS,-21.500833,-53.755278,BR,private_aerodrome,Brasil,ANAC_privados
SJWJ,SJWJ,HPE,SÃO PAULO,São Paulo,-23.67,-46.703056,BR,heliport,Brasil,ANAC_helipontos
SJWK,SJWK,FIEC,FORTALEZA,Ceará,-3.7408333,-38.509167,BR,heliport,Brasil,ANAC_helipontos
SJWL,SJWL,Doutor Mauro de Souza Castro,CAMPO LARGO,PR,-25.417222,-49.515278,BR,private_aerodrome,Brasil,ANAC_privados
SJWM,SJWM,Pátio das Américas,SÃO JOSÉ DOS CAMPOS,São Paulo,-23.213889,-45.908889,BR,heliport,Brasil,ANAC_helipontos
SJWN,SJWN,Unimed - Nordeste,CAXIAS DO SUL,Rio Grande do Sul,-29.164722,-51.200833,BR,heliport,Brasil,ANAC_helipontos
SJWO,SJWO,Joule Agropecuária,COCALINHO,MT,-13.674444,-51.115556,BR,private_aerodrome,Brasil,ANAC_privados
SJWP,SJWP,Warpol,SÃO DESIDÉRIO,BA,-12.620833,-45.926944,BR,private_aerodrome,Brasil,ANAC_privados
SJWQ,SJWQ,Aeroclube de Birigui - CMTE Munir Djabak,BIRIGUI,SP,-21.216667,-50.305833,BR,private_aerodrome,Brasil,ANAC_privados
SJWR,SJWR,Heligalo,ANGRA DOS REIS,Rio de Janeiro,-23.034167,-44.201944,BR,heliport,Brasil,ANAC_helipontos
SJWS,SJWS,Praia de Olaria,SÃO SEBASTIÃO,São Paulo,-23.766667,-45.405278,BR,heliport,Brasil,ANAC_helipontos
SJWT,SJWT,Fazenda Tucumã,CORRENTINA,BA,-13.6325,-45.799167,BR,private_aerodrome,Brasil,ANAC_privados
SJWV,SJWV,Fazenda São Judas,SÃO MIGUEL DO ARAGUAIA,GO,-13.378056,-50.424444,BR,private_aerodrome,Brasil,ANAC_privados
SJWW,SJWW,Fazenda Cachoeira Preta,ÁGUA CLARA,MS,-20.021667,-53.216667,BR,private_aerodrome,Brasil,ANAC_privados
SJWX,SJWX,Rio Alegre,EUCLIDES DA CUNHA PAULISTA,SP,-22.572778,-52.515556,BR,private_aerodrome,Brasil,ANAC_privados
SJWZ,SJWZ,E-Tower,SÃO PAULO,São Paulo,-23.593889,-46.690278,BR,heliport,Brasil,ANAC_helipontos
SJX2,SJX2,FAZENDA TAIUVA,SÃO FÉLIX DO ARAGUAIA,MT,-11.560556,-52.021389,BR,private_aerodrome,Brasil,ANAC_privados
SJX3,SJX3,RIALMA EÓLICA,LAGOA NOVA,Rio Grande do Norte,-6.0838889,-36.498889,BR,heliport,Brasil,ANAC_helipontos
SJX4,SJX4,Valle da Serra,BETIM,Minas Gerais,-19.941944,-44.295,BR,heliport,Brasil,ANAC_helipontos
SJX6,SJX6,Fazenda Guanabara,MIMOSO DE GOIÁS,GO,-14.955556,-48.295278,BR,private_aerodrome,Brasil,ANAC_privados
SJX7,SJX7,Fazenda Ouro Preto,CUMARU DO NORTE,PA,-7.89,-50.702778,BR,private_aerodrome,Brasil,ANAC_privados
SJX8,SJX8,CHÁCARA ARAGUAIA,XINGUARA,PA,-6.8822222,-49.157222,BR,private_aerodrome,Brasil,ANAC_privados
SJX9,SJX9,FAZENDA MILLIATI,PORTO VELHO,RO,-9.1247222,-63.932222,BR,private_aerodrome,Brasil,ANAC_privados
SJXA,SJXA,Clube de Aviação de Itaúna,ITAÚNA,MG,-20.074444,-44.654167,BR,private_aerodrome,Brasil,ANAC_privados
SJXB,SJXB,Fazenda Rancho Regina,BONITO,MS,-21.096667,-56.564722,BR,private_aerodrome,Brasil,ANAC_privados
SJXC,SJXC,Usina Santa Cruz,SANTA CRUZ CABRÁLIA,BA,-16.184722,-39.357778,BR,private_aerodrome,Brasil,ANAC_privados
SJXD,SJXD,Escarpas,CAPITÓLIO,Minas Gerais,-20.64,-46.005,BR,heliport,Brasil,ANAC_helipontos
SJXE,SJXE,Deputado Moraes Souza,BURITI DOS LOPES,PI,-3.1544444,-41.868056,BR,private_aerodrome,Brasil,ANAC_privados
SJXF,SJXF,Fazenda Coqueiros,FLORESTAL,Minas Gerais,-19.843611,-44.417222,BR,heliport,Brasil,ANAC_helipontos
SJXG,SJXG,Fazenda Agrovás,SÃO FÉLIX DO ARAGUAIA,MT,-11.512778,-52.411389,BR,private_aerodrome,Brasil,ANAC_privados
SJXH,SJXH,Grupo Petrópolis Itapissuma,ITAPISSUMA,Pernambuco,-7.7913889,-34.925,BR,heliport,Brasil,ANAC_helipontos
SJXJ,SJXJ,Alimentos Dallas,NOVA ALVORADA DO SUL,MS,-21.453889,-54.390556,BR,private_aerodrome,Brasil,ANAC_privados
SJXK,SJXK,Eldorado,SÃO PAULO,São Paulo,-23.573056,-46.6975,BR,heliport,Brasil,ANAC_helipontos
SJXM,SJXM,Carolina de Assis Repetto,LIMA DUARTE,MG,-21.730278,-43.892222,BR,private_aerodrome,Brasil,ANAC_privados
SJXO,SJXO,Grupo DH,JABORANDI,BA,-14.295556,-45.553611,BR,private_aerodrome,Brasil,ANAC_privados
SJXP,SJXP,Alice Maria Sampaio Ferreira,SÃO PAULO,São Paulo,-23.611111,-46.694167,BR,heliport,Brasil,ANAC_helipontos
SJXQ,SJXQ,Cargo Park,RIO DE JANEIRO,Rio de Janeiro,-22.815278,-43.283611,BR,heliport,Brasil,ANAC_helipontos
SJXR,SJXR,B. Cao Viño,PRAIA GRANDE,São Paulo,-24.01,-46.4175,BR,heliport,Brasil,ANAC_helipontos
SJXT,SJXT,Iguassú,ANGRA DOS REIS,Rio de Janeiro,-23.121111,-44.192778,BR,heliport,Brasil,ANAC_helipontos
SJXU,SJXU,Fazenda Coperbrás,BRASÍLIA,DF,-15.750833,-47.542778,BR,private_aerodrome,Brasil,ANAC_privados
SJXV,SJXV,Fazenda Bela Vista,AMAMBAI,MS,-22.931111,-55.054444,BR,private_aerodrome,Brasil,ANAC_privados
SJXW,SJXW,Fazenda Pacu,INHAÚMA,Minas Gerais,-19.439722,-44.474722,BR,heliport,Brasil,ANAC_helipontos
SJXX,SJXX,Recreio,PONTA PORÃ,MS,-22.676111,-55.543611,BR,private_aerodrome,Brasil,ANAC_privados
SJXY,SJXY,Pirata's Mall,ANGRA DOS REIS,Rio de Janeiro,-23.003889,-44.301667,BR,heliport,Brasil,ANAC_helipontos
SJXZ,SJXZ,Antônio Covre,ITABELA,BA,-16.734167,-39.429722,BR,private_aerodrome,Brasil,ANAC_privados
SJY2,SJY2,FAZENDA AGUÃO,UNIÃO DO SUL,MT,-11.503889,-54.2025,BR,private_aerodrome,Brasil,ANAC_privados
SJY3,SJY3,FAZENDA VACA PRETA,SÃO DOMINGOS,GO,-13.427778,-46.580278,BR,private_aerodrome,Brasil,ANAC_privados
SJY4,SJY4,FAZENDA VEREDA GRANDE,PRESIDENTE OLEGÁRIO,MG,-18.220556,-46.4975,BR,private_aerodrome,Brasil,ANAC_privados
SJY6,SJY6,FAZENDA SANTA MARIA,BARRA DO GARÇAS,MT,-15.361111,-53.049722,BR,private_aerodrome,Brasil,ANAC_privados
SJY7,SJY7,Fazenda Aurora,SÃO DESIDÉRIO,BA,-13.32,-45.976944,BR,private_aerodrome,Brasil,ANAC_privados
SJY8,SJY8,Risicola VR,SANTA ISABEL DO IVAÍ,PR,-23.183889,-53.215556,BR,private_aerodrome,Brasil,ANAC_privados
SJY9,SJY9,Fazenda Pajau,SAPEZAL,MT,-13.567222,-58.465833,BR,private_aerodrome,Brasil,ANAC_privados
SJYA,SJYA,BCW,PENHA,Santa Catarina,-26.799444,-48.612778,BR,heliport,Brasil,ANAC_helipontos
SJYB,SJYB,Thabor,CAIEIRAS,São Paulo,-23.410833,-46.67,BR,heliport,Brasil,ANAC_helipontos
SJYC,SJYC,Fazenda Yvy-Pita,JUTI,MS,-22.891944,-54.664722,BR,private_aerodrome,Brasil,ANAC_privados
SJYD,SJYD,Fazenda Kajussol,SANTA LUZIA D'OESTE,RO,-11.958611,-61.685556,BR,private_aerodrome,Brasil,ANAC_privados
SJYE,SJYE,Água Fria,UIRAMUTÃ,RR,4.62055556,-60.277222,BR,private_aerodrome,Brasil,ANAC_privados
SJYF,SJYF,Ajarani,CARACARAÍ,RR,2.00777778,-61.475833,BR,private_aerodrome,Brasil,ANAC_privados
SJYG,SJYG,Alto Mucajaí,ALTO ALEGRE,RR,2.765,-62.221389,BR,private_aerodrome,Brasil,ANAC_privados
SJYH,SJYH,Fazenda Cachoeira Alta,SANTANA DO ARAGUAIA,PA,-8.7805556,-50.968889,BR,private_aerodrome,Brasil,ANAC_privados
SJYI,SJYI,Arai,PACARAIMA,RR,4.44388889,-60.847222,BR,private_aerodrome,Brasil,ANAC_privados
SJYJ,SJYJ,Aratha-ú,ALTO ALEGRE,RR,3.16083333,-63.781389,BR,private_aerodrome,Brasil,ANAC_privados
SJYK,SJYK,Baixo Catrimani,CARACARAÍ,RR,1.07111111,-62.218056,BR,private_aerodrome,Brasil,ANAC_privados
SJYL,SJYL,Baixo Mucajaí,ALTO ALEGRE,RR,2.73694444,-62.019444,BR,private_aerodrome,Brasil,ANAC_privados
SJYM,SJYM,Bala,PACARAIMA,RR,3.83722222,-60.603333,BR,private_aerodrome,Brasil,ANAC_privados
SJYO,SJYO,Bananal,UIRAMUTÃ,RR,4.63277778,-60.585556,BR,private_aerodrome,Brasil,ANAC_privados
SJYP,SJYP,Bananeira,UIRAMUTÃ,RR,4.32111111,-60.193889,BR,private_aerodrome,Brasil,ANAC_privados
SJYR,SJYR,Cajú,UIRAMUTÃ,RR,4.70583333,-60.515278,BR,private_aerodrome,Brasil,ANAC_privados
SJYS,SJYS,Camará,NORMANDIA,RR,3.99083333,-60.181667,BR,private_aerodrome,Brasil,ANAC_privados
SJYT,SJYT,Campo Formoso,PACARAIMA,RR,4.72,-60.769722,BR,private_aerodrome,Brasil,ANAC_privados
SJYU,SJYU,Campo Grande,PACARAIMA,RR,4.68555556,-60.802778,BR,private_aerodrome,Brasil,ANAC_privados
SJYV,SJYV,Cauê-Apiaí,APIAÍ,São Paulo,-24.517222,-48.85,BR,heliport,Brasil,ANAC_helipontos
SJYW,SJYW,Fazenda Santa Terezinha,SANTA TEREZINHA,MT,-10.319167,-50.949444,BR,private_aerodrome,Brasil,ANAC_privados
SJYX,SJYX,Foz do Chopim,CRUZEIRO DO IGUAÇU,Paraná,-25.571944,-53.123056,BR,heliport,Brasil,ANAC_helipontos
SJYY,SJYY,Fazenda Jequitiba,PORTO FELIZ,São Paulo,-23.253611,-47.606111,BR,heliport,Brasil,ANAC_helipontos
SJYZ,SJYZ,Fazenda Gaúcha,CAMPO NOVO DO PARECIS,MT,-13.723056,-57.620556,BR,private_aerodrome,Brasil,ANAC_privados
SJZ2,SJZ2,FAZENDA VALE DO PARAÍSO,BANNACH,PA,-7.7097222,-50.656667,BR,private_aerodrome,Brasil,ANAC_privados
SJZ3,SJZ3,Solidão,MOSTARDAS,RS,-30.6925,-50.557222,BR,private_aerodrome,Brasil,ANAC_privados
SJZ4,SJZ4,Fazenda Baru,PADRE BERNARDO,GO,-15.270556,-48.403056,BR,private_aerodrome,Brasil,ANAC_privados
SJZ5,SJZ5,Autazes,AUTAZES,AM,-3.5983333,-59.126111,BR,private_aerodrome,Brasil,ANAC_privados
SJZ6,SJZ6,Gavazzoni,BARREIRAS,BA,-12.2525,-45.163611,BR,private_aerodrome,Brasil,ANAC_privados
SJZ8,SJZ8,Bentevi,BALSAS,MA,-7.6011111,-45.970556,BR,private_aerodrome,Brasil,ANAC_privados
SJZ9,SJZ9,Fazenda Sete,AQUIDAUANA,MS,-19.791389,-56.476111,BR,private_aerodrome,Brasil,ANAC_privados
SJZC,SJZC,Destilaria São Luiz,MARAIAL,PE,-8.7788889,-35.785,BR,private_aerodrome,Brasil,ANAC_privados
SJZD,SJZD,Fazenda Bandeiras,CORUMBÁ,MS,-17.86,-56.706389,BR,private_aerodrome,Brasil,ANAC_privados
SJZE,SJZE,Fazenda Tapiraguaia,SANTA TEREZINHA,MT,-10.541944,-50.564444,BR,private_aerodrome,Brasil,ANAC_privados
SJZF,SJZF,Fazenda Campo Triste,TRÊS LAGOAS,MS,-20.625,-52.038889,BR,private_aerodrome,Brasil,ANAC_privados
SJZG,SJZG,Fazenda São Geraldo,CASEARA,TO,-9.5736111,-49.718333,BR,private_aerodrome,Brasil,ANAC_privados
SJZH,SJZH,Fazenda Rio do Fogo,NOVA SANTA HELENA,MT,-10.886944,-55.000833,BR,private_aerodrome,Brasil,ANAC_privados
SJZI,SJZI,Monte Carmelo,SANTOS,São Paulo,-23.958056,-46.330556,BR,heliport,Brasil,ANAC_helipontos
SJZJ,SJZJ,Villa Dória,CAMPOS DO JORDÃO,São Paulo,-22.698056,-45.529722,BR,heliport,Brasil,ANAC_helipontos
SJZK,SJZK,Projac,RIO DE JANEIRO,Rio de Janeiro,-22.960278,-43.405833,BR,heliport,Brasil,ANAC_helipontos
SJZL,SJZL,Fazenda Vaca Mocha,CARACOL,MS,-22.221667,-57.158056,BR,private_aerodrome,Brasil,ANAC_privados
SJZM,SJZM,Fazenda Santa Clara,RIO VERDE DE MATO GROSSO,MS,-18.938333,-55.201667,BR,private_aerodrome,Brasil,ANAC_privados
SJZN,SJZN,Fazenda Cima,SAPEZAL,MT,-12.990556,-58.609167,BR,private_aerodrome,Brasil,ANAC_privados
SJZO,SJZO,Zi Viol,CAMPO GRANDE,MS,-20.971667,-54.070556,BR,private_aerodrome,Brasil,ANAC_privados
SJZP,SJZP,Mathovi,NOVO MUNDO,MT,-9.8383333,-55.465833,BR,private_aerodrome,Brasil,ANAC_privados
SJZQ,SJZQ,Fazenda Bom Retiro,ITAQUI,RS,-29.308056,-56.192778,BR,private_aerodrome,Brasil,ANAC_privados
SJZR,SJZR,Fazenda Rodeio,SÃO MIGUEL DO GUAPORÉ,RO,-12.128889,-63.008889,BR,private_aerodrome,Brasil,ANAC_privados
SJZS,SJZS,Fazenda Canel,URUÇUÍ,PI,-7.5344444,-44.820556,BR,private_aerodrome,Brasil,ANAC_privados
SJZT,SJZT,Busato II,SERRA DO RAMALHO,BA,-13.238611,-43.736111,BR,private_aerodrome,Brasil,ANAC_privados
SJZU,SJZU,Seculum,SÃO PAULO,São Paulo,-23.583611,-46.683889,BR,heliport,Brasil,ANAC_helipontos
SJZV,SJZV,Terras de São José,ITU,São Paulo,-23.298889,-47.295556,BR,heliport,Brasil,ANAC_helipontos
SJZW,SJZW,Fazenda Regina,ITATINGA,SP,-23.286667,-48.738056,BR,private_aerodrome,Brasil,ANAC_privados
SJZX,SJZX,Abreu Rocha,PRAIA GRANDE,São Paulo,-24.006944,-46.414722,BR,heliport,Brasil,ANAC_helipontos
SJZY,SJZY,Centro Administrativo Rio Negro,BARUERI,São Paulo,-23.500278,-46.848611,BR,heliport,Brasil,ANAC_helipontos
SJZZ,SJZZ,AGROPECUÁRIA ZÉ REIS,PALMEIRÓPOLIS,TO,-13.018611,-48.415833,BR,private_aerodrome,Brasil,ANAC_privados
SN02,SN02,Santa Colomba Agropecuária 2,COCOS,BA,-14.737222,-45.486944,BR,private_aerodrome,Brasil,ANAC_privados
SN0A,SN0A,Fazenda Santa Helena,LUÍS EDUARDO MAGALHÃES,BA,-12.120278,-46.313611,BR,private_aerodrome,Brasil,ANAC_privados
SN10,SN10,FAZENDA SOL NASCENTE,FELIZ NATAL,MT,-12.238056,-54.731389,BR,private_aerodrome,Brasil,ANAC_privados
SN17,SN17,Condomínio Reserva 1727,PIRENÓPOLIS,Goiás,-15.873611,-49.002778,BR,heliport,Brasil,ANAC_helipontos
SN19,SN19,Patrimonium Contabilidade,LAGOA DA PRATA,Minas Gerais,-20.018611,-45.553056,BR,heliport,Brasil,ANAC_helipontos
SN1A,SN1A,ECJBSA,ITATIAIUÇU,Minas Gerais,-20.158889,-44.388056,BR,heliport,Brasil,ANAC_helipontos
SN1B,SN1B,Fazenda Brejo Seco,BAIXA GRANDE DO RIBEIRO,PI,-8.5958333,-45.205833,BR,private_aerodrome,Brasil,ANAC_privados
SN1C,SN1C,Fazenda Colina,MARINÓPOLIS,SP,-20.490556,-50.826111,BR,private_aerodrome,Brasil,ANAC_privados
SN1F,SN1F,Fazenda Barreiro Holding Formoso,PARAÚNA,GO,-17.007778,-50.430278,BR,private_aerodrome,Brasil,ANAC_privados
SN1L,SN1L,Domoluz,BOM JESUS DOS PERDÕES,São Paulo,-23.210278,-46.499722,BR,heliport,Brasil,ANAC_helipontos
SN1R,SN1R,Fazenda São Roque,BRASNORTE,MT,-12.759444,-58.223056,BR,private_aerodrome,Brasil,ANAC_privados
SN1S,SN1S,Fazenda Simoneti,TRÊS MARIAS,MG,-18.580278,-45.156944,BR,private_aerodrome,Brasil,ANAC_privados
SN23,SN23,Fazenda Boa União,JUTI,MS,-22.785278,-54.495556,BR,private_aerodrome,Brasil,ANAC_privados
SN24,SN24,Águia Trancoso,PORTO SEGURO,Bahia,-16.574444,-39.091667,BR,heliport,Brasil,ANAC_helipontos
SN26,SN26,HELICENTRO CATARINA,JOINVILLE,Santa Catarina,-26.275,-48.906389,BR,heliport,Brasil,ANAC_helipontos
SN28,SN28,Condomínio JG,CONTAGEM,Minas Gerais,-19.854167,-44.040278,BR,heliport,Brasil,ANAC_helipontos
SN29,SN29,Alves e Moura Heliport,BEZERROS,Pernambuco,-8.1866667,-35.782222,BR,heliport,Brasil,ANAC_helipontos
SN2A,SN2A,Coppersteel,FERNANDO FALCÃO,MA,-6.2583333,-45.6525,BR,private_aerodrome,Brasil,ANAC_privados
SN2B,SN2B,Heli Brasília,BRASÍLIA,Distrito Federal,-15.838333,-47.746111,BR,heliport,Brasil,ANAC_helipontos
SN2C,SN2C,Morro do Chapéu,MORRO DO CHAPÉU,BA,-11.533611,-41.179722,BR,private_aerodrome,Brasil,ANAC_privados
SN2E,SN2E,FAZENDA RAÇA,CANABRAVA DO NORTE,MT,-11.165556,-52.037778,BR,private_aerodrome,Brasil,ANAC_privados
SN2F,SN2F,Fazenda Guará,MORADA NOVA DE MINAS,MG,-18.869722,-45.259167,BR,private_aerodrome,Brasil,ANAC_privados
SN2G,SN2G,FAZENDA NOVA GABIANO,UNAÍ,MG,-16.846389,-46.425833,BR,private_aerodrome,Brasil,ANAC_privados
SN2H,SN2H,FAZENDA SANTA RITA,ARAGUAPAZ,GO,-15.136389,-50.439444,BR,private_aerodrome,Brasil,ANAC_privados
SN2I,SN2I,Caledonia,CAMBORIÚ,Santa Catarina,-27.041389,-48.671667,BR,heliport,Brasil,ANAC_helipontos
SN2J,SN2J,MATRIPAR,JUARA,MT,-10.342222,-57.547778,BR,private_aerodrome,Brasil,ANAC_privados
SN2K,SN2K,Fazenda Oasis,NOVA ANDRADINA,MS,-21.691944,-53.313056,BR,private_aerodrome,Brasil,ANAC_privados
SN2L,SN2L,Fazenda Itapuá,ALTO PARNAÍBA,MA,-9.0616667,-46.183056,BR,private_aerodrome,Brasil,ANAC_privados
SN2M,SN2M,FAZENDA ITACOATIARA,MARA ROSA,GO,-14.099167,-49.288889,BR,private_aerodrome,Brasil,ANAC_privados
SN2N,SN2N,Fazenda Pingo D'Água,PEDRO GOMES,MS,-17.725556,-53.938333,BR,private_aerodrome,Brasil,ANAC_privados
SN2O,SN2O,Magazine Decor,SÃO JOSÉ DO CEDRO,Santa Catarina,-26.435278,-53.520556,BR,heliport,Brasil,ANAC_helipontos
SN2P,SN2P,BUSSOLARO AVIAÇÃO AGRÍCOLA,FELIZ NATAL,MT,-12.280556,-54.657222,BR,private_aerodrome,Brasil,ANAC_privados
SN2Q,SN2Q,FAZENDA INHUMAS,ALTO PARNAÍBA,MA,-8.8769444,-46.075556,BR,private_aerodrome,Brasil,ANAC_privados
SN2R,SN2R,Estância Tapajós,ITAITUBA,PA,-4.3038889,-56.074444,BR,private_aerodrome,Brasil,ANAC_privados
SN2S,SN2S,FAZENDA MIMOSO,RIBAS DO RIO PARDO,MS,-20.730556,-53.5625,BR,private_aerodrome,Brasil,ANAC_privados
SN2T,SN2T,TICOM,TIMÓTEO,Minas Gerais,-19.556667,-42.588889,BR,heliport,Brasil,ANAC_helipontos
SN2U,SN2U,Nereu Luis de Souza,PARNARAMA,MA,-5.6125,-43.521389,BR,private_aerodrome,Brasil,ANAC_privados
SN2V,SN2V,INCAPE,BENEDITO NOVO,Santa Catarina,-26.779167,-49.417778,BR,heliport,Brasil,ANAC_helipontos
SN2W,SN2W,FAZENDA TEODORO,MAUÉS,AM,-6.3841667,-58.228889,BR,private_aerodrome,Brasil,ANAC_privados
SN2X,SN2X,Fazenda Belvedere,TEJUPÁ,SP,-23.288889,-49.324444,BR,private_aerodrome,Brasil,ANAC_privados
SN2Y,SN2Y,AEROJET,CONCEIÇÃO DO ARAGUAIA,PA,-7.9433333,-49.675556,BR,private_aerodrome,Brasil,ANAC_privados
SN2Z,SN2Z,SUBPREFEITURA DE PARELHEIROS,SÃO PAULO,São Paulo,-23.816389,-46.736667,BR,heliport,Brasil,ANAC_helipontos
SN32,SN32,Fazenda Mastruz com Leite,BOM JARDIM,MA,-4.1380556,-46.776667,BR,private_aerodrome,Brasil,ANAC_privados
SN33,SN33,Estância Buriti,AUTAZES,AM,-3.5444444,-59.777222,BR,private_aerodrome,Brasil,ANAC_privados
SN36,SN36,Serra,GUARAMIRANGA,Ceará,-4.2113889,-38.944444,BR,heliport,Brasil,ANAC_helipontos
SN37,SN37,FAZENDA CONCEIÇÃO,WANDERLEY,BA,-11.449722,-43.863889,BR,private_aerodrome,Brasil,ANAC_privados
SN38,SN38,BEMAD CAXIUANÃ,MELGAÇO,PA,-1.7994444,-51.713611,BR,private_aerodrome,Brasil,ANAC_privados
SN39,SN39,Passo Fundo Agro,BARREIRAS,BA,-11.876389,-46.255278,BR,private_aerodrome,Brasil,ANAC_privados
SN3A,SN3A,Fazenda Capão,BURITIZEIRO,MG,-17.047778,-44.873889,BR,private_aerodrome,Brasil,ANAC_privados
SN3B,SN3B,FAZENDA ESTÂNCIA NOVA,RIO VERDE DE MATO GROSSO,MS,-18.601667,-55.188056,BR,private_aerodrome,Brasil,ANAC_privados
SN3C,SN3C,FAZENDA TRÊS LAGOAS,JACIARA,MT,-16.045278,-55.132222,BR,private_aerodrome,Brasil,ANAC_privados
SN3D,SN3D,Alphaville Nova Esplanada 2,VOTORANTIM,São Paulo,-23.558889,-47.473889,BR,heliport,Brasil,ANAC_helipontos
SN3E,SN3E,WR Agropasto,MANGA,MG,-14.7825,-43.954444,BR,private_aerodrome,Brasil,ANAC_privados
SN3F,SN3F,FRISONFLY II,CONDE,Paraíba,-7.295,-34.819722,BR,heliport,Brasil,ANAC_helipontos
SN3G,SN3G,Fazenda Serra do Ovo,SANTA FILOMENA,PI,-8.6991667,-45.717222,BR,private_aerodrome,Brasil,ANAC_privados
SN3H,SN3H,Fazenda São Geraldo,PARAÚNA,GO,-16.903333,-51.021667,BR,private_aerodrome,Brasil,ANAC_privados
SN3I,SN3I,BSP,LENÇÓIS PAULISTA,São Paulo,-22.545833,-48.814444,BR,heliport,Brasil,ANAC_helipontos
SN3J,SN3J,Fazenda Água Viva,MIRANDA,MS,-20.188611,-56.687778,BR,private_aerodrome,Brasil,ANAC_privados
SN3K,SN3K,João Marchesi,CAPITÓLIO,Minas Gerais,-20.638333,-46.006667,BR,heliport,Brasil,ANAC_helipontos
SN3L,SN3L,BRASIL AGRO,SÃO RAIMUNDO DAS MANGABEIRAS,MA,-6.7861111,-45.736111,BR,private_aerodrome,Brasil,ANAC_privados
SN3M,SN3M,Fazenda Pontal,BONÓPOLIS,GO,-13.617778,-50.153611,BR,private_aerodrome,Brasil,ANAC_privados
SN3N,SN3N,Gongo Soco,BARÃO DE COCAIS,Minas Gerais,-19.968056,-43.589444,BR,heliport,Brasil,ANAC_helipontos
SN3O,SN3O,De SANTANA,SANTANA,BA,-13.015833,-44.045833,BR,private_aerodrome,Brasil,ANAC_privados
SN3P,SN3P,Fazenda Pontal,JUARA,MT,-12.014722,-57.531667,BR,private_aerodrome,Brasil,ANAC_privados
SN3Q,SN3Q,Agrícola Rizzi,LAGO DA PEDRA,MA,-4.7572222,-45.351944,BR,private_aerodrome,Brasil,ANAC_privados
SN3S,SN3S,Fazenda Vargem Alegre,RIO BRILHANTE,MS,-21.833889,-54.478333,BR,private_aerodrome,Brasil,ANAC_privados
SN3T,SN3T,FAZENDA JAYMU,ALTA FLORESTA,MT,-10.303889,-56.935,BR,private_aerodrome,Brasil,ANAC_privados
SN3U,SN3U,Souto Soares,SOUTO SOARES,BA,-12.097222,-41.640556,BR,private_aerodrome,Brasil,ANAC_privados
SN3V,SN3V,NAVEPARK,NAVEGANTES,Santa Catarina,-26.836111,-48.711944,BR,heliport,Brasil,ANAC_helipontos
SN3Z,SN3Z,FAZENDA SANTA MARIA,AQUIDAUANA,MS,-19.381944,-56.235556,BR,private_aerodrome,Brasil,ANAC_privados
SN43,SN43,EVANDRO MOREIRA,PARAGOMINAS,PA,-3.0913889,-47.42,BR,private_aerodrome,Brasil,ANAC_privados
SN44,SN44,Fazenda Córrego Fundo,NOVA ANDRADINA,MS,-21.699722,-53.439444,BR,private_aerodrome,Brasil,ANAC_privados
SN46,SN46,NELSON BRAIDO,NOVA LACERDA,MT,-14.217778,-60.001389,BR,private_aerodrome,Brasil,ANAC_privados
SN47,SN47,FASAM,GOIÂNIA,Goiás,-16.721667,-49.236389,BR,heliport,Brasil,ANAC_helipontos
SN48,SN48,ALMARIAS,JARINU,São Paulo,-23.135278,-46.784167,BR,heliport,Brasil,ANAC_helipontos
SN49,SN49,Gama Terra,ITUVERAVA,São Paulo,-20.346111,-47.79,BR,heliport,Brasil,ANAC_helipontos
SN4A,SN4A,Fazenda Remanso do Guaporé,COMODORO,MT,-13.844444,-60.385556,BR,private_aerodrome,Brasil,ANAC_privados
SN4B,SN4B,Fazenda Cajueiro - Balsas,BALSAS,MA,-7.2383333,-45.972222,BR,private_aerodrome,Brasil,ANAC_privados
SN4C,SN4C,Fazenda Morro Vermelho,JUSCIMEIRA,MT,-15.967222,-54.531667,BR,private_aerodrome,Brasil,ANAC_privados
SN4D,SN4D,Fazenda Santo Anjo,JABORANDI,BA,-14.207778,-45.336667,BR,private_aerodrome,Brasil,ANAC_privados
SN4F,SN4F,Fazenda Nhuporã,PIMENTA BUENO,RO,-11.986944,-61.176944,BR,private_aerodrome,Brasil,ANAC_privados
SN4G,SN4G,Fazenda Córrego da Ponte,BURITIS,MG,-15.26,-46.762222,BR,private_aerodrome,Brasil,ANAC_privados
SN4H,SN4H,FAZENDA RECREIO,RIBAS DO RIO PARDO,MS,-20.236944,-53.793889,BR,private_aerodrome,Brasil,ANAC_privados
SN4I,SN4I,FAZENDA GRÃO PARÁ,SANTA MARIA DAS BARREIRAS,PA,-8.6380556,-50.694167,BR,private_aerodrome,Brasil,ANAC_privados
SN4J,SN4J,PANDEIROS,JANUÁRIA,MG,-15.593333,-44.691667,BR,private_aerodrome,Brasil,ANAC_privados
SN4K,SN4K,EDUARDO AGUIAR BORGES RIBEIRO,NOVA LACERDA,MT,-14.134167,-60.049167,BR,private_aerodrome,Brasil,ANAC_privados
SN4L,SN4L,Fazenda Santa Maria,CORNÉLIO PROCÓPIO,PR,-23.299167,-50.618056,BR,private_aerodrome,Brasil,ANAC_privados
SN4M,SN4M,FAZENDA BELA VISTA - VONTOBEL AGRÍCOLA,AFONSO CUNHA,MA,-4.1977778,-43.304167,BR,private_aerodrome,Brasil,ANAC_privados
SN4N,SN4N,Hospital Mater Dei Salvador,SALVADOR,Bahia,-13.007222,-38.493333,BR,heliport,Brasil,ANAC_helipontos
SN4O,SN4O,Fazenda Santa Rita,LASSANCE,MG,-18.014167,-44.810556,BR,private_aerodrome,Brasil,ANAC_privados
SN4P,SN4P,FAZENDA LEONEL BEDIN,IPIRANGA DO NORTE,MT,-11.919722,-56.073611,BR,private_aerodrome,Brasil,ANAC_privados
SN4Q,SN4Q,SJ Borboletas,CATANDUVA,SP,-21.153056,-49.031389,BR,private_aerodrome,Brasil,ANAC_privados
SN4R,SN4R,FAZENDA WUSTRO,FORMOSA DO RIO PRETO,BA,-10.541944,-45.596389,BR,private_aerodrome,Brasil,ANAC_privados
SN4S,SN4S,Fazenda Quatrilho,SORRISO,MT,-13.353611,-55.669444,BR,private_aerodrome,Brasil,ANAC_privados
SN4T,SN4T,FAZENDA LAGO DA PEDRA,LAGO DA PEDRA,MA,-4.7952778,-45.246389,BR,private_aerodrome,Brasil,ANAC_privados
SN4V,SN4V,Fazenda Divisa,SÃO THOMÉ DAS LETRAS,MG,-21.743889,-45.045556,BR,private_aerodrome,Brasil,ANAC_privados
SN4X,SN4X,FAZENDA JAPARANDUBA,MUQUÉM DO SÃO FRANCISCO,BA,-12.211111,-43.605556,BR,private_aerodrome,Brasil,ANAC_privados
SN4Y,SN4Y,ACELEN,SÃO FRANCISCO DO CONDE,Bahia,-12.71,-38.558333,BR,heliport,Brasil,ANAC_helipontos
SN4Z,SN4Z,FAZENDA PIRACICABA,CORUMBÁ,MS,-17.770556,-55.392778,BR,private_aerodrome,Brasil,ANAC_privados
SN5J,SN5J,Fazenda São Joaquim,NOVA CRIXÁS,GO,-13.995833,-50.531389,BR,private_aerodrome,Brasil,ANAC_privados
SN5R,SN5R,Fazenda Rincão,DOURADOS,MS,-21.995,-54.3175,BR,private_aerodrome,Brasil,ANAC_privados
SN5Z,SN5Z,FAZENDA BRANCA,TANGARÁ DA SERRA,MT,-14.575278,-58.703056,BR,private_aerodrome,Brasil,ANAC_privados
SN62,SN62,HeliXtrema,EXTREMA,Minas Gerais,-22.836389,-46.341111,BR,heliport,Brasil,ANAC_helipontos
SN63,SN63,Fazenda Campo Alegre,CORUMBÁ,MS,-18.56,-56.871944,BR,private_aerodrome,Brasil,ANAC_privados
SN64,SN64,Fazenda Lago Bonito,MUNDO NOVO,GO,-13.600833,-50.313611,BR,private_aerodrome,Brasil,ANAC_privados
SN65,SN65,Fazenda Santa Clara Castelli,ALTO PARNAÍBA,MA,-9.7361111,-46.635833,BR,private_aerodrome,Brasil,ANAC_privados
SN66,SN66,Birmann 32,SÃO PAULO,São Paulo,-23.589167,-46.6825,BR,heliport,Brasil,ANAC_helipontos
SN69,SN69,FAZENDA BRASÍLIA,RONDONÓPOLIS,MT,-16.608333,-54.913056,BR,private_aerodrome,Brasil,ANAC_privados
SN6A,SN6A,FAZENDA CAJAÍBA,COCALINHO,MT,-13.309722,-50.860556,BR,private_aerodrome,Brasil,ANAC_privados
SN6B,SN6B,FAZENDA NOVA,VILA RICA,MT,-9.85,-51.691944,BR,private_aerodrome,Brasil,ANAC_privados
SN6C,SN6C,ACR/NBF MINERAÇÃO SA,ARIQUEMES,RO,-9.785,-63.518333,BR,private_aerodrome,Brasil,ANAC_privados
SN6D,SN6D,ESTÂNCIA NOSSA SENHORA DAS GRAÇAS,VERA,MT,-12.582778,-55.559722,BR,private_aerodrome,Brasil,ANAC_privados
SN6E,SN6E,Fazenda São João,CAMPESTRE DO MARANHÃO,MA,-6.2058333,-47.195556,BR,private_aerodrome,Brasil,ANAC_privados
SN6F,SN6F,RESERVA PETRUS,INDAIATUBA,São Paulo,-23.041389,-47.211111,BR,heliport,Brasil,ANAC_helipontos
SN6G,SN6G,LR Konageski Hangar Vó Maria,DIAMANTINO,MT,-14.176111,-56.6175,BR,private_aerodrome,Brasil,ANAC_privados
SN6H,SN6H,Fazenda São Bento,ARAGUACEMA,TO,-8.9736111,-49.448889,BR,private_aerodrome,Brasil,ANAC_privados
SN6I,SN6I,Fort Aviação Agrícola,RIO VERDE,GO,-17.734722,-51.014722,BR,private_aerodrome,Brasil,ANAC_privados
SN6J,SN6J,Fazenda Chegada,NOVA MARINGÁ,MT,-12.29,-57.3225,BR,private_aerodrome,Brasil,ANAC_privados
SN6M,SN6M,FAZENDA ÁGUA DAS TRÊS MENINAS,SÃO VALÉRIO,TO,-11.565833,-48.249444,BR,private_aerodrome,Brasil,ANAC_privados
SN6N,SN6N,Centro Integrado de Ensino e Pesquisa Francisco Mangabeira - CIEPS,RIO BRANCO,Acre,-9.9725,-67.857778,BR,heliport,Brasil,ANAC_helipontos
SN6O,SN6O,Fazenda Quebracho Brasil,PORTO MURTINHO,MS,-21.848056,-57.899722,BR,private_aerodrome,Brasil,ANAC_privados
SN6Q,SN6Q,FAZENDA FEIRA NOVA,FEIRA NOVA DO MARANHÃO,MA,-6.8955556,-46.626111,BR,private_aerodrome,Brasil,ANAC_privados
SN6R,SN6R,Fazenda Jesuína,JUARA,MT,-11.133056,-57.174444,BR,private_aerodrome,Brasil,ANAC_privados
SN6S,SN6S,FAZENDA ENTRE RIOS,TABAPORÃ,MT,-11.558611,-56.238889,BR,private_aerodrome,Brasil,ANAC_privados
SN6U,SN6U,FAZENDA SANTA MARTA,XINGUARA,PA,-7.0072222,-49.966389,BR,private_aerodrome,Brasil,ANAC_privados
SN6V,SN6V,FAZENDA GRALHA AZUL,NOVA UBIRATÃ,MT,-13.754722,-54.798333,BR,private_aerodrome,Brasil,ANAC_privados
SN6W,SN6W,Juluguca,ARMAÇÃO DOS BÚZIOS,Rio de Janeiro,-22.749444,-41.958611,BR,heliport,Brasil,ANAC_helipontos
SN6Y,SN6Y,FAZENDA BERGAMASCHI AGRO,CORRENTINA,BA,-13.8,-46.101111,BR,private_aerodrome,Brasil,ANAC_privados
SN6Z,SN6Z,Fazenda Emaflor,BAIXA GRANDE DO RIBEIRO,PI,-8.7505556,-45.011389,BR,private_aerodrome,Brasil,ANAC_privados
SN72,SN72,FAZENDA RANCHARIA,AQUIDAUANA,MS,-19.913056,-56.0175,BR,private_aerodrome,Brasil,ANAC_privados
SN73,SN73,Cical Táxi Aereo e Agro Pecuaria,BOA VISTA,RR,3.04222222,-60.950833,BR,private_aerodrome,Brasil,ANAC_privados
SN74,SN74,Quinta dos Pinheiros,JARINU,São Paulo,-23.173611,-46.736667,BR,heliport,Brasil,ANAC_helipontos
SN75,SN75,FAZENDA CACHOEIRA,BARRA DO GARÇAS,MT,-15.684167,-52.561667,BR,private_aerodrome,Brasil,ANAC_privados
SN76,SN76,FAZENDA BURITI,PEIXOTO DE AZEVEDO,MT,-9.7741667,-53.3275,BR,private_aerodrome,Brasil,ANAC_privados
SN77,SN77,Fazenda Lança,RIO BRILHANTE,MS,-21.8075,-54.295,BR,private_aerodrome,Brasil,ANAC_privados
SN78,SN78,FAZENDA LETÍCIA,RIBAS DO RIO PARDO,MS,-21.551944,-53.557222,BR,private_aerodrome,Brasil,ANAC_privados
SN79,SN79,FAZENDA MATA VERDE,ITANHANGÁ,MT,-12.022222,-56.856389,BR,private_aerodrome,Brasil,ANAC_privados
SN7A,SN7A,Fazenda Nova Era,MOSSÂMEDES,Goiás,-16.082222,-50.061667,BR,heliport,Brasil,ANAC_helipontos
SN7B,SN7B,Fazenda Herança,MIRANDA,MS,-20.109167,-56.730833,BR,private_aerodrome,Brasil,ANAC_privados
SN7C,SN7C,Estância Peroba Rosa,NAVIRAÍ,MS,-23.020278,-53.819444,BR,private_aerodrome,Brasil,ANAC_privados
SN7D,SN7D,JSAQ8L25,GUARUJÁ,São Paulo,-23.9175,-46.214722,BR,heliport,Brasil,ANAC_helipontos
SN7E,SN7E,Fazenda São Jerônimo,ALTO GARÇAS,MT,-16.902222,-53.5875,BR,private_aerodrome,Brasil,ANAC_privados
SN7F,SN7F,FAZENDA TECOHÁ,QUERÊNCIA,MT,-12.543333,-52.566389,BR,private_aerodrome,Brasil,ANAC_privados
SN7G,SN7G,Fazenda Riacho Fundo,NOVA MAMORÉ,RO,-10.370556,-64.898056,BR,private_aerodrome,Brasil,ANAC_privados
SN7H,SN7H,AERO HECK,ALTAMIRA,PA,-3.1580556,-52.166111,BR,private_aerodrome,Brasil,ANAC_privados
SN7I,SN7I,Fazenda Santa Maria,BONFIM,RR,2.44833333,-60.146944,BR,private_aerodrome,Brasil,ANAC_privados
SN7J,SN7J,FAZENDA CEDRO DA MORENA,ARIPUANÃ,MT,-10.610556,-58.995,BR,private_aerodrome,Brasil,ANAC_privados
SN7K,SN7K,FAZENDA IGUAÇU,BATAYPORÃ,MS,-22.222222,-53.131389,BR,private_aerodrome,Brasil,ANAC_privados
SN7L,SN7L,ASPEN,SÃO PEDRO DA ALDEIA,Rio de Janeiro,-22.836389,-42.054444,BR,heliport,Brasil,ANAC_helipontos
SN7M,SN7M,Fazenda Arataú,NOVO REPARTIMENTO,PA,-4.1508333,-50.163889,BR,private_aerodrome,Brasil,ANAC_privados
SN7N,SN7N,Bay Park,VINHEDO,São Paulo,-23.073056,-47.004444,BR,heliport,Brasil,ANAC_helipontos
SN7O,SN7O,Fazenda Agrícola Zamo,PORTO VELHO,RO,-9.2466667,-64.468611,BR,private_aerodrome,Brasil,ANAC_privados
SN7P,SN7P,Fazenda Vale,TAPURAH,MT,-12.429444,-56.196944,BR,private_aerodrome,Brasil,ANAC_privados
SN7R,SN7R,FAZENDA MUNDO NOVO,FERNANDO FALCÃO,MA,-5.9825,-45.442222,BR,private_aerodrome,Brasil,ANAC_privados
SN7S,SN7S,Fazenda Pontal,URUÇUÍ,PI,-7.9072222,-44.881111,BR,private_aerodrome,Brasil,ANAC_privados
SN7T,SN7T,FAZENDA BELLA BAHIA,SÃO DESIDÉRIO,BA,-12.777222,-44.876944,BR,private_aerodrome,Brasil,ANAC_privados
SN7U,SN7U,Soul João,LAGOA SECA,Paraíba,-7.1772222,-35.853056,BR,heliport,Brasil,ANAC_helipontos
SN7V,SN7V,Pedreira,ITABUNA,Bahia,-14.846667,-39.283333,BR,heliport,Brasil,ANAC_helipontos
SN7W,SN7W,FAZENDA INVERNADA GRANDE,CANABRAVA DO NORTE,MT,-11.312778,-51.794444,BR,private_aerodrome,Brasil,ANAC_privados
SN7X,SN7X,FAZENDA SÃO FRANCISCO,PINTÓPOLIS,MG,-16.093889,-45.107222,BR,private_aerodrome,Brasil,ANAC_privados
SN7Y,SN7Y,Fazenda La Aurora,CAMPOS DE JÚLIO,MT,-13.038333,-59.102222,BR,private_aerodrome,Brasil,ANAC_privados
SN7Z,SN7Z,Village,NOVA LIMA,Minas Gerais,-19.987778,-43.936944,BR,heliport,Brasil,ANAC_helipontos
SN82,SN82,Pista das Missões,ITAITUBA,PA,-5.3719444,-57.135278,BR,private_aerodrome,Brasil,ANAC_privados
SN83,SN83,Caxiuanã 3,PORTEL,PA,-2.1663889,-51.723889,BR,private_aerodrome,Brasil,ANAC_privados
SN84,SN84,Fazenda Itapuã,CIDELÂNDIA,MA,-4.9430556,-47.971944,BR,private_aerodrome,Brasil,ANAC_privados
SN86,SN86,PRG 3,MATEIROS,TO,-10.535,-45.984167,BR,private_aerodrome,Brasil,ANAC_privados
SN87,SN87,Fazenda Barranco Alto,CORUMBIARA,RO,-12.986389,-61.179167,BR,private_aerodrome,Brasil,ANAC_privados
SN88,SN88,FAZENDA CORDILHEIRA,MIRANDA,MS,-19.953611,-56.885278,BR,private_aerodrome,Brasil,ANAC_privados
SN89,SN89,Fazenda São Miguel,CORUMBÁ,MS,-18.098333,-57.152778,BR,private_aerodrome,Brasil,ANAC_privados
SN8A,SN8A,Aracati,SANTARÉM,PA,-3.0233333,-55.956944,BR,private_aerodrome,Brasil,ANAC_privados
SN8B,SN8B,Quinta das Castanheiras Amparo,AMPARO,São Paulo,-22.751944,-46.762222,BR,heliport,Brasil,ANAC_helipontos
SN8C,SN8C,Fazenda Maria,CARACOL,MS,-22.095278,-57.1225,BR,private_aerodrome,Brasil,ANAC_privados
SN8D,SN8D,FAZENDA CAMPO CENTRAL,PLÁCIDO DE CASTRO,AC,-10.472778,-67.652778,BR,private_aerodrome,Brasil,ANAC_privados
SN8E,SN8E,Guarani,IEPÊ,SP,-22.643889,-51.066389,BR,private_aerodrome,Brasil,ANAC_privados
SN8F,SN8F,da Roseta,LAVRAS DO SUL,RS,-30.725278,-53.980556,BR,private_aerodrome,Brasil,ANAC_privados
SN8G,SN8G,DO CARMO,PORTO SEGURO,BA,-16.713056,-39.184444,BR,private_aerodrome,Brasil,ANAC_privados
SN8H,SN8H,Fazenda Maritaca,SANTANA DO ARAGUAIA,PA,-9.6552778,-50.900833,BR,private_aerodrome,Brasil,ANAC_privados
SN8I,SN8I,Golf Olímpico,RIO DE JANEIRO,Rio de Janeiro,-23.007778,-43.403056,BR,heliport,Brasil,ANAC_helipontos
SN8J,SN8J,PCH Rio Claro,SÃO JOSÉ DO RIO CLARO,MT,-13.789722,-56.688889,BR,private_aerodrome,Brasil,ANAC_privados
SN8K,SN8K,FAZENDA AGUA LIMPA,CAMPO NOVO DO PARECIS,MT,-13.671667,-57.900556,BR,private_aerodrome,Brasil,ANAC_privados
SN8L,SN8L,Fazenda Vale Formoso,COLÍDER,MT,-10.775278,-55.234722,BR,private_aerodrome,Brasil,ANAC_privados
SN8M,SN8M,Fazzenda Park Hotel,GASPAR,Santa Catarina,-26.981389,-48.930556,BR,heliport,Brasil,ANAC_helipontos
SN8N,SN8N,Haras Beatriz,AÇAILÂNDIA,Maranhão,-5.0088889,-47.544167,BR,heliport,Brasil,ANAC_helipontos
SN8O,SN8O,FAZENDA ALAYDE (QUINHÃO VENTANIA),AQUIDAUANA,MS,-19.411667,-56.233889,BR,private_aerodrome,Brasil,ANAC_privados
SN8P,SN8P,FAZENDA JACAMIM,NOVA MUTUM,MT,-13.666667,-56.283611,BR,private_aerodrome,Brasil,ANAC_privados
SN8Q,SN8Q,MM,PONTA GROSSA,Paraná,-25.103333,-50.180278,BR,heliport,Brasil,ANAC_helipontos
SN8R,SN8R,Sítio Santo Antonio da União,RIBEIRÃO PRETO,São Paulo,-21.306111,-47.821111,BR,heliport,Brasil,ANAC_helipontos
SN8S,SN8S,Alta Vista,SÃO DESIDÉRIO,BA,-12.706389,-45.457778,BR,private_aerodrome,Brasil,ANAC_privados
SN8T,SN8T,Angra II,ANGRA DOS REIS,Rio de Janeiro,-22.9525,-44.415,BR,heliport,Brasil,ANAC_helipontos
SN8U,SN8U,FAZENDA GABRIELA DO XINGU,SÃO FÉLIX DO ARAGUAIA,MT,-11.455556,-52.758611,BR,private_aerodrome,Brasil,ANAC_privados
SN8V,SN8V,Fazenda Tamburi,NOVA CRIXÁS,GO,-13.906111,-50.435833,BR,private_aerodrome,Brasil,ANAC_privados
SN8W,SN8W,Fazenda Saúde,ITIQUIRA,MT,-17.563056,-54.975278,BR,private_aerodrome,Brasil,ANAC_privados
SN8X,SN8X,Fazenda Santa Maria do Jacamim,CANTÁ,RR,2.61138889,-60.378333,BR,private_aerodrome,Brasil,ANAC_privados
SN8Y,SN8Y,Fazenda Santa Dulcina,TAQUARITUBA,SP,-23.5625,-49.257778,BR,private_aerodrome,Brasil,ANAC_privados
SN8Z,SN8Z,FAZENDA SAO FRANCISCO,SÃO JOSÉ DO XINGU,MT,-11.000278,-52.733056,BR,private_aerodrome,Brasil,ANAC_privados
SN92,SN92,COOPERSANTAFÉ,COCOS,BA,-14.663889,-45.376111,BR,private_aerodrome,Brasil,ANAC_privados
SN93,SN93,FAZENDA GUARAREMAS,PARAÍBA DO SUL,Rio de Janeiro,-22.321111,-43.281111,BR,heliport,Brasil,ANAC_helipontos
SN94,SN94,RANCHO CAJURU,CLÁUDIO,Minas Gerais,-20.253056,-44.770278,BR,heliport,Brasil,ANAC_helipontos
SN96,SN96,Fazenda Lavrinha,LUZIÂNIA,Goiás,-16.290833,-47.748611,BR,heliport,Brasil,ANAC_helipontos
SN97,SN97,FAZENDA SANTA RITA BOA VISTA,MIRANTE DO PARANAPANEMA,SP,-22.504722,-52.083333,BR,private_aerodrome,Brasil,ANAC_privados
SN98,SN98,Fazenda São Gabriel,PONTE ALTA DO BOM JESUS,TO,-12.211111,-46.748611,BR,private_aerodrome,Brasil,ANAC_privados
SN99,SN99,FAZENDA NEBRASKA,BALSAS,MA,-8.9272222,-46.505833,BR,private_aerodrome,Brasil,ANAC_privados
SN9A,SN9A,FAZENDA BRAHMAN,MONTE ALEGRE,PA,-1.6036111,-54.338333,BR,private_aerodrome,Brasil,ANAC_privados
SN9B,SN9B,Fazenda Esteio,GUIRATINGA,MT,-16.278333,-53.6675,BR,private_aerodrome,Brasil,ANAC_privados
SN9D,SN9D,Fazenda Medalha Milagrosa,VILA BELA DA SANTÍSSIMA TRINDADE,MT,-16.106944,-60.068333,BR,private_aerodrome,Brasil,ANAC_privados
SN9E,SN9E,FAZENDA EL SHADDAY,SÃO FÉLIX DO XINGU,PA,-9.1388889,-51.815278,BR,private_aerodrome,Brasil,ANAC_privados
SN9F,SN9F,IMBIRIBEIRA,RECIFE,Pernambuco,-8.1186111,-34.915278,BR,heliport,Brasil,ANAC_helipontos
SN9G,SN9G,FAZENDA NASCENTE,RIO VERDE DE MATO GROSSO,MS,-18.649444,-54.887222,BR,private_aerodrome,Brasil,ANAC_privados
SN9H,SN9H,Das Aroeiras,ANGRA DOS REIS,Rio de Janeiro,-22.951111,-44.397778,BR,heliport,Brasil,ANAC_helipontos
SN9I,SN9I,FAZENDA SAN JOSÉ II,BANDEIRANTES,MS,-19.9525,-53.977778,BR,private_aerodrome,Brasil,ANAC_privados
SN9J,SN9J,FAZENDA MOCAMBO,SOURE,PA,-0.29277778,-48.778056,BR,private_aerodrome,Brasil,ANAC_privados
SN9K,SN9K,FAZENDA SANTA EMÍLIA,MARCELÂNDIA,MT,-10.751944,-53.804722,BR,private_aerodrome,Brasil,ANAC_privados
SN9M,SN9M,FAZENDA CASTANHAL,RONDOLÂNDIA,MT,-10.361111,-61.077222,BR,private_aerodrome,Brasil,ANAC_privados
SN9N,SN9N,Bemad Portel,PORTEL,PA,-1.9652778,-50.810278,BR,private_aerodrome,Brasil,ANAC_privados
SN9O,SN9O,Fazenda Pataca,NOVO PROGRESSO,PA,-9.3075,-56.031667,BR,private_aerodrome,Brasil,ANAC_privados
SN9P,SN9P,FAZENDA SENHORA SANTANA,PARACATU,MG,-17.007222,-46.480833,BR,private_aerodrome,Brasil,ANAC_privados
SN9R,SN9R,FAZENDA SANTA CRUZ,ATIBAIA,São Paulo,-23.105556,-46.626667,BR,heliport,Brasil,ANAC_helipontos
SN9S,SN9S,Fazenda Rancho Fundo,NOVO PROGRESSO,PA,-9.2555556,-56.011389,BR,private_aerodrome,Brasil,ANAC_privados
SN9T,SN9T,FAZENDA CRISTALINA,NOVA MARINGÁ,MT,-12.483889,-57.198056,BR,private_aerodrome,Brasil,ANAC_privados
SN9U,SN9U,ILHA IMPÉRIO,SANTA FÉ DO SUL,São Paulo,-20.271667,-50.956111,BR,heliport,Brasil,ANAC_helipontos
SN9V,SN9V,HELIPONTO CCI FRUTAL,FRUTAL,Minas Gerais,-20.033611,-48.883611,BR,heliport,Brasil,ANAC_helipontos
SN9W,SN9W,HARAS IMPÉRIO,FERNANDÓPOLIS,São Paulo,-20.303056,-50.256944,BR,heliport,Brasil,ANAC_helipontos
SN9X,SN9X,FAZENDA LARANJAL,PLANALTO DA SERRA,MT,-14.599722,-54.915833,BR,private_aerodrome,Brasil,ANAC_privados
SN9Y,SN9Y,Faisol,BELA VISTA,MS,-22.069167,-56.703056,BR,private_aerodrome,Brasil,ANAC_privados
SN9Z,SN9Z,CRIXÁS,CRIXÁS,GO,-14.533056,-49.932778,BR,private_aerodrome,Brasil,ANAC_privados
SNA2,SNA2,Sítio AJJ,BOA VISTA,RR,2.97083333,-60.550833,BR,private_aerodrome,Brasil,ANAC_privados
SNA3,SNA3,Lago do Robertinho,BOA VISTA,RR,2.94611111,-60.911667,BR,private_aerodrome,Brasil,ANAC_privados
SNA4,SNA4,PRODUZIR AGROPECUÁRIA LTDA - FAZENDA FLORESTA,CAMPO VERDE,MT,-15.225833,-55.139167,BR,private_aerodrome,Brasil,ANAC_privados
SNA6,SNA6,Fazenda Tamag,NOVA UBIRATÃ,MT,-13.056111,-55.206111,BR,private_aerodrome,Brasil,ANAC_privados
SNA7,SNA7,GFL Agro,NOVA GUARITA,MT,-10.275833,-55.365556,BR,private_aerodrome,Brasil,ANAC_privados
SNA8,SNA8,FAZENDA TRÊS IRMÃOS I,FLORESTA DO ARAGUAIA,PA,-7.25,-49.242778,BR,private_aerodrome,Brasil,ANAC_privados
SNA9,SNA9,FAZENDA RENATA,SÃO FÉLIX DO ARAGUAIA,MT,-11.261111,-52.553056,BR,private_aerodrome,Brasil,ANAC_privados
SNAA,SNAA,Harmony,BALNEÁRIO CAMBORIÚ,Santa Catarina,-26.987222,-48.632778,BR,heliport,Brasil,ANAC_helipontos
SNAC,SNAC,Fazenda Santa Rosa,XINGUARA,PA,-7.0363889,-50.088333,BR,private_aerodrome,Brasil,ANAC_privados
SNAD,SNAD,Fazenda Águia Branca,CENTRO NOVO DO MARANHÃO,MA,-3.3266667,-46.776667,BR,private_aerodrome,Brasil,ANAC_privados
SNAF,SNAF,Fazenda Aparecida,PENÁPOLIS,SP,-21.498056,-50.100833,BR,private_aerodrome,Brasil,ANAC_privados
SNAH,SNAH,Fazenda Piloto Padrão KKS37/3,DUQUE DE CAXIAS,RJ,-22.641944,-43.373611,BR,private_aerodrome,Brasil,ANAC_privados
SNAI,SNAI,Fazenda Nossa Senhora das Graças,JATEÍ,MS,-22.740833,-53.803611,BR,private_aerodrome,Brasil,ANAC_privados
SNAJ,SNAJ,Fazenda Jaguaré,PARAGOMINAS,PA,-3.4197222,-48.330556,BR,private_aerodrome,Brasil,ANAC_privados
SNAK,SNAK,Carajás,PARAUAPEBAS,Pará,-6.0775,-50.074167,BR,heliport,Brasil,ANAC_helipontos
SNAN,SNAN,Empresa Agrícola Chiapeta,CHIAPETTA,RS,-28.066389,-53.877778,BR,private_aerodrome,Brasil,ANAC_privados
SNAO,SNAO,Trimonte,CASIMIRO DE ABREU,RJ,-22.5125,-42.051111,BR,private_aerodrome,Brasil,ANAC_privados
SNAQ,SNAQ,Elisa,JARINU,São Paulo,-23.154722,-46.780278,BR,heliport,Brasil,ANAC_helipontos
SNAT,SNAT,Nuclep,ITAGUAÍ,Rio de Janeiro,-22.883333,-43.826389,BR,heliport,Brasil,ANAC_helipontos
SNAV,SNAV,Agrovale,JUAZEIRO,BA,-9.5041667,-40.369444,BR,private_aerodrome,Brasil,ANAC_privados
SNAW,SNAW,SENAI/SESI/CNI,BRASÍLIA,Distrito Federal,-15.790556,-47.879444,BR,heliport,Brasil,ANAC_helipontos
SNAY,SNAY,Fazenda São João,PONTES E LACERDA,MT,-15.247222,-59.352222,BR,private_aerodrome,Brasil,ANAC_privados
SNAZ,SNAZ,Amazônia,BARUERI,São Paulo,-23.492778,-46.849722,BR,heliport,Brasil,ANAC_helipontos
SNB2,SNB2,Unidade ALB - URLA,UBERLÂNDIA,Minas Gerais,-18.873889,-48.205556,BR,heliport,Brasil,ANAC_helipontos
SNB3,SNB3,Fazenda Maravilha,SORRISO,MT,-12.681667,-55.676389,BR,private_aerodrome,Brasil,ANAC_privados
SNB4,SNB4,Fazenda Cantanhede,MATÕES DO NORTE,MA,-3.6766667,-44.523889,BR,private_aerodrome,Brasil,ANAC_privados
SNB5,SNB5,Pista Fazenda Abelha,CORUMBÁ,MS,-17.921389,-55.594444,BR,private_aerodrome,Brasil,ANAC_privados
SNB6,SNB6,Vera Simone,CAMARAGIBE,Pernambuco,-7.9658333,-35.007222,BR,heliport,Brasil,ANAC_helipontos
SNB7,SNB7,FAZENDA SÃO LUIZ,TUNTUM,MA,-5.6269444,-44.817222,BR,private_aerodrome,Brasil,ANAC_privados
SNB8,SNB8,Fomentas,CUIABÁ,Mato Grosso,-15.594722,-56.060556,BR,heliport,Brasil,ANAC_helipontos
SNB9,SNB9,Heliponto Casana Hotel,CRUZ,Ceará,-2.8163889,-40.397222,BR,heliport,Brasil,ANAC_helipontos
SNBB,SNBB,BMR Medical,CAMPINA GRANDE DO SUL,Paraná,-25.346944,-49.057222,BR,heliport,Brasil,ANAC_helipontos
SNBE,SNBE,Fazenda Bela Vista,NOVO HORIZONTE DO SUL,MS,-22.617222,-53.580833,BR,private_aerodrome,Brasil,ANAC_privados
SNBF,SNBF,Fazenda Vale Verde,CANARANA,MT,-13.356111,-52.749722,BR,private_aerodrome,Brasil,ANAC_privados
SNBH,SNBH,Biocor,NOVA LIMA,Minas Gerais,-19.981389,-43.944444,BR,heliport,Brasil,ANAC_helipontos
SNBJ,SNBJ,Fazenda São Gotardo,BRASNORTE,MT,-13.0125,-57.408056,BR,private_aerodrome,Brasil,ANAC_privados
SNBK,SNBK,N. S. A.,CAMPOS DO JORDÃO,São Paulo,-22.738333,-45.54,BR,heliport,Brasil,ANAC_helipontos
SNBL,SNBL,Fazenda Agropecuária Camargos,UNAÍ,MG,-16.55,-46.77,BR,private_aerodrome,Brasil,ANAC_privados
SNBN,SNBN,Balbinot,PORTEL,PA,-2.8708333,-50.487778,BR,private_aerodrome,Brasil,ANAC_privados
SNBO,SNBO,Botelho Belchior,ARATUBA,Ceará,-4.3786111,-39.034167,BR,heliport,Brasil,ANAC_helipontos
SNBP,SNBP,Praia da Costa,VILA VELHA,Espírito Santo,-20.343333,-40.289722,BR,heliport,Brasil,ANAC_helipontos
SNBQ,SNBQ,Bela Cintra,SÃO PAULO,São Paulo,-23.553889,-46.658611,BR,heliport,Brasil,ANAC_helipontos
SNBU,SNBU,Fazenda Alegria,FUNILÂNDIA,Minas Gerais,-19.359444,-44.056667,BR,heliport,Brasil,ANAC_helipontos
SNBV,SNBV,Bela Vista,SANTA CRUZ DO CAPIBARIBE,Pernambuco,-7.9483333,-36.219167,BR,heliport,Brasil,ANAC_helipontos
SNBW,SNBW,Fazenda Santa Luzia,SAPEZAL,MT,-13.731667,-58.889167,BR,private_aerodrome,Brasil,ANAC_privados
SNBY,SNBY,Torre Boulevard,BELO HORIZONTE,Minas Gerais,-19.920278,-43.920833,BR,heliport,Brasil,ANAC_helipontos
SNC1,SNC1,FAZENDA ATALAIA CANAÃ,APORÉ,GO,-18.654167,-52.374722,BR,private_aerodrome,Brasil,ANAC_privados
SNC2,SNC2,Fazenda Horizonte Norte,BRASNORTE,MT,-12.720556,-58.063611,BR,private_aerodrome,Brasil,ANAC_privados
SNC3,SNC3,FAZENDA SANTA IZABEL,SÃO FÉLIX DO ARAGUAIA,MT,-11.141667,-52.542222,BR,private_aerodrome,Brasil,ANAC_privados
SNC4,SNC4,Itapecuru Bioenergia,ALDEIAS ALTAS,MA,-4.6613889,-43.506667,BR,private_aerodrome,Brasil,ANAC_privados
SNC6,SNC6,Fazenda Brejo,GUADALUPE,PI,-6.8883333,-43.868889,BR,private_aerodrome,Brasil,ANAC_privados
SNC7,SNC7,FAZENDA FRANGE,JUSCIMEIRA,MT,-16.234722,-54.894444,BR,private_aerodrome,Brasil,ANAC_privados
SNC8,SNC8,FAZENDA PIQUIA,SANTANA DO ARAGUAIA,PA,-9.1038889,-50.5725,BR,private_aerodrome,Brasil,ANAC_privados
SNC9,SNC9,JOIA RARA,SÃO SALVADOR DO TOCANTINS,TO,-12.2775,-48.33,BR,private_aerodrome,Brasil,ANAC_privados
SNCB,SNCB,Castanhal,PRAINHA,PA,-2.5255556,-53.943889,BR,private_aerodrome,Brasil,ANAC_privados
SNCC,SNCC,Fazenda Centrino,CABIXI,RO,-13.576111,-60.802778,BR,private_aerodrome,Brasil,ANAC_privados
SNCD,SNCD,Catuama,GOIANA,Pernambuco,-7.6633333,-34.838056,BR,heliport,Brasil,ANAC_helipontos
SNCF,SNCF,Fazenda Colonial,VERDELÂNDIA,MG,-15.450556,-43.4025,BR,private_aerodrome,Brasil,ANAC_privados
SNCG,SNCG,Fazenda Cedro,CAMPO GRANDE,MS,-20.761944,-54.447778,BR,private_aerodrome,Brasil,ANAC_privados
SNCH,SNCH,UTGCA,CARAGUATATUBA,São Paulo,-23.6575,-45.498056,BR,heliport,Brasil,ANAC_helipontos
SNCI,SNCI,Cibrasa,CAPANEMA,PA,-1.2361111,-47.205278,BR,private_aerodrome,Brasil,ANAC_privados
SNCJ,SNCJ,Piquiatuba,SANTARÉM,PA,-2.5466667,-54.705,BR,private_aerodrome,Brasil,ANAC_privados
SNCK,SNCK,Porto Cajueiro,JANUÁRIA,MG,-14.884444,-45.338889,BR,private_aerodrome,Brasil,ANAC_privados
SNCL,SNCL,Lorenzo,CAIRU,BA,-13.389444,-38.91,BR,private_aerodrome,Brasil,ANAC_privados
SNCM,SNCM,FAZENDA CAMPARINO,CÁCERES,MT,-16.238333,-58.386667,BR,private_aerodrome,Brasil,ANAC_privados
SNCN,SNCN,Parque Cidade,BRASÍLIA,Distrito Federal,-15.795556,-47.893611,BR,heliport,Brasil,ANAC_helipontos
SNCO,SNCO,AGROPECUÁRIA SANTA PAOLA,TACURU,MS,-23.516944,-55.063056,BR,private_aerodrome,Brasil,ANAC_privados
SNCQ,SNCQ,Dal Molin,SANTA IZABEL DO OESTE,PR,-25.788333,-53.500556,BR,private_aerodrome,Brasil,ANAC_privados
SNCU,SNCU,Punaú Eco Brasil,RIO DO FOGO,Rio Grande do Norte,-5.3538889,-35.359167,BR,heliport,Brasil,ANAC_helipontos
SNCY,SNCY,Campo da Praia,CORURIPE,AL,-10.222778,-36.285278,BR,private_aerodrome,Brasil,ANAC_privados
SND2,SND2,FAZENDA SANTA EMÍLIA,PLANALTO DA SERRA,MT,-14.566389,-54.891389,BR,private_aerodrome,Brasil,ANAC_privados
SND3,SND3,FAZENDA VALE VERDE,NOVA BANDEIRANTES,MT,-10.256944,-58.258889,BR,private_aerodrome,Brasil,ANAC_privados
SND7,SND7,HELIPONTO DGL,SÃO ROQUE DE MINAS,Minas Gerais,-20.313611,-46.300833,BR,heliport,Brasil,ANAC_helipontos
SND8,SND8,HELIPONTO GRP,MONTES CLAROS,Minas Gerais,-16.776389,-43.892778,BR,heliport,Brasil,ANAC_helipontos
SND9,SND9,Heliponto Santa Fé,AVARÉ,São Paulo,-22.917778,-48.8825,BR,heliport,Brasil,ANAC_helipontos
SNDA,SNDA,Fazenda Vale Formoso,FIGUEIRÓPOLIS D'OESTE,MT,-15.381944,-58.649722,BR,private_aerodrome,Brasil,ANAC_privados
SNDB,SNDB,Palácio dos Leilões,JUATUBA,Minas Gerais,-19.926667,-44.388056,BR,heliport,Brasil,ANAC_helipontos
SNDD,SNDD,Condomínio Aeronáutico Santos Dumont,ELIAS FAUSTO,SP,-23.068056,-47.323889,BR,private_aerodrome,Brasil,ANAC_privados
SNDE,SNDE,BNDES,RIO DE JANEIRO,Rio de Janeiro,-22.908611,-43.18,BR,heliport,Brasil,ANAC_helipontos
SNDF,SNDF,Fecularia Lopes,ITAÚNA DO SUL,PR,-22.766667,-52.876944,BR,private_aerodrome,Brasil,ANAC_privados
SNDH,SNDH,ABA,BARREIRAS,BA,-12.162778,-45.033611,BR,private_aerodrome,Brasil,ANAC_privados
SNDI,SNDI,Fazenda Dois Irmãos,NAVIRAÍ,MS,-22.792222,-54.179444,BR,private_aerodrome,Brasil,ANAC_privados
SNDJ,SNDJ,Pousada Sucunduri,BORBA,AM,-5.5933333,-59.550556,BR,private_aerodrome,Brasil,ANAC_privados
SNDK,SNDK,C.T.O. Itaú,SÃO PAULO,São Paulo,-23.557778,-46.615556,BR,heliport,Brasil,ANAC_helipontos
SNDL,SNDL,Luciano Cavalcante,PARAIPABA,Ceará,-3.3458333,-39.126111,BR,heliport,Brasil,ANAC_helipontos
SNDM,SNDM,Karina,GUARULHOS,São Paulo,-23.44,-46.434722,BR,heliport,Brasil,ANAC_helipontos
SNDN,SNDN,Cemaden - CIGE,SALVADOR,Bahia,-12.943889,-38.425556,BR,heliport,Brasil,ANAC_helipontos
SNDO,SNDO,Lagoa Redonda,FORTALEZA,Ceará,-3.8177778,-38.460556,BR,heliport,Brasil,ANAC_helipontos
SNDP,SNDP,Derso Portilho Vieira,SÃO FÉLIX DO ARAGUAIA,MT,-11.425278,-52.218889,BR,private_aerodrome,Brasil,ANAC_privados
SNDQ,SNDQ,Fazenda Soya,SÃO DESIDÉRIO,BA,-12.921111,-45.569444,BR,private_aerodrome,Brasil,ANAC_privados
SNDR,SNDR,Domingos Rego,TIMON,MA,-5.0808333,-42.873611,BR,private_aerodrome,Brasil,ANAC_privados
SNDS,SNDS,Fazenda São Martinho,ILHA SOLTEIRA,SP,-20.357222,-51.255556,BR,private_aerodrome,Brasil,ANAC_privados
SNDU,SNDU,Ponta do Sol,CAPITÓLIO,MG,-20.638889,-45.998611,BR,private_aerodrome,Brasil,ANAC_privados
SNDX,SNDX,Cachoeira,CORURIPE,AL,-10.040556,-36.325833,BR,private_aerodrome,Brasil,ANAC_privados
SNDZ,SNDZ,NX GOLD,NOVA XAVANTINA,MT,-14.642778,-52.499444,BR,private_aerodrome,Brasil,ANAC_privados
SNE1,SNE1,Essênia 1,SÃO JOSÉ DOS CAMPOS,São Paulo,-22.902222,-45.915556,BR,heliport,Brasil,ANAC_helipontos
SNE2,SNE2,Heliponto Fazenda Santa Rosa,CAPÃO BONITO,São Paulo,-24.010833,-48.416944,BR,heliport,Brasil,ANAC_helipontos
SNE3,SNE3,FAZENDA CRISTALINO,SANTANA DO ARAGUAIA,PA,-9.0772222,-50.633056,BR,private_aerodrome,Brasil,ANAC_privados
SNE4,SNE4,Vale do Pontal Açúcar e Etanol S.A.,LIMEIRA DO OESTE,MG,-19.303056,-50.715556,BR,private_aerodrome,Brasil,ANAC_privados
SNE6,SNE6,CHATEAU JULIE 1,CAMOCIM,Ceará,-2.9013889,-40.656111,BR,heliport,Brasil,ANAC_helipontos
SNE7,SNE7,FAZENDA SOL NASCENTE,SIDROLÂNDIA,MS,-21.328056,-55.18,BR,private_aerodrome,Brasil,ANAC_privados
SNE8,SNE8,FAZENDA ESMERALDA DO NORTE,BONFIM,RR,3.23388889,-60.115556,BR,private_aerodrome,Brasil,ANAC_privados
SNE9,SNE9,FAZENDA SUCURI,CARACOL,MS,-22.195556,-57.225278,BR,private_aerodrome,Brasil,ANAC_privados
SNEA,SNEA,Estância Primavera,ALEGRETE,RS,-30.058056,-55.435556,BR,private_aerodrome,Brasil,ANAC_privados
SNEC,SNEC,Outeiro das Brisas,PORTO SEGURO,BA,-16.7125,-39.1425,BR,private_aerodrome,Brasil,ANAC_privados
SNEF,SNEF,Praia de Santa Rita,PARATY,Rio de Janeiro,-23.191667,-44.645833,BR,heliport,Brasil,ANAC_helipontos
SNEG,SNEG,Fazenda Netolândia,TANGARÁ DA SERRA,MT,-14.651111,-57.888056,BR,private_aerodrome,Brasil,ANAC_privados
SNEH,SNEH,Hospital Samaritano,RIO DE JANEIRO,Rio de Janeiro,-22.9925,-43.371111,BR,heliport,Brasil,ANAC_helipontos
SNEI,SNEI,Fazenda São Miguel,RIO PARDO,RS,-30.178333,-52.172222,BR,private_aerodrome,Brasil,ANAC_privados
SNEJ,SNEJ,J.C. Peralta,ITAITUBA,PA,-4.3244444,-56.088056,BR,private_aerodrome,Brasil,ANAC_privados
SNEK,SNEK,Fazenda Acalanto,SÃO DESIDÉRIO,BA,-12.958056,-45.971389,BR,private_aerodrome,Brasil,ANAC_privados
SNEL,SNEL,Fazenda Joá,CAARAPÓ,MS,-22.561111,-54.963889,BR,private_aerodrome,Brasil,ANAC_privados
SNEM,SNEM,Enseada,SALVADOR,Bahia,-12.795556,-38.643611,BR,heliport,Brasil,ANAC_helipontos
SNEN,SNEN,Fazenda Calubra,PASSAGEM FRANCA DO PIAUÍ,PI,-5.9725,-42.4075,BR,private_aerodrome,Brasil,ANAC_privados
SNEO,SNEO,Edifício Sequóia,RIBEIRÃO PRETO,São Paulo,-21.218889,-47.804444,BR,heliport,Brasil,ANAC_helipontos
SNEP,SNEP,Infinity,ARARANGUÁ,Santa Catarina,-28.935278,-49.481944,BR,heliport,Brasil,ANAC_helipontos
SNEQ,SNEQ,Ouro Negro,RIO DE JANEIRO,Rio de Janeiro,-22.913056,-43.223056,BR,heliport,Brasil,ANAC_helipontos
SNER,SNER,Instituto RB,RECIFE,Pernambuco,-8.0622222,-34.963889,BR,heliport,Brasil,ANAC_helipontos
SNET,SNET,Fazenda Estrela,SIDROLÂNDIA,MS,-21.273889,-55.216111,BR,private_aerodrome,Brasil,ANAC_privados
SNEV,SNEV,Vargas,BRUSQUE,Santa Catarina,-27.148889,-48.956667,BR,heliport,Brasil,ANAC_helipontos
SNEW,SNEW,Fazenda Congonhas,CARNEIRINHO,MG,-19.6625,-50.950833,BR,private_aerodrome,Brasil,ANAC_privados
SNEX,SNEX,Edifício Luxor,SOROCABA,São Paulo,-23.519444,-47.463333,BR,heliport,Brasil,ANAC_helipontos
SNEY,SNEY,Fazenda Aguapey,PORTO ESPERIDIÃO,MT,-15.7625,-58.804167,BR,private_aerodrome,Brasil,ANAC_privados
SNEZ,SNEZ,Fazenda Palmeira do Capim,NOVO BRASIL,GO,-15.959444,-50.713889,BR,private_aerodrome,Brasil,ANAC_privados
SNF2,SNF2,Engenheiro Francisco Alves,PERITORÓ,MA,-4.2955556,-44.279167,BR,private_aerodrome,Brasil,ANAC_privados
SNF3,SNF3,FAZENDA FS1,ITACAJÁ,TO,-8.7461111,-47.596944,BR,private_aerodrome,Brasil,ANAC_privados
SNF4,SNF4,Fazenda Cedro,ARAL MOREIRA,MS,-22.850278,-55.411667,BR,private_aerodrome,Brasil,ANAC_privados
SNF6,SNF6,FAZENDA KOLUENE,GAÚCHA DO NORTE,MT,-13.699167,-53.217778,BR,private_aerodrome,Brasil,ANAC_privados
SNF7,SNF7,Fazenda Independente,ÁGUA BOA,MT,-13.751389,-52.921944,BR,private_aerodrome,Brasil,ANAC_privados
SNF8,SNF8,FAZ EUROPA,VILA RICA,MT,-9.8327778,-50.874722,BR,private_aerodrome,Brasil,ANAC_privados
SNF9,SNF9,FAZENDA LATREILLE,SÃO MIGUEL DO GUAPORÉ,RO,-11.991944,-62.961667,BR,private_aerodrome,Brasil,ANAC_privados
SNFB,SNFB,Fazenda Cachoeira do Bambuzal,ITAGUARI,GO,-15.931111,-49.678333,BR,private_aerodrome,Brasil,ANAC_privados
SNFC,SNFC,Marina do Caraipé,TUCURUÍ,PA,-3.8597222,-49.682778,BR,private_aerodrome,Brasil,ANAC_privados
SNFD,SNFD,Porto Frade,ANGRA DOS REIS,Rio de Janeiro,-22.97,-44.444444,BR,heliport,Brasil,ANAC_helipontos
SNFF,SNFF,Feijó,FORTALEZA,CE,-3.8094444,-38.616944,BR,private_aerodrome,Brasil,ANAC_privados
SNFG,SNFG,Pista Fogoió,ITAITUBA,PA,-5.3588889,-57.520278,BR,private_aerodrome,Brasil,ANAC_privados
SNFH,SNFH,Usina César Filho,CHUPINGUAIA,RO,-12.261667,-61.176389,BR,private_aerodrome,Brasil,ANAC_privados
SNFI,SNFI,Fazenda São José do Paranaíba,TUPACIGUARA,MG,-18.3875,-48.861667,BR,private_aerodrome,Brasil,ANAC_privados
SNFJ,SNFJ,Pousada Thaimaçu,JACAREACANGA,PA,-9.0586111,-56.591944,BR,private_aerodrome,Brasil,ANAC_privados
SNFK,SNFK,Estância Colorado,SALES OLIVEIRA,São Paulo,-20.758611,-47.863333,BR,heliport,Brasil,ANAC_helipontos
SNFL,SNFL,Fly Lagos,CABO FRIO,RJ,-22.718889,-42.052778,BR,private_aerodrome,Brasil,ANAC_privados
SNFM,SNFM,Fazenda Mourão,COLNIZA,MT,-8.9863889,-61.458056,BR,private_aerodrome,Brasil,ANAC_privados
SNFN,SNFN,Fazenda Santa Fé,JARDINÓPOLIS,SP,-20.9375,-47.868056,BR,private_aerodrome,Brasil,ANAC_privados
SNFP,SNFP,Fazenda Pirapó,SORRISO,MT,-12.211389,-55.856667,BR,private_aerodrome,Brasil,ANAC_privados
SNFQ,SNFQ,Fazenda Bandeirantes,NOVA MARILÂNDIA,MT,-14.348333,-56.949722,BR,private_aerodrome,Brasil,ANAC_privados
SNFR,SNFR,Presidente Roosevelt,NOVO ARIPUANÃ,AM,-7.8472222,-60.9725,BR,private_aerodrome,Brasil,ANAC_privados
SNFS,SNFS,Fazenda Barcelona V,RIACHÃO DAS NEVES,BA,-11.599722,-46.028611,BR,private_aerodrome,Brasil,ANAC_privados
SNFT,SNFT,Fazenda Toca da Onça,UNIÃO DO SUL,MT,-11.323611,-54.574167,BR,private_aerodrome,Brasil,ANAC_privados
SNFV,SNFV,Serra da Pintura,SANTA FÉ DE GOIÁS,GO,-15.5675,-51.210833,BR,private_aerodrome,Brasil,ANAC_privados
SNFW,SNFW,Fazenda Girua,RIO VERDE DE MATO GROSSO,MS,-18.803056,-54.851944,BR,private_aerodrome,Brasil,ANAC_privados
SNFY,SNFY,Fly Park Florianópolis,FLORIANÓPOLIS,SC,-27.47,-48.471111,BR,private_aerodrome,Brasil,ANAC_privados
SNFZ,SNFZ,Fazenda Villa Terezinha,BOCAIÚVA,MG,-17.405278,-43.939722,BR,private_aerodrome,Brasil,ANAC_privados
SNG2,SNG2,FAZENDA NOSSA SENHORA DO CARMO II,COMODORO,MT,-14.022222,-59.570556,BR,private_aerodrome,Brasil,ANAC_privados
SNG3,SNG3,ESTÂNCIA BAHIA,ÁGUA BOA,MT,-13.878056,-52.614722,BR,private_aerodrome,Brasil,ANAC_privados
SNG4,SNG4,FAZENDA IGUAÇU,ITAITUBA,PA,-7.3344444,-56.619722,BR,private_aerodrome,Brasil,ANAC_privados
SNG6,SNG6,Fazenda Santa Bárbara,URUÇUÍ,PI,-7.4344444,-44.521667,BR,private_aerodrome,Brasil,ANAC_privados
SNG7,SNG7,Fazenda Cachimbo,NOVA UBIRATÃ,MT,-12.942222,-54.959444,BR,private_aerodrome,Brasil,ANAC_privados
SNG8,SNG8,MORRO DOS VENTOS,CHAPADA DOS GUIMARÃES,Mato Grosso,-15.4825,-55.746667,BR,heliport,Brasil,ANAC_helipontos
SNG9,SNG9,CETRIC,CHAPECÓ,Santa Catarina,-27.164444,-52.579444,BR,heliport,Brasil,ANAC_helipontos
SNGC,SNGC,Galleria Corporate,CAMPINAS,São Paulo,-22.866389,-47.021667,BR,heliport,Brasil,ANAC_helipontos
SNGE,SNGE,Ilha do Retiro,RECIFE,Pernambuco,-8.0666667,-34.901389,BR,heliport,Brasil,ANAC_helipontos
SNGF,SNGF,Fazenda Manacá,GRAVATÁ,Pernambuco,-8.1913889,-35.504722,BR,heliport,Brasil,ANAC_helipontos
SNGH,SNGH,Fazenda Esparrame,FIGUEIRÃO,MS,-18.803333,-53.710278,BR,private_aerodrome,Brasil,ANAC_privados
SNGJ,SNGJ,Fazenda Padre Cícero,MARABÁ,PA,-5.6055556,-49.475,BR,private_aerodrome,Brasil,ANAC_privados
SNGK,SNGK,Fazenda Bela Vista,MONTE ALEGRE DE MINAS,MG,-19.046111,-48.973056,BR,private_aerodrome,Brasil,ANAC_privados
SNGL,SNGL,Boa Vista,PORTO FELIZ,São Paulo,-23.331944,-47.559444,BR,heliport,Brasil,ANAC_helipontos
SNGM,SNGM,Fazenda Epemaju,SÃO FÉLIX DO XINGU,PA,-5.56,-50.965278,BR,private_aerodrome,Brasil,ANAC_privados
SNGO,SNGO,Montes Claros de Goiás,MONTES CLAROS DE GOIÁS,GO,-15.895833,-51.5225,BR,private_aerodrome,Brasil,ANAC_privados
SNGP,SNGP,Fazenda Santa Maria,TUPACIGUARA,MG,-18.586667,-48.869722,BR,private_aerodrome,Brasil,ANAC_privados
SNGQ,SNGQ,Bom Despacho,BOM DESPACHO,MG,-19.688056,-45.269722,BR,private_aerodrome,Brasil,ANAC_privados
SNGS,SNGS,Aeroclube de Alagoas,MACEIÓ,AL,-9.5858333,-35.750278,BR,private_aerodrome,Brasil,ANAC_privados
SNGT,SNGT,Gentio do Ouro,GENTIO DO OURO,BA,-11.441667,-42.518889,BR,private_aerodrome,Brasil,ANAC_privados
SNGU,SNGU,Grupo Petrópolis Uberaba,UBERABA,Minas Gerais,-19.837778,-47.885278,BR,heliport,Brasil,ANAC_helipontos
SNGV,SNGV,Fazenda Tanguro,QUERÊNCIA,MT,-12.726944,-52.384722,BR,private_aerodrome,Brasil,ANAC_privados
SNGW,SNGW,Fazenda Santo Angelo,BARRA DO CHOÇA,BA,-14.826667,-40.650833,BR,private_aerodrome,Brasil,ANAC_privados
SNGY,SNGY,Salles,CASTANHAL,PA,-1.2586111,-47.953333,BR,private_aerodrome,Brasil,ANAC_privados
SNGZ,SNGZ,Bardahl,CAJAMAR,São Paulo,-23.340278,-46.845,BR,heliport,Brasil,ANAC_helipontos
SNH2,SNH2,Heliponto Salto do Avanhandava,BARBOSA,São Paulo,-21.243889,-49.939722,BR,heliport,Brasil,ANAC_helipontos
SNH3,SNH3,Rotorfly Reserva Trancoso,PORTO SEGURO,Bahia,-16.607778,-39.116111,BR,heliport,Brasil,ANAC_helipontos
SNH4,SNH4,GRUPO ROTTA,PONTES E LACERDA,MT,-15.789444,-59.708611,BR,private_aerodrome,Brasil,ANAC_privados
SNH6,SNH6,Fazenda São José,CORUMBÁ,MS,-18.164444,-56.366389,BR,private_aerodrome,Brasil,ANAC_privados
SNH8,SNH8,Serra do Machado,RIBEIRÓPOLIS,Sergipe,-10.554167,-37.3825,BR,heliport,Brasil,ANAC_helipontos
SNH9,SNH9,2 AMIGOS,NOVA LACERDA,MT,-14.491111,-59.353889,BR,private_aerodrome,Brasil,ANAC_privados
SNHA,SNHA,Comandante Endeel Gabriel,SÃO LUÍS,Maranhão,-2.4847222,-44.250833,BR,heliport,Brasil,ANAC_helipontos
SNHC,SNHC,Hospital Regional de Caraguatatuba,CARAGUATATUBA,São Paulo,-23.657222,-45.44,BR,heliport,Brasil,ANAC_helipontos
SNHD,SNHD,Fazenda Floresta do Lobo,UBERLÂNDIA,MG,-19.078056,-48.129444,BR,private_aerodrome,Brasil,ANAC_privados
SNHE,SNHE,Fazenda Canuanã,FORMOSO DO ARAGUAIA,TO,-11.9775,-49.908056,BR,private_aerodrome,Brasil,ANAC_privados
SNHG,SNHG,Fazenda Varjadão,SANDOLÂNDIA,TO,-12.341389,-49.621111,BR,private_aerodrome,Brasil,ANAC_privados
SNHH,SNHH,Helibrás,ITAJUBÁ,Minas Gerais,-22.43,-45.480833,BR,heliport,Brasil,ANAC_helipontos
SNHI,SNHI,Pólo Industrial,GUAMARÉ,Rio Grande do Norte,-5.1269444,-36.381389,BR,heliport,Brasil,ANAC_helipontos
SNHJ,SNHJ,Usina de José Bonifácio,JOSÉ BONIFÁCIO,SP,-21.095278,-49.915278,BR,private_aerodrome,Brasil,ANAC_privados
SNHK,SNHK,Fazenda  Caacupê,NIOAQUE,MS,-21.290556,-55.822778,BR,private_aerodrome,Brasil,ANAC_privados
SNHN,SNHN,EFAI,CONTAGEM,Minas Gerais,-19.890833,-44.055278,BR,heliport,Brasil,ANAC_helipontos
SNHO,SNHO,Hotel Paradise,CATANDUVA,São Paulo,-21.110833,-48.964444,BR,heliport,Brasil,ANAC_helipontos
SNHP,SNHP,Fazenda São Judas Tadeu,SANTA RITA DO PARDO,MS,-21.561111,-52.975,BR,private_aerodrome,Brasil,ANAC_privados
SNHR,SNHR,Aero Roça,LUZIÂNIA,GO,-16.54,-47.837222,BR,private_aerodrome,Brasil,ANAC_privados
SNHT,SNHT,Togni,POÇOS DE CALDAS,Minas Gerais,-21.780278,-46.597778,BR,heliport,Brasil,ANAC_helipontos
SNHU,SNHU,Fazenda Bola Sete,ITINGA DO MARANHÃO,MA,-4.5691667,-47.471111,BR,private_aerodrome,Brasil,ANAC_privados
SNHW,SNHW,Fazenda Agro-Maratá,SANTA LUZIA,MA,-4.3194444,-46.225,BR,private_aerodrome,Brasil,ANAC_privados
SNHX,SNHX,Fazenda Central,AQUIDAUANA,MS,-19.415833,-56.193333,BR,private_aerodrome,Brasil,ANAC_privados
SNHY,SNHY,Hospital Esperança,RECIFE,Pernambuco,-8.0669444,-34.895278,BR,heliport,Brasil,ANAC_helipontos
SNHZ,SNHZ,Palácio do Governo do Estado do Amazonas,MANAUS,Amazonas,-3.0925,-60.06,BR,heliport,Brasil,ANAC_helipontos
SNI2,SNI2,Fazenda Mãe Rainha,GUARDA-MOR,MG,-17.916111,-47.154722,BR,private_aerodrome,Brasil,ANAC_privados
SNI3,SNI3,Fazenda Paineiras,JUARA,MT,-11.376667,-57.677778,BR,private_aerodrome,Brasil,ANAC_privados
SNI4,SNI4,FAZENDA KÊNIA,ARAGUAIANA,MT,-15.286389,-52.033056,BR,private_aerodrome,Brasil,ANAC_privados
SNI7,SNI7,MARA ROSA,MARA ROSA,GO,-14.036944,-49.164444,BR,private_aerodrome,Brasil,ANAC_privados
SNI8,SNI8,Dream Car,SÃO ROQUE,São Paulo,-23.598889,-47.159722,BR,heliport,Brasil,ANAC_helipontos
SNI9,SNI9,ASA ALUMINIO,CAMPINAS,São Paulo,-22.957222,-47.098056,BR,heliport,Brasil,ANAC_helipontos
SNIA,SNIA,Arujá,ARUJÁ,São Paulo,-23.394167,-46.354444,BR,heliport,Brasil,ANAC_helipontos
SNID,SNID,ICESP - Instituto do Câncer do Estado de São Paulo,SÃO PAULO,São Paulo,-23.556111,-46.668333,BR,heliport,Brasil,ANAC_helipontos
SNIF,SNIF,Clube de Voo Floresta,VISCONDE DO RIO BRANCO,MG,-20.988056,-42.887778,BR,private_aerodrome,Brasil,ANAC_privados
SNIH,SNIH,Fazenda Rio Negro,AQUIDAUANA,MS,-19.569722,-56.243889,BR,private_aerodrome,Brasil,ANAC_privados
SNII,SNII,Fazenda Joazeiro,CORUMBÁ,MS,-19.210278,-55.939722,BR,private_aerodrome,Brasil,ANAC_privados
SNIJ,SNIJ,Joca Viol,BIRIGUI,SP,-21.283056,-50.411389,BR,private_aerodrome,Brasil,ANAC_privados
SNIK,SNIK,Kapoto,PEIXOTO DE AZEVEDO,MT,-9.7633333,-53.248333,BR,private_aerodrome,Brasil,ANAC_privados
SNIL,SNIL,HBR Lead Corporate Faria Lima,SÃO PAULO,São Paulo,-23.591944,-46.68,BR,heliport,Brasil,ANAC_helipontos
SNIM,SNIM,Pegoraro Joaçaba,JOAÇABA,Santa Catarina,-27.175833,-51.516389,BR,heliport,Brasil,ANAC_helipontos
SNIN,SNIN,Nova Era,PANTANO GRANDE,RS,-30.213056,-52.441944,BR,private_aerodrome,Brasil,ANAC_privados
SNIQ,SNIQ,Morro do Ouro II,PARACATU,Minas Gerais,-17.1775,-46.878889,BR,heliport,Brasil,ANAC_helipontos
SNIR,SNIR,Fazenda Mata Escura,PARNARAMA,MA,-5.745,-43.601944,BR,private_aerodrome,Brasil,ANAC_privados
SNIS,SNIS,Fazenda Rio Largo,CAXIAS,MA,-5.1969444,-43.597778,BR,private_aerodrome,Brasil,ANAC_privados
SNIV,SNIV,Fazenda Jumari,IPIAÇU,MG,-18.646389,-49.8825,BR,private_aerodrome,Brasil,ANAC_privados
SNIW,SNIW,Fazenda Carmelo,MARACAJU,MS,-21.478333,-55.331389,BR,private_aerodrome,Brasil,ANAC_privados
SNIX,SNIX,Fazenda Masutti,CAMPOS DE JÚLIO,MT,-13.553333,-59.100278,BR,private_aerodrome,Brasil,ANAC_privados
SNIY,SNIY,Fazenda Fartura,PLANALTO DA SERRA,MT,-14.545556,-54.786389,BR,private_aerodrome,Brasil,ANAC_privados
SNIZ,SNIZ,Fazenda Jaqueline,VILHENA,RO,-12.8825,-60.119444,BR,private_aerodrome,Brasil,ANAC_privados
SNJ2,SNJ2,FAZENDA SERRA DA PRATA,IRACEMA,RR,2.26055556,-61.064444,BR,private_aerodrome,Brasil,ANAC_privados
SNJ3,SNJ3,Fazenda Confinamento,SÃO MIGUEL DO GUAPORÉ,RO,-11.909167,-62.802778,BR,private_aerodrome,Brasil,ANAC_privados
SNJ4,SNJ4,Flora,SORRISO,MT,-13.018333,-55.885833,BR,private_aerodrome,Brasil,ANAC_privados
SNJ5,SNJ5,Fazenda Jacarandá,PORANGATU,GO,-13.061667,-48.964444,BR,private_aerodrome,Brasil,ANAC_privados
SNJ6,SNJ6,NITZAN,AVARÉ,São Paulo,-23.127778,-48.873333,BR,heliport,Brasil,ANAC_helipontos
SNJ7,SNJ7,Fazenda Jijú,BONFIM,RR,3.19055556,-59.927778,BR,private_aerodrome,Brasil,ANAC_privados
SNJ8,SNJ8,Fazenda São João,FLORES DE GOIÁS,GO,-14.658889,-47.036667,BR,private_aerodrome,Brasil,ANAC_privados
SNJ9,SNJ9,FAZENDA SÃO JOAQUIM,CUMARU DO NORTE,PA,-8.6505556,-51.475833,BR,private_aerodrome,Brasil,ANAC_privados
SNJA,SNJA,Capivari,CAPIVARI DO SUL,RS,-30.134444,-50.509722,BR,private_aerodrome,Brasil,ANAC_privados
SNJC,SNJC,Cialne Umirim,UMIRIM,CE,-3.6947222,-39.408611,BR,private_aerodrome,Brasil,ANAC_privados
SNJD,SNJD,Fazenda Jardim,CHAPADÃO DO CÉU,GO,-18.431667,-52.656111,BR,private_aerodrome,Brasil,ANAC_privados
SNJE,SNJE,Fazenda Fresadora,GONÇALVES DIAS,MA,-5.0452778,-44.046944,BR,private_aerodrome,Brasil,ANAC_privados
SNJF,SNJF,Rural Verde,SÍTIO DO MATO,BA,-12.6475,-43.518611,BR,private_aerodrome,Brasil,ANAC_privados
SNJG,SNJG,Jardim Metropolitano,EUSÉBIO,Ceará,-3.8686111,-38.481667,BR,heliport,Brasil,ANAC_helipontos
SNJH,SNJH,JH Sementes,CORRENTINA,BA,-13.768889,-46.144444,BR,private_aerodrome,Brasil,ANAC_privados
SNJI,SNJI,Fazenda Fortaleza de Santa Teresinha,JEQUITAÍ,MG,-17.186389,-44.649167,BR,private_aerodrome,Brasil,ANAC_privados
SNJJ,SNJJ,Fazenda Vô Anízio,DOIS IRMÃOS DO BURITI,MS,-20.709167,-55.373056,BR,private_aerodrome,Brasil,ANAC_privados
SNJL,SNJL,J Lem,LUÍS EDUARDO MAGALHÃES,BA,-12.125,-45.772222,BR,private_aerodrome,Brasil,ANAC_privados
SNJS,SNJS,Júlio Simões - Matriz,MOGI DAS CRUZES,São Paulo,-23.541667,-46.231389,BR,heliport,Brasil,ANAC_helipontos
SNJT,SNJT,The One Office Tower Taubaté,TAUBATÉ,São Paulo,-23.028889,-45.578611,BR,heliport,Brasil,ANAC_helipontos
SNJU,SNJU,Aeroporto Municipal Cid Cley Mendes Leoncini,SÃO JOSÉ DO XINGU,MT,-10.815278,-52.746944,BR,private_aerodrome,Brasil,ANAC_privados
SNJV,SNJV,Fazenda Santa Mônica,SÃO JOÃO DA PONTE,MG,-15.998333,-43.738333,BR,private_aerodrome,Brasil,ANAC_privados
SNJW,SNJW,Cabletech,CAÇAPAVA,São Paulo,-23.177778,-45.726111,BR,heliport,Brasil,ANAC_helipontos
SNJX,SNJX,Hospital Monte Sinai,JUIZ DE FORA,Minas Gerais,-21.781111,-43.364722,BR,heliport,Brasil,ANAC_helipontos
SNJY,SNJY,Ibiza Blumenau,BLUMENAU,Santa Catarina,-26.914444,-49.0875,BR,heliport,Brasil,ANAC_helipontos
SNK2,SNK2,Fazenda Igarapará,SAPUCAIA,PA,-6.9847222,-49.693056,BR,private_aerodrome,Brasil,ANAC_privados
SNK3,SNK3,4 ventos,NOVA LIMA,Minas Gerais,-19.976111,-43.925556,BR,heliport,Brasil,ANAC_helipontos
SNK4,SNK4,CORONEL EDUARDO GARCIA,SILVES,AM,-2.8375,-58.220833,BR,private_aerodrome,Brasil,ANAC_privados
SNK7,SNK7,Jaicós,JAICÓS,PI,-7.3422222,-41.141667,BR,private_aerodrome,Brasil,ANAC_privados
SNK8,SNK8,Walter Fernandez,SÃO GONÇALO DOS CAMPOS,Bahia,-12.363611,-38.999722,BR,heliport,Brasil,ANAC_helipontos
SNK9,SNK9,Fazenda Vereda,SÃO DESIDÉRIO,BA,-12.874444,-45.644722,BR,private_aerodrome,Brasil,ANAC_privados
SNKA,SNKA,Fazenda Perto D´água,AVARÉ,São Paulo,-23.253889,-48.907222,BR,heliport,Brasil,ANAC_helipontos
SNKB,SNKB,Aeroclube de Campina Grande,CAMPINA GRANDE,PB,-7.1783333,-35.990278,BR,private_aerodrome,Brasil,ANAC_privados
SNKC,SNKC,Cocos,COCOS,BA,-14.167222,-44.550556,BR,private_aerodrome,Brasil,ANAC_privados
SNKE,SNKE,Santana do Araguaia,SANTANA DO ARAGUAIA,PA,-9.3197222,-50.328333,BR,private_aerodrome,Brasil,ANAC_privados
SNKG,SNKG,Green Metals,BRUMADINHO,Minas Gerais,-20.151944,-44.144167,BR,heliport,Brasil,ANAC_helipontos
SNKJ,SNKJ,Fazenda Rio Dourado,CUMARU DO NORTE,PA,-8.3338889,-51.446944,BR,private_aerodrome,Brasil,ANAC_privados
SNKL,SNKL,Leonardo da Vincí,SOROCABA,São Paulo,-23.531944,-47.465833,BR,heliport,Brasil,ANAC_helipontos
SNKM,SNKM,MJ,CAMPO LARGO,Paraná,-25.440278,-49.391944,BR,heliport,Brasil,ANAC_helipontos
SNKP,SNKP,Conquista do Pontal,MIRANTE DO PARANAPANEMA,SP,-22.383889,-52.108056,BR,private_aerodrome,Brasil,ANAC_privados
SNKQ,SNKQ,Fazenda Quebraxo,PORTO MURTINHO,MS,-21.0825,-57.656111,BR,private_aerodrome,Brasil,ANAC_privados
SNKS,SNKS,Santa Rita de Cássia,SANTA RITA DE CÁSSIA,BA,-10.989167,-44.515278,BR,private_aerodrome,Brasil,ANAC_privados
SNKT,SNKT,Fazenda Viçosa,NAVIRAÍ,MS,-23.1375,-53.843333,BR,private_aerodrome,Brasil,ANAC_privados
SNKU,SNKU,Canudos,CANUDOS,BA,-9.9030556,-39.032778,BR,private_aerodrome,Brasil,ANAC_privados
SNKV,SNKV,Fazenda Campo Verde,CUTIAS,AP,1.04277778,-50.516944,BR,private_aerodrome,Brasil,ANAC_privados
SNKW,SNKW,Monteflor,GUARAMIRANGA,Ceará,-4.2572222,-38.942778,BR,heliport,Brasil,ANAC_helipontos
SNKY,SNKY,Fazenda Cikel,PARAGOMINAS,PA,-3.6575,-48.823611,BR,private_aerodrome,Brasil,ANAC_privados
SNKZ,SNKZ,Fazenda São Marcos,VILA BELA DA SANTÍSSIMA TRINDADE,MT,-15.467222,-59.945833,BR,private_aerodrome,Brasil,ANAC_privados
SNL2,SNL2,FAZENDA DIAMANTINA,ALTO ALEGRE,RR,3.1725,-61.421389,BR,private_aerodrome,Brasil,ANAC_privados
SNL3,SNL3,Fazenda Riozinho,CORUMBÁ,MS,-18.266389,-56.486389,BR,private_aerodrome,Brasil,ANAC_privados
SNL4,SNL4,Fazenda Campo Belo,CORUMBÁ,MS,-18.018333,-57.186111,BR,private_aerodrome,Brasil,ANAC_privados
SNL6,SNL6,FAZENDA SANTA HELENA DO PANTANAL,CORUMBÁ,MS,-18.298056,-57.014722,BR,private_aerodrome,Brasil,ANAC_privados
SNL7,SNL7,Vale do Sol,SÃO GABRIEL DO OESTE,MS,-18.746111,-54.408333,BR,private_aerodrome,Brasil,ANAC_privados
SNL8,SNL8,FAZENDA SANTA CATARINA,PARANAÍTA,MT,-9.8763889,-56.623611,BR,private_aerodrome,Brasil,ANAC_privados
SNL9,SNL9,Fazenda Canelão,RANCHARIA,SP,-22.137778,-50.904444,BR,private_aerodrome,Brasil,ANAC_privados
SNLA,SNLA,Fazenda Lagoa das Antas,CANAÃ DOS CARAJÁS,PA,-6.5647222,-49.725,BR,private_aerodrome,Brasil,ANAC_privados
SNLB,SNLB,Fazenda Magdalena,LÁBREA,AM,-9.2030556,-65.708611,BR,private_aerodrome,Brasil,ANAC_privados
SNLC,SNLC,Fazenda Panambi,BURITIS,MG,-15.826389,-46.465556,BR,private_aerodrome,Brasil,ANAC_privados
SNLD,SNLD,Fazenda São Luiz do Matão,CARNEIRINHO,MG,-19.87,-50.652778,BR,private_aerodrome,Brasil,ANAC_privados
SNLE,SNLE,Estância Mil,MIRANDA,MS,-20.166389,-56.981111,BR,private_aerodrome,Brasil,ANAC_privados
SNLF,SNLF,Fazenda Três Flechas,VILA RICA,MT,-10.081667,-51.888611,BR,private_aerodrome,Brasil,ANAC_privados
SNLG,SNLG,Serra do Cipó,JABOTICATUBAS,MG,-19.398611,-43.746389,BR,private_aerodrome,Brasil,ANAC_privados
SNLH,SNLH,Ilha do Almeida,ANGRA DOS REIS,Rio de Janeiro,-23.038056,-44.341944,BR,heliport,Brasil,ANAC_helipontos
SNLJ,SNLJ,Fazenda Campo Aliancinha,CORUMBÁ,MS,-18.605,-56.215,BR,private_aerodrome,Brasil,ANAC_privados
SNLK,SNLK,Skydive Litoral,SAQUAREMA,RJ,-22.85,-42.555833,BR,private_aerodrome,Brasil,ANAC_privados
SNLL,SNLL,Condomínio Liberty,GOIANÁPOLIS,GO,-16.465833,-49.012222,BR,private_aerodrome,Brasil,ANAC_privados
SNLM,SNLM,Pousada Pirá-Açu,APUÍ,AM,-7.7705556,-60.377778,BR,private_aerodrome,Brasil,ANAC_privados
SNLP,SNLP,Acapulco Guarujá,GUARUJÁ,São Paulo,-23.954444,-46.201667,BR,heliport,Brasil,ANAC_helipontos
SNLQ,SNLQ,Fazenda Conforto,NOVA CRIXÁS,GO,-14.065833,-50.415833,BR,private_aerodrome,Brasil,ANAC_privados
SNLR,SNLR,Itautec,SÃO PAULO,São Paulo,-23.531111,-46.572222,BR,heliport,Brasil,ANAC_helipontos
SNLS,SNLS,Luciano Peixoto,PIRENÓPOLIS,Goiás,-15.930556,-48.925278,BR,heliport,Brasil,ANAC_helipontos
SNLT,SNLT,Paulistana,PAULISTANA,PI,-8.1588889,-41.150556,BR,private_aerodrome,Brasil,ANAC_privados
SNLU,SNLU,Santa Luzia D'Oeste Tradição,SANTA LUZIA D'OESTE,Rondônia,-11.904722,-61.792778,BR,heliport,Brasil,ANAC_helipontos
SNLV,SNLV,Maria Magalhães,PORTO UNIÃO,SC,-26.251111,-51.0125,BR,private_aerodrome,Brasil,ANAC_privados
SNLX,SNLX,Condomínio Laguna,MARECHAL DEODORO,Alagoas,-9.7030556,-35.800556,BR,heliport,Brasil,ANAC_helipontos
SNLY,SNLY,Lagoa da Prata,LAGOA DA PRATA,MG,-20.065556,-45.556389,BR,private_aerodrome,Brasil,ANAC_privados
SNLZ,SNLZ,Fazenda Boca da Mata,DIVINÓPOLIS DO TOCANTINS,TO,-9.4319444,-49.591111,BR,private_aerodrome,Brasil,ANAC_privados
SNM1,SNM1,Maravilha 2,CAMAÇARI,Bahia,-12.589722,-38.041111,BR,heliport,Brasil,ANAC_helipontos
SNM2,SNM2,Dr. Almir Lopes de Oliveira Melo,COELHO NETO,MA,-4.2708333,-42.999444,BR,private_aerodrome,Brasil,ANAC_privados
SNM3,SNM3,Fazenda Cambá Rase,PORTO MURTINHO,MS,-21.53,-57.196111,BR,private_aerodrome,Brasil,ANAC_privados
SNM4,SNM4,FAZENDA SÃO PEDRO,CORUMBIARA,RO,-12.768056,-61.347778,BR,private_aerodrome,Brasil,ANAC_privados
SNM5,SNM5,FAZENDA SANTA MARTHA,BOM JESUS DE GOIÁS,GO,-18.218056,-50.03,BR,private_aerodrome,Brasil,ANAC_privados
SNM6,SNM6,FAZENDA MIMOSA,IVINHEMA,MS,-22.394444,-53.683056,BR,private_aerodrome,Brasil,ANAC_privados
SNM8,SNM8,FAZENDA ZAGO,FORMOSA DO RIO PRETO,BA,-11.118889,-45.124444,BR,private_aerodrome,Brasil,ANAC_privados
SNM9,SNM9,Associação Quilombola de Pedras Negras do Guaporé,SÃO FRANCISCO DO GUAPORÉ,RO,-12.849444,-62.900556,BR,private_aerodrome,Brasil,ANAC_privados
SNMB,SNMB,Fazenda Santa Maria,CORUMBÁ,MS,-19.418889,-56.666389,BR,private_aerodrome,Brasil,ANAC_privados
SNMD,SNMD,Mundico Coelho,ITAITUBA,PA,-6.8369444,-56.844167,BR,private_aerodrome,Brasil,ANAC_privados
SNME,SNME,Costa dos Coqueiros,MATA DE SÃO JOÃO,BA,-12.489722,-38.023611,BR,private_aerodrome,Brasil,ANAC_privados
SNMF,SNMF,Agropastoril Monte Alegre,MONTE BELO,MG,-21.355833,-46.252222,BR,private_aerodrome,Brasil,ANAC_privados
SNMG,SNMG,Miguel Dias I,FORTALEZA,Ceará,-3.7663889,-38.486111,BR,heliport,Brasil,ANAC_helipontos
SNMI,SNMI,Mina Caraíba,JAGUARARI,BA,-9.83,-39.886667,BR,private_aerodrome,Brasil,ANAC_privados
SNML,SNML,Manduca Leão,RIO LARGO,AL,-9.5441667,-35.824722,BR,private_aerodrome,Brasil,ANAC_privados
SNMM,SNMM,Fazenda Caraíbas,IPIRÁ,BA,-12.283889,-40.091389,BR,private_aerodrome,Brasil,ANAC_privados
SNMO,SNMO,Sítio Baronesa,CAMPOS DO JORDÃO,São Paulo,-22.719167,-45.615833,BR,heliport,Brasil,ANAC_helipontos
SNMP,SNMP,Hospital Alvorada Moema,SÃO PAULO,São Paulo,-23.600833,-46.661111,BR,heliport,Brasil,ANAC_helipontos
SNMQ,SNMQ,Tigre,JOINVILLE,Santa Catarina,-26.316944,-48.866111,BR,heliport,Brasil,ANAC_helipontos
SNMS,SNMS,Acácio Favacho,PRACUÚBA,AP,1.56083333,-50.770833,BR,private_aerodrome,Brasil,ANAC_privados
SNMU,SNMU,Mucuri,MUCURI,BA,-18.049444,-39.863333,BR,private_aerodrome,Brasil,ANAC_privados
SNMV,SNMV,Fazenda Flávia,ALCINÓPOLIS,MS,-18.35,-53.75,BR,private_aerodrome,Brasil,ANAC_privados
SNMW,SNMW,Fazenda Parceiro,CORRENTE,PI,-10.558333,-45.445556,BR,private_aerodrome,Brasil,ANAC_privados
SNMY,SNMY,Medic Life,BARUERI,São Paulo,-23.485,-46.856944,BR,heliport,Brasil,ANAC_helipontos
SNN2,SNN2,Comandante Dantas,ARUJÁ,São Paulo,-23.408889,-46.330556,BR,heliport,Brasil,ANAC_helipontos
SNN3,SNN3,Fazenda Milanin,LÁBREA,AM,-9.6936111,-67.086111,BR,private_aerodrome,Brasil,ANAC_privados
SNN4,SNN4,Ninho da Aguia,TAQUARITUBA,São Paulo,-23.558611,-49.254444,BR,heliport,Brasil,ANAC_helipontos
SNN6,SNN6,Pousada Aguapé,AQUIDAUANA,MS,-20.090556,-55.965556,BR,private_aerodrome,Brasil,ANAC_privados
SNN7,SNN7,FAZENDA FAEDO,FERNANDO FALCÃO,MA,-6.3172222,-45.453056,BR,private_aerodrome,Brasil,ANAC_privados
SNN8,SNN8,FAZENDA MARAGATA,SÃO BORJA,RS,-28.601944,-55.813333,BR,private_aerodrome,Brasil,ANAC_privados
SNNA,SNNA,Paiva Air,MAIRINQUE,São Paulo,-23.559167,-47.199722,BR,heliport,Brasil,ANAC_helipontos
SNNB,SNNB,Fazenda Cana Brava,PARACATU,MG,-17.173889,-46.3,BR,private_aerodrome,Brasil,ANAC_privados
SNNC,SNNC,Fazenda Namocoli,CORUMBÁ,MS,-20.608889,-57.554167,BR,private_aerodrome,Brasil,ANAC_privados
SNND,SNND,Piraquê II,QUEIMADOS,Rio de Janeiro,-22.741944,-43.621944,BR,heliport,Brasil,ANAC_helipontos
SNNF,SNNF,Fazenda Nossa Senhora de Fátima,JARAGUARI,MS,-20.154722,-54.649167,BR,private_aerodrome,Brasil,ANAC_privados
SNNH,SNNH,Haskell,VIÇOSA,Minas Gerais,-20.764722,-42.831944,BR,heliport,Brasil,ANAC_helipontos
SNNI,SNNI,HTO - Horto da Paz,ITAPECERICA DA SERRA,São Paulo,-23.728333,-46.885833,BR,heliport,Brasil,ANAC_helipontos
SNNJ,SNNJ,Cananéia,CANANÉIA,São Paulo,-25.007778,-47.925,BR,heliport,Brasil,ANAC_helipontos
SNNK,SNNK,Fazenda Santa Bernadette da Volta Grande,CAMPO GRANDE,MS,-21.288333,-53.883611,BR,private_aerodrome,Brasil,ANAC_privados
SNNL,SNNL,Fazenda Locks,NOVA MARINGÁ,MT,-12.809167,-57.126667,BR,private_aerodrome,Brasil,ANAC_privados
SNNM,SNNM,Entre Rios,GUARAPUAVA,PR,-25.568333,-51.495278,BR,private_aerodrome,Brasil,ANAC_privados
SNNN,SNNN,Fazenda Buriti II,ARINOS,MG,-15.989722,-45.9975,BR,private_aerodrome,Brasil,ANAC_privados
SNNO,SNNO,Fazenda São Domingos,COMODORO,MT,-14.063889,-59.866389,BR,private_aerodrome,Brasil,ANAC_privados
SNNQ,SNNQ,Fazenda Mina de Ouro,PARANATINGA,MT,-14.131389,-54.233333,BR,private_aerodrome,Brasil,ANAC_privados
SNNR,SNNR,Fazenda Nossa Senhora Medianeira,NAVIRAÍ,MS,-22.916111,-53.973333,BR,private_aerodrome,Brasil,ANAC_privados
SNNS,SNNS,VLI Tiplam,SANTOS,São Paulo,-23.870833,-46.365833,BR,heliport,Brasil,ANAC_helipontos
SNNT,SNNT,Lagoa do Cavalo,GRAVATÁ,Pernambuco,-8.1730556,-35.638333,BR,heliport,Brasil,ANAC_helipontos
SNNV,SNNV,Vila Nova,JOINVILLE,SC,-26.306389,-48.934722,BR,private_aerodrome,Brasil,ANAC_privados
SNNW,SNNW,Fazenda Regalito,FLORES DE GOIÁS,GO,-14.466111,-46.870556,BR,private_aerodrome,Brasil,ANAC_privados
SNNX,SNNX,Cabanha Umbú,BARRA DO QUARAÍ,RS,-29.980556,-57.271111,BR,private_aerodrome,Brasil,ANAC_privados
SNNY,SNNY,Fazenda Tapyratynga,PIMENTEIRAS DO OESTE,RO,-12.715556,-61.474444,BR,private_aerodrome,Brasil,ANAC_privados
SNNZ,SNNZ,Zona 01,ITAPEMA,Santa Catarina,-27.141944,-48.591944,BR,heliport,Brasil,ANAC_helipontos
SNOD,SNOD,Mucugê Village Resort Hotel,PORTO SEGURO,Bahia,-16.5,-39.071944,BR,heliport,Brasil,ANAC_helipontos
SNOG,SNOG,Ceará Mirim,CEARÁ-MIRIM,RN,-5.6613889,-35.413611,BR,private_aerodrome,Brasil,ANAC_privados
SNOH,SNOH,Fazenda Tundavala,BARRA DO GARÇAS,MT,-14.856944,-52.036111,BR,private_aerodrome,Brasil,ANAC_privados
SNOI,SNOI,ESTANCIA IRMÃOS MARTINS,TUPÃ,SP,-22.005,-50.489167,BR,private_aerodrome,Brasil,ANAC_privados
SNOJ,SNOJ,Fazenda Paz,FORMOSA DO RIO PRETO,BA,-10.591667,-45.744444,BR,private_aerodrome,Brasil,ANAC_privados
SNOK,SNOK,Fazenda Chão de Estrelas,AURORA DO PARÁ,PA,-2.3325,-47.656111,BR,private_aerodrome,Brasil,ANAC_privados
SNOL,SNOL,Agropecuária Mariana,ALTA FLORESTA,MT,-9.9694444,-56.216667,BR,private_aerodrome,Brasil,ANAC_privados
SNOM,SNOM,Fazenda Guaporeí,VILA BELA DA SANTÍSSIMA TRINDADE,MT,-15.015556,-60.223889,BR,private_aerodrome,Brasil,ANAC_privados
SNON,SNON,André Textor,MONTIVIDIU,GO,-17.444722,-51.14,BR,private_aerodrome,Brasil,ANAC_privados
SNOO,SNOO,EDIFÍCIO THE ONE,BELO HORIZONTE,Minas Gerais,-19.946111,-43.956944,BR,heliport,Brasil,ANAC_helipontos
SNOP,SNOP,Vale da Providência,RONDOLÂNDIA,MT,-10.559722,-61.431667,BR,private_aerodrome,Brasil,ANAC_privados
SNOR,SNOR,Fazenda Recanto,SIDROLÂNDIA,MS,-21.064167,-55.027778,BR,private_aerodrome,Brasil,ANAC_privados
SNOT,SNOT,Usina Vale do Tijuco,UBERABA,MG,-19.384722,-48.274167,BR,private_aerodrome,Brasil,ANAC_privados
SNOU,SNOU,Novo Aeródromo de Feijó,FEIJÓ,AC,-8.1413889,-70.340833,BR,private_aerodrome,Brasil,ANAC_privados
SNOV,SNOV,Povoado de Camaçari,CORURIPE,AL,-10.122222,-36.291667,BR,private_aerodrome,Brasil,ANAC_privados
SNOW,SNOW,Fazenda Turmalina,RANCHARIA,SP,-21.982222,-50.972222,BR,private_aerodrome,Brasil,ANAC_privados
SNOZ,SNOZ,Coronel Alexandre Raposo,PAÇO DO LUMIAR,MA,-2.5236111,-44.124167,BR,private_aerodrome,Brasil,ANAC_privados
SNP2,SNP2,N1 Meia Praia,ITAPEMA,Santa Catarina,-27.125,-48.605,BR,heliport,Brasil,ANAC_helipontos
SNP3,SNP3,FAZENDA CONQUISTA,BELA VISTA,MS,-21.984722,-56.152222,BR,private_aerodrome,Brasil,ANAC_privados
SNP4,SNP4,Fazenda Continental,CLÁUDIA,MT,-11.494444,-55.205556,BR,private_aerodrome,Brasil,ANAC_privados
SNP5,SNP5,Fazenda São Pedro,CORUMBÁ,MS,-18.77,-56.511111,BR,private_aerodrome,Brasil,ANAC_privados
SNP6,SNP6,FAZENDA SÃO PAULO,BRITÂNIA,GO,-14.982222,-51.332222,BR,private_aerodrome,Brasil,ANAC_privados
SNP7,SNP7,FAZENDA REATA,NOVA CANAÃ DO NORTE,MT,-10.567222,-55.961944,BR,private_aerodrome,Brasil,ANAC_privados
SNP8,SNP8,FAZENDA FARJADO,COCALZINHO DE GOIÁS,Goiás,-15.624444,-48.588611,BR,heliport,Brasil,ANAC_helipontos
SNP9,SNP9,Centro Náutico Pontal,ANGRA DOS REIS,Rio de Janeiro,-22.943611,-44.327222,BR,heliport,Brasil,ANAC_helipontos
SNPB,SNPB,Bravíssima Private Residence,ITAJAÍ,Santa Catarina,-26.934167,-48.633056,BR,heliport,Brasil,ANAC_helipontos
SNPE,SNPE,Engenho D'Água,ILHABELA,São Paulo,-23.792222,-45.358611,BR,heliport,Brasil,ANAC_helipontos
SNPF,SNPF,Fazenda Retiro da Matão,PORANGATU,GO,-13.486389,-49.030556,BR,private_aerodrome,Brasil,ANAC_privados
SNPH,SNPH,Rei da Pamonha,SÃO PAULO,São Paulo,-23.445,-46.756944,BR,heliport,Brasil,ANAC_helipontos
SNPI,SNPI,De Piatã,PIATÃ,BA,-13.165556,-41.771944,BR,private_aerodrome,Brasil,ANAC_privados
SNPK,SNPK,WF,POMERODE,Santa Catarina,-26.821389,-49.146667,BR,heliport,Brasil,ANAC_helipontos
SNPL,SNPL,Fazenda Pacuruxu,SANTA MERCEDES,SP,-21.256389,-51.728889,BR,private_aerodrome,Brasil,ANAC_privados
SNPM,SNPM,Schõn,PITANGA,Paraná,-24.754444,-51.761111,BR,heliport,Brasil,ANAC_helipontos
SNPN,SNPN,Fazenda Água Fria,LAVÍNIA,SP,-21.030278,-50.925833,BR,private_aerodrome,Brasil,ANAC_privados
SNPP,SNPP,Ribeira,UBATUBA,São Paulo,-23.503333,-45.125833,BR,heliport,Brasil,ANAC_helipontos
SNPS,SNPS,Fazenda Seriema,NOVA ANDRADINA,MS,-22.053611,-53.339167,BR,private_aerodrome,Brasil,ANAC_privados
SNPT,SNPT,Fazenda Paraíso,CONCEIÇÃO DAS ALAGOAS,MG,-20.087778,-48.491667,BR,private_aerodrome,Brasil,ANAC_privados
SNPW,SNPW,Fazenda Palmeira,ALTO TAQUARI,MT,-17.925556,-53.220833,BR,private_aerodrome,Brasil,ANAC_privados
SNQ2,SNQ2,Fazenda Santa Edwiges,PORTO MURTINHO,MS,-21.181944,-57.809722,BR,private_aerodrome,Brasil,ANAC_privados
SNQ3,SNQ3,FAZENDA SANTA FÉ,CORUMBÁ,MS,-17.743333,-56.303056,BR,private_aerodrome,Brasil,ANAC_privados
SNQ4,SNQ4,Latam Três Rios,TRÊS RIOS,Rio de Janeiro,-22.129722,-43.228333,BR,heliport,Brasil,ANAC_helipontos
SNQ6,SNQ6,FAZENDA ÁGUA BRANCA,CÁCERES,MT,-16.153333,-58.515,BR,private_aerodrome,Brasil,ANAC_privados
SNQ7,SNQ7,Aeródromo Privado Fazenda Santa Rita,ANAURILÂNDIA,MS,-22.278056,-53.019444,BR,private_aerodrome,Brasil,ANAC_privados
SNQ8,SNQ8,FAZENDA AMÉRICA,PORTO VELHO,RO,-9.5247222,-65.944722,BR,private_aerodrome,Brasil,ANAC_privados
SNQ9,SNQ9,FAZENDA SANTA RITA,TOMÉ-AÇU,PA,-2.1427778,-48.070556,BR,private_aerodrome,Brasil,ANAC_privados
SNQA,SNQA,Lojas Guaibim,VALENÇA,Bahia,-13.363333,-39.062222,BR,heliport,Brasil,ANAC_helipontos
SNQB,SNQB,FERMAP,SORRISO,MT,-12.558889,-55.632222,BR,private_aerodrome,Brasil,ANAC_privados
SNQC,SNQC,IGESP,SÃO PAULO,São Paulo,-23.561111,-46.650833,BR,heliport,Brasil,ANAC_helipontos
SNQE,SNQE,Fazenda Serra Grande,PARAUAPEBAS,PA,-6.0688889,-49.84,BR,private_aerodrome,Brasil,ANAC_privados
SNQF,SNQF,Fazenda Paraíso,INOCÊNCIA,MS,-19.923333,-52.160833,BR,private_aerodrome,Brasil,ANAC_privados
SNQH,SNQH,Wheaton,SÃO BERNARDO DO CAMPO,São Paulo,-23.715,-46.566944,BR,heliport,Brasil,ANAC_helipontos
SNQJ,SNQJ,Fazenda Aerovilas,DIVINÓPOLIS,MG,-20.2425,-44.805,BR,private_aerodrome,Brasil,ANAC_privados
SNQK,SNQK,Muro Alto Beach Resort,IPOJUCA,Pernambuco,-8.4372222,-34.983333,BR,heliport,Brasil,ANAC_helipontos
SNQL,SNQL,Piraquê I,RIO DE JANEIRO,Rio de Janeiro,-22.864444,-43.341389,BR,heliport,Brasil,ANAC_helipontos
SNQM,SNQM,Fazenda Formoso de Paraúna,PARAÚNA,GO,-17.149167,-50.595833,BR,private_aerodrome,Brasil,ANAC_privados
SNQN,SNQN,Fazenda Estrela,CANARANA,MT,-13.156389,-52.571111,BR,private_aerodrome,Brasil,ANAC_privados
SNQP,SNQP,Fazenda São Francisco,MAGDA,SP,-20.568889,-50.225278,BR,private_aerodrome,Brasil,ANAC_privados
SNQQ,SNQQ,Centroar,FLORES DE GOIÁS,GO,-14.496667,-47.036111,BR,private_aerodrome,Brasil,ANAC_privados
SNQR,SNQR,Fazenda Bahia - Don Bosco,POCONÉ,MT,-16.721111,-57.232222,BR,private_aerodrome,Brasil,ANAC_privados
SNQS,SNQS,Fazenda Nossa Senhora Auxiliadora,IVINHEMA,MS,-22.302778,-54.043889,BR,private_aerodrome,Brasil,ANAC_privados
SNQT,SNQT,Fazenda Estrela do Sul,UMUARAMA,PR,-23.788333,-53.4825,BR,private_aerodrome,Brasil,ANAC_privados
SNQY,SNQY,Colina Verde,RIBEIRÃO PRETO,São Paulo,-21.229444,-47.795556,BR,heliport,Brasil,ANAC_helipontos
SNQZ,SNQZ,Fazenda Taquarussu,CAARAPÓ,MS,-22.546667,-55.003056,BR,private_aerodrome,Brasil,ANAC_privados
SNR2,SNR2,Renascer,CÂNDIDO SALES,BA,-15.416389,-41.353889,BR,private_aerodrome,Brasil,ANAC_privados
SNR3,SNR3,Tassiana,SINOP,MT,-12.039167,-55.491944,BR,private_aerodrome,Brasil,ANAC_privados
SNR4,SNR4,FIEP,CURITIBA,Paraná,-25.448611,-49.244167,BR,heliport,Brasil,ANAC_helipontos
SNR6,SNR6,Fazenda Vale Verde,SANTANA DO ARAGUAIA,PA,-9.1022222,-50.937778,BR,private_aerodrome,Brasil,ANAC_privados
SNR7,SNR7,Santa Agro 1,GUAJARÁ-MIRIM,RO,-10.636111,-65.022222,BR,private_aerodrome,Brasil,ANAC_privados
SNR8,SNR8,Fazenda Palotina,NOVA MARINGÁ,MT,-13.171389,-56.988889,BR,private_aerodrome,Brasil,ANAC_privados
SNR9,SNR9,Fazenda Aroeira,PADRE BERNARDO,Goiás,-15.212778,-48.364722,BR,heliport,Brasil,ANAC_helipontos
SNRA,SNRA,Nossa Senhora da Abadia,NIQUELÂNDIA,GO,-14.655556,-48.586389,BR,private_aerodrome,Brasil,ANAC_privados
SNRB,SNRB,FAZENDA BRASA,ROSÁRIO DO SUL,RS,-30.345,-55.051667,BR,private_aerodrome,Brasil,ANAC_privados
SNRC,SNRC,Fazenda Recanto,ALCINÓPOLIS,MS,-18.006667,-54.013611,BR,private_aerodrome,Brasil,ANAC_privados
SNRE,SNRE,Ellece,GUARULHOS,São Paulo,-23.472222,-46.432778,BR,heliport,Brasil,ANAC_helipontos
SNRF,SNRF,Ecofabril,JUNDIAÍ,São Paulo,-23.175556,-46.938333,BR,heliport,Brasil,ANAC_helipontos
SNRH,SNRH,João Fonseca,ENVIRA,AM,-7.4433333,-70.019722,BR,private_aerodrome,Brasil,ANAC_privados
SNRJ,SNRJ,Juruti,JURUTI,PA,-2.1866667,-56.090278,BR,private_aerodrome,Brasil,ANAC_privados
SNRK,SNRK,Fazenda Soledade,IPAMERI,GO,-17.383056,-47.536111,BR,private_aerodrome,Brasil,ANAC_privados
SNRL,SNRL,Qyon,AMERICANA,São Paulo,-22.759167,-47.325833,BR,heliport,Brasil,ANAC_helipontos
SNRN,SNRN,Fazenda 20 de Maio,GETULINA,SP,-21.808889,-49.971111,BR,private_aerodrome,Brasil,ANAC_privados
SNRO,SNRO,Fazenda Liberdade,QUERÊNCIA,MT,-12.068056,-52.826111,BR,private_aerodrome,Brasil,ANAC_privados
SNRQ,SNRQ,Porto Rico,JACAREACANGA,PA,-6.1052778,-57.373889,BR,private_aerodrome,Brasil,ANAC_privados
SNRR,SNRR,Hospital Miguel Arraes,PAULISTA,Pernambuco,-7.9202778,-34.891111,BR,heliport,Brasil,ANAC_helipontos
SNRS,SNRS,Fazenda Canoeiro,COCALINHO,MT,-13.052222,-50.8325,BR,private_aerodrome,Brasil,ANAC_privados
SNRT,SNRT,Rio Negro,CANTAGALO,Rio de Janeiro,-21.910556,-42.266667,BR,heliport,Brasil,ANAC_helipontos
SNRV,SNRV,Fazenda Rio Vermelho,SAPUCAIA,PA,-6.8761111,-49.458611,BR,private_aerodrome,Brasil,ANAC_privados
SNRW,SNRW,Reik Morumbi,SÃO PAULO,São Paulo,-23.597778,-46.707222,BR,heliport,Brasil,ANAC_helipontos
SNS2,SNS2,FAZENDA BOA VISTA,CLÁUDIA,MT,-11.356389,-55.261111,BR,private_aerodrome,Brasil,ANAC_privados
SNS3,SNS3,Fazenda Nossa Senhora das Graças,COLÍDER,MT,-10.882778,-55.55,BR,private_aerodrome,Brasil,ANAC_privados
SNS4,SNS4,FAZENDA SÃO PAULO DO CRAVARÍ,BRASNORTE,MT,-12.548333,-57.991944,BR,private_aerodrome,Brasil,ANAC_privados
SNS6,SNS6,Fazenda Nova Esperança,CUJUBIM,RO,-9.4788889,-62.803333,BR,private_aerodrome,Brasil,ANAC_privados
SNS7,SNS7,Agro Fazollo,TAILÂNDIA,PA,-3.1955556,-48.904167,BR,private_aerodrome,Brasil,ANAC_privados
SNS8,SNS8,Fazenda Mombuca,IPAUSSU,São Paulo,-23.013889,-49.618611,BR,heliport,Brasil,ANAC_helipontos
SNS9,SNS9,ATACADÃO DIA À DIA 1,PADRE BERNARDO,GO,-15.521944,-48.420556,BR,private_aerodrome,Brasil,ANAC_privados
SNSA,SNSA,Hilário Grandi,UNAÍ,MG,-16.545833,-47.178611,BR,private_aerodrome,Brasil,ANAC_privados
SNSB,SNSB,Betel,RIO DE JANEIRO,Rio de Janeiro,-22.915,-43.668611,BR,heliport,Brasil,ANAC_helipontos
SNSD,SNSD,Edifício Sede Direcional Engenharia,BELO HORIZONTE,Minas Gerais,-19.927222,-43.922222,BR,heliport,Brasil,ANAC_helipontos
SNSH,SNSH,São José,SANTARÉM,PA,-2.5744444,-54.732222,BR,private_aerodrome,Brasil,ANAC_privados
SNSK,SNSK,Central Ferraz,HERCULÂNDIA,SP,-21.869167,-50.308611,BR,private_aerodrome,Brasil,ANAC_privados
SNSL,SNSL,Fazenda São Luiz,TAGUATINGA,TO,-12.431667,-46.257778,BR,private_aerodrome,Brasil,ANAC_privados
SNSN,SNSN,Henrimar Táxi Aéreo,SALVADOR,Bahia,-12.87,-38.365833,BR,heliport,Brasil,ANAC_helipontos
SNSP,SNSP,Fazenda Tropical,BAIXA GRANDE DO RIBEIRO,PI,-8.7111111,-45.021389,BR,private_aerodrome,Brasil,ANAC_privados
SNSQ,SNSQ,Centro Empresarial Nações Unidas-Torre Norte,SÃO PAULO,São Paulo,-23.610278,-46.696389,BR,heliport,Brasil,ANAC_helipontos
SNSR,SNSR,Fazenda Santos Reis,GUARDA-MOR,MG,-17.550278,-46.979167,BR,private_aerodrome,Brasil,ANAC_privados
SNSU,SNSU,Fazenda Globo,SAPEZAL,MT,-12.948056,-58.587222,BR,private_aerodrome,Brasil,ANAC_privados
SNSV,SNSV,Fazenda São Domingos,RIBAS DO RIO PARDO,MS,-20.7375,-53.293889,BR,private_aerodrome,Brasil,ANAC_privados
SNSW,SNSW,Soure,SOURE,PA,-0.69722222,-48.519167,BR,private_aerodrome,Brasil,ANAC_privados
SNSX,SNSX,Apodi Quixeré,QUIXERÉ,Ceará,-5.0422222,-37.778611,BR,heliport,Brasil,ANAC_helipontos
SNSZ,SNSZ,Miss Silvia Morizono,SÃO PAULO,São Paulo,-23.592222,-46.681111,BR,heliport,Brasil,ANAC_helipontos
SNT2,SNT2,DOIS IRMÃOS,DOIS IRMÃOS DO TOCANTINS,TO,-9.5552778,-49.017778,BR,private_aerodrome,Brasil,ANAC_privados
SNT3,SNT3,SERRA BONITA SEMENTES,UNAÍ,MG,-15.835,-46.700833,BR,private_aerodrome,Brasil,ANAC_privados
SNT4,SNT4,AERÓDROMO FAZENDA BELA VISTA,SÃO DESIDÉRIO,BA,-12.434444,-45.292222,BR,private_aerodrome,Brasil,ANAC_privados
SNT6,SNT6,GENESIO CEOLIN,SÃO DESIDÉRIO,BA,-12.998889,-45.358333,BR,private_aerodrome,Brasil,ANAC_privados
SNT7,SNT7,FAZENDA SANTA RITA,SANTA ISABEL,GO,-15.422222,-49.408611,BR,private_aerodrome,Brasil,ANAC_privados
SNT8,SNT8,Fazenda São João,LUÍS EDUARDO MAGALHÃES,BA,-12.184444,-45.817222,BR,private_aerodrome,Brasil,ANAC_privados
SNT9,SNT9,Fazenda YKK,BONFINÓPOLIS DE MINAS,MG,-16.528056,-46.2025,BR,private_aerodrome,Brasil,ANAC_privados
SNTA,SNTA,Fazenda São Miguel,POMPÉIA,SP,-21.868611,-50.116389,BR,private_aerodrome,Brasil,ANAC_privados
SNTB,SNTB,SANTA COLOMBA AGROPECUÁRIA,COCOS,BA,-14.773889,-45.561111,BR,private_aerodrome,Brasil,ANAC_privados
SNTC,SNTC,Fazenda Campo Alto,PRATA,MG,-19.357222,-48.771944,BR,private_aerodrome,Brasil,ANAC_privados
SNTD,SNTD,Fazenda Mamoneira,NATALÂNDIA,MG,-16.586389,-46.502222,BR,private_aerodrome,Brasil,ANAC_privados
SNTE,SNTE,Terras II,ITU,São Paulo,-23.342778,-47.306111,BR,heliport,Brasil,ANAC_helipontos
SNTG,SNTG,Deputado Gercino Coelho,FORMOSA DO RIO PRETO,BA,-11.275,-45.237778,BR,private_aerodrome,Brasil,ANAC_privados
SNTJ,SNTJ,Baltt,BALNEÁRIO CAMBORIÚ,Santa Catarina,-27.009722,-48.623889,BR,heliport,Brasil,ANAC_helipontos
SNTK,SNTK,Fazenda Bom Retiro,QUINTANA,SP,-22.176944,-50.388611,BR,private_aerodrome,Brasil,ANAC_privados
SNTL,SNTL,Fazenda Treze Estrelas,ARAGUAÍNA,TO,-7.2188889,-49.169167,BR,private_aerodrome,Brasil,ANAC_privados
SNTN,SNTN,Gama,BARUERI,São Paulo,-23.484722,-46.855833,BR,heliport,Brasil,ANAC_helipontos
SNTP,SNTP,Agropalma,TAILÂNDIA,PA,-2.5291667,-48.754722,BR,private_aerodrome,Brasil,ANAC_privados
SNTR,SNTR,Piritiba,PIRITIBA,BA,-11.738056,-40.569722,BR,private_aerodrome,Brasil,ANAC_privados
SNTT,SNTT,Teston,CIANORTE,Paraná,-23.656944,-52.539444,BR,heliport,Brasil,ANAC_helipontos
SNTU,SNTU,Fazenda Tupã,GAÚCHA DO NORTE,MT,-13.346944,-53.650556,BR,private_aerodrome,Brasil,ANAC_privados
SNTV,SNTV,Fazenda Timbaúba,SÃO DESIDÉRIO,BA,-12.519444,-46.151111,BR,private_aerodrome,Brasil,ANAC_privados
SNTW,SNTW,PeterFrut,VENDA NOVA DO IMIGRANTE,Espírito Santo,-20.399722,-41.082778,BR,heliport,Brasil,ANAC_helipontos
SNTX,SNTX,Fazenda Santo Antônio,BURITICUPU,MA,-4.5077778,-46.267222,BR,private_aerodrome,Brasil,ANAC_privados
SNTY,SNTY,Correntina,CORRENTINA,BA,-13.38,-44.621944,BR,private_aerodrome,Brasil,ANAC_privados
SNTZ,SNTZ,Gran Palazzo,CHAPECÓ,Santa Catarina,-27.110556,-52.615833,BR,heliport,Brasil,ANAC_helipontos
SNU2,SNU2,Hospital Mater Dei Nova Lima,NOVA LIMA,Minas Gerais,-19.982778,-43.945833,BR,heliport,Brasil,ANAC_helipontos
SNU3,SNU3,FAZENDA BELA UNIÃO,CHUPINGUAIA,RO,-12.746944,-60.953056,BR,private_aerodrome,Brasil,ANAC_privados
SNU4,SNU4,FAZENDA TRIUNFO,CORUMBÁ,MS,-17.874722,-57.131667,BR,private_aerodrome,Brasil,ANAC_privados
SNU6,SNU6,Ita Belém,VARGEM ALTA,Espírito Santo,-20.793056,-41.000278,BR,heliport,Brasil,ANAC_helipontos
SNU7,SNU7,Fazenda Santa Carmem,SANTA MARIA DAS BARREIRAS,PA,-8.4686111,-50.483056,BR,private_aerodrome,Brasil,ANAC_privados
SNU8,SNU8,Fazenda Terra Nova 5,GENERAL CARNEIRO,MT,-15.371667,-53.259167,BR,private_aerodrome,Brasil,ANAC_privados
SNU9,SNU9,CD Supermercados BH,CONTAGEM,Minas Gerais,-19.853333,-44.057222,BR,heliport,Brasil,ANAC_helipontos
SNUA,SNUA,Fazenda Paulista,SANTA TEREZINHA DE ITAIPU,PR,-25.391667,-54.41,BR,private_aerodrome,Brasil,ANAC_privados
SNUD,SNUD,Fazenda Arruda Ramos,PORTO ESPERIDIÃO,MT,-15.788889,-59.023889,BR,private_aerodrome,Brasil,ANAC_privados
SNUE,SNUE,Aero Sepé Aviação Agrícola,SÃO SEPÉ,RS,-30.184722,-53.639722,BR,private_aerodrome,Brasil,ANAC_privados
SNUF,SNUF,Alfa Airport Posse,SANTO ANTÔNIO DE POSSE,SP,-22.571944,-46.941944,BR,private_aerodrome,Brasil,ANAC_privados
SNUG,SNUG,Fazenda Eunice,VILA BELA DA SANTÍSSIMA TRINDADE,MT,-14.955556,-59.623611,BR,private_aerodrome,Brasil,ANAC_privados
SNUJ,SNUJ,Fazenda São Francisco,INDIAVAÍ,MT,-15.347222,-58.571667,BR,private_aerodrome,Brasil,ANAC_privados
SNUK,SNUK,Centúria Montana,FORMOSA DO RIO PRETO,BA,-11.288333,-46.060833,BR,private_aerodrome,Brasil,ANAC_privados
SNUL,SNUL,Uberlândia Business Tower,UBERLÂNDIA,Minas Gerais,-18.906111,-48.251111,BR,heliport,Brasil,ANAC_helipontos
SNUM,SNUM,Fazenda Córrego Fundo,ÁGUA BOA,MT,-13.730833,-52.694167,BR,private_aerodrome,Brasil,ANAC_privados
SNUP,SNUP,Usina Porto Rico,CAMPO ALEGRE,AL,-9.8025,-36.222222,BR,private_aerodrome,Brasil,ANAC_privados
SNUQ,SNUQ,Urupá Tradição,URUPÁ,Rondônia,-11.116389,-62.361111,BR,heliport,Brasil,ANAC_helipontos
SNUR,SNUR,Iguatemi Empresarial,FORTALEZA,Ceará,-3.7536111,-38.490556,BR,heliport,Brasil,ANAC_helipontos
SNUT,SNUT,De Utinga,UTINGA,BA,-12.105556,-41.074444,BR,private_aerodrome,Brasil,ANAC_privados
SNUU,SNUU,Fazenda Tainacan,NOVA CRIXÁS,GO,-14.135,-50.823611,BR,private_aerodrome,Brasil,ANAC_privados
SNUV,SNUV,Rancho Bela Vista,SÃO JOSÉ DO RIO CLARO,MT,-13.508333,-56.6375,BR,private_aerodrome,Brasil,ANAC_privados
SNUW,SNUW,Fazenda Morada Bela,MORADA NOVA DE MINAS,MG,-18.427222,-45.364167,BR,private_aerodrome,Brasil,ANAC_privados
SNUY,SNUY,Villa Santa Maria,SÃO BENTO DO SAPUCAÍ,São Paulo,-22.722778,-45.681667,BR,heliport,Brasil,ANAC_helipontos
SNUZ,SNUZ,Usina Coruripe,CORURIPE,AL,-10.093889,-36.186667,BR,private_aerodrome,Brasil,ANAC_privados
SNV1,SNV1,Fazenda Nova Vida,SANTO ANASTÁCIO,SP,-22.039444,-51.786389,BR,private_aerodrome,Brasil,ANAC_privados
SNV2,SNV2,Fazenda Vó Luzia,JUARA,MT,-11.496111,-57.888056,BR,private_aerodrome,Brasil,ANAC_privados
SNV3,SNV3,Hospital de Miguel Pereira,MIGUEL PEREIRA,Rio de Janeiro,-22.450556,-43.456667,BR,heliport,Brasil,ANAC_helipontos
SNV4,SNV4,FAZENDA BOA VISTA,TESOURO,MT,-15.871944,-53.255833,BR,private_aerodrome,Brasil,ANAC_privados
SNV6,SNV6,FAZENDA VITÓRIA,AMONTADA,CE,-3.3158333,-39.882778,BR,private_aerodrome,Brasil,ANAC_privados
SNV7,SNV7,Mineração Paraíba,CAÇAPAVA,São Paulo,-23.048611,-45.683611,BR,heliport,Brasil,ANAC_helipontos
SNV8,SNV8,FAZENDA SAO JORGE,PORANGATU,Goiás,-13.564444,-49.5375,BR,heliport,Brasil,ANAC_helipontos
SNV9,SNV9,Itanhangá,INDAIATUBA,São Paulo,-23.060833,-47.1875,BR,heliport,Brasil,ANAC_helipontos
SNVA,SNVA,Fazenda Bela Vista,CUMARU DO NORTE,PA,-7.9875,-50.631667,BR,private_aerodrome,Brasil,ANAC_privados
SNVE,SNVE,Fazenda Vale das Estrelas,AREAL,Rio de Janeiro,-22.270833,-43.140833,BR,heliport,Brasil,ANAC_helipontos
SNVF,SNVF,Banco Itaú-RJ,RIO DE JANEIRO,Rio de Janeiro,-22.899444,-43.223611,BR,heliport,Brasil,ANAC_helipontos
SNVG,SNVG,GL Freire,CAMPINAS,São Paulo,-22.915833,-47.006944,BR,heliport,Brasil,ANAC_helipontos
SNVH,SNVH,Fazenda Santa Helena,CÁCERES,MT,-16.241944,-57.983333,BR,private_aerodrome,Brasil,ANAC_privados
SNVJ,SNVJ,Fazenda Senhora Aparecida,TANGARÁ DA SERRA,MT,-14.703889,-58.542778,BR,private_aerodrome,Brasil,ANAC_privados
SNVL,SNVL,Nova Vida,SANTANA DO ARAGUAIA,PA,-9.5119444,-50.831944,BR,private_aerodrome,Brasil,ANAC_privados
SNVN,SNVN,Fazenda Vitória Santa,SANTA VITÓRIA,MG,-18.933333,-50.373056,BR,private_aerodrome,Brasil,ANAC_privados
SNVP,SNVP,Fazenda Paraíso,VÁRZEA DA PALMA,MG,-17.581944,-44.954444,BR,private_aerodrome,Brasil,ANAC_privados
SNVQ,SNVQ,Fazenda União,BRASILÂNDIA,MS,-20.669722,-52.903056,BR,private_aerodrome,Brasil,ANAC_privados
SNVR,SNVR,Skydive Itaparica,VERA CRUZ,BA,-13.023889,-38.665556,BR,private_aerodrome,Brasil,ANAC_privados
SNVT,SNVT,Pires do Rio,SÃO CAETANO DO SUL,São Paulo,-23.615278,-46.546667,BR,heliport,Brasil,ANAC_helipontos
SNVW,SNVW,Itanhanga Golf Club,RIO DE JANEIRO,Rio de Janeiro,-22.998333,-43.309444,BR,heliport,Brasil,ANAC_helipontos
SNVX,SNVX,Helisul Slin,SÃO JOSÉ,Santa Catarina,-27.542222,-48.624722,BR,heliport,Brasil,ANAC_helipontos
SNVY,SNVY,Fazenda Ouro Verde,PARANHOS,MS,-23.979444,-55.363056,BR,private_aerodrome,Brasil,ANAC_privados
SNVZ,SNVZ,Fazenda Flor da Serra,JABORANDI,BA,-14.100833,-46.179722,BR,private_aerodrome,Brasil,ANAC_privados
SNW2,SNW2,Sebold,JARAGUÁ DO SUL,Santa Catarina,-26.480556,-49.104167,BR,heliport,Brasil,ANAC_helipontos
SNW3,SNW3,Estancia Pau D'Alho,ARIPUANÃ,MT,-9.4641667,-60.525,BR,private_aerodrome,Brasil,ANAC_privados
SNW4,SNW4,Fazenda Santa Bárbara,ITACARAMBI,MG,-15.321111,-44.008333,BR,private_aerodrome,Brasil,ANAC_privados
SNW6,SNW6,Fazenda Alvorada do Piquiri,CORUMBÁ,MS,-17.234722,-56.016667,BR,private_aerodrome,Brasil,ANAC_privados
SNW7,SNW7,Fazenda São Paulo,SORRISO,MT,-11.993611,-55.736944,BR,private_aerodrome,Brasil,ANAC_privados
SNW9,SNW9,Fazenda Retiro,CRISTINO CASTRO,PI,-8.84,-43.961111,BR,private_aerodrome,Brasil,ANAC_privados
SNWA,SNWA,Albor,ARAQUARI,Santa Catarina,-26.558889,-48.699722,BR,heliport,Brasil,ANAC_helipontos
SNWB,SNWB,Bom Sossego,PORTO SEGURO,BA,-16.381111,-39.081111,BR,private_aerodrome,Brasil,ANAC_privados
SNWD,SNWD,Fazenda Guavirá,IGUATEMI,MS,-23.433611,-54.606389,BR,private_aerodrome,Brasil,ANAC_privados
SNWE,SNWE,Clube Estância Ouro Verde,SANTA RITA,PB,-7.0463889,-34.912778,BR,private_aerodrome,Brasil,ANAC_privados
SNWF,SNWF,Fazenda Cachoeirinha,PONTA PORÃ,MS,-22.44,-55.235833,BR,private_aerodrome,Brasil,ANAC_privados
SNWG,SNWG,Fazenda Iporã,ITAQUIRAÍ,MS,-23.586944,-54.057778,BR,private_aerodrome,Brasil,ANAC_privados
SNWH,SNWH,Fazenda São Matheus,QUERÊNCIA DO NORTE,PR,-22.961944,-53.546667,BR,private_aerodrome,Brasil,ANAC_privados
SNWJ,SNWJ,Fazenda Rancho Grande,INDIAVAÍ,MT,-15.205556,-58.627778,BR,private_aerodrome,Brasil,ANAC_privados
SNWK,SNWK,Fazenda Santa Terezinha,PEDRA PRETA,MT,-16.672778,-54.270278,BR,private_aerodrome,Brasil,ANAC_privados
SNWM,SNWM,Marcelo Machado,JUIZ DE FORA,Minas Gerais,-21.786111,-43.396944,BR,heliport,Brasil,ANAC_helipontos
SNWN,SNWN,Alexandre Castro e Silva,RECIFE,Pernambuco,-8.1116667,-34.8925,BR,heliport,Brasil,ANAC_helipontos
SNWO,SNWO,Fazenda Vera Cruz,AMAMBAI,MS,-23.018611,-54.629444,BR,private_aerodrome,Brasil,ANAC_privados
SNWP,SNWP,Fazenda Parecis,DIAMANTINO,MT,-13.913611,-57.479444,BR,private_aerodrome,Brasil,ANAC_privados
SNWQ,SNWQ,Fazenda Santa Cecília,JARI,RS,-29.328889,-54.336944,BR,private_aerodrome,Brasil,ANAC_privados
SNWT,SNWT,M Executive Taubaté,TAUBATÉ,São Paulo,-23.058611,-45.606389,BR,heliport,Brasil,ANAC_helipontos
SNWU,SNWU,Fazenda Ponte Quihá,ARAL MOREIRA,MS,-23.003889,-55.508889,BR,private_aerodrome,Brasil,ANAC_privados
SNWV,SNWV,Viganó 3,ESMERALDAS,Minas Gerais,-19.725556,-44.395278,BR,heliport,Brasil,ANAC_helipontos
SNWW,SNWW,Paradise Golf,MOGI DAS CRUZES,São Paulo,-23.590556,-46.258611,BR,heliport,Brasil,ANAC_helipontos
SNWY,SNWY,Rodoviária,VITÓRIA,Espírito Santo,-20.321944,-40.353056,BR,heliport,Brasil,ANAC_helipontos
SNWZ,SNWZ,Fazenda Santa Maria,SANTANA DO ARAGUAIA,PA,-9.3816667,-50.567778,BR,private_aerodrome,Brasil,ANAC_privados
SNX2,SNX2,FAZENDA ANEW,CORGUINHO,MS,-19.617778,-54.760833,BR,private_aerodrome,Brasil,ANAC_privados
SNX3,SNX3,ASPJ Jauá,CAMAÇARI,Bahia,-12.833333,-38.233056,BR,heliport,Brasil,ANAC_helipontos
SNX4,SNX4,Flyby,VÁRZEA GRANDE,MT,-15.656944,-56.297222,BR,private_aerodrome,Brasil,ANAC_privados
SNX6,SNX6,Fazenda Montana,LUÍS EDUARDO MAGALHÃES,BA,-11.956389,-45.9025,BR,private_aerodrome,Brasil,ANAC_privados
SNX7,SNX7,Cerrado Aero Agrícola,SÍTIO D'ABADIA,GO,-14.73,-46.444722,BR,private_aerodrome,Brasil,ANAC_privados
SNX8,SNX8,Fazenda Getúlio Vargas,NOVA UBIRATÃ,MT,-13.730833,-54.890556,BR,private_aerodrome,Brasil,ANAC_privados
SNX9,SNX9,Fazenda Fedrizzi,VERA,MT,-12.406944,-55.525556,BR,private_aerodrome,Brasil,ANAC_privados
SNXA,SNXA,Brigadeiro Sampaio,TAMBORIL,CE,-4.8577778,-40.375278,BR,private_aerodrome,Brasil,ANAC_privados
SNXD,SNXD,Gerdau,CONGONHAS,Minas Gerais,-20.538611,-43.756667,BR,heliport,Brasil,ANAC_helipontos
SNXF,SNXF,Igarashi 2,CRISTALINA,Goiás,-16.080278,-47.518611,BR,heliport,Brasil,ANAC_helipontos
SNXG,SNXG,Fazenda dos Castanhais,SAPUCAIA,PA,-6.7747222,-49.361389,BR,private_aerodrome,Brasil,ANAC_privados
SNXI,SNXI,Alberto Ramos,CORDISBURGO,MG,-19.086944,-44.328333,BR,private_aerodrome,Brasil,ANAC_privados
SNXK,SNXK,Fazenda Lagoa do Triunfo,SÃO FÉLIX DO XINGU,PA,-6.5388889,-52.769167,BR,private_aerodrome,Brasil,ANAC_privados
SNXL,SNXL,Superluna,BETIM,Minas Gerais,-19.997222,-44.178889,BR,heliport,Brasil,ANAC_helipontos
SNXM,SNXM,BBP,JARINU,São Paulo,-23.041111,-46.708611,BR,heliport,Brasil,ANAC_helipontos
SNXN,SNXN,Fazenda Novo Progresso,ALTAMIRA,PA,-6.6213889,-54.983889,BR,private_aerodrome,Brasil,ANAC_privados
SNXO,SNXO,Velo Città,MOGI GUAÇU,São Paulo,-22.285556,-46.851111,BR,heliport,Brasil,ANAC_helipontos
SNXP,SNXP,Fazenda Pontal,CARNEIRINHO,MG,-19.978056,-50.968056,BR,private_aerodrome,Brasil,ANAC_privados
SNXR,SNXR,Fazenda Conforto,ITAITUBA,PA,-7.3897222,-56.520278,BR,private_aerodrome,Brasil,ANAC_privados
SNXS,SNXS,Agropecuária Lazarotto,TAPURAH,MT,-12.615833,-56.622778,BR,private_aerodrome,Brasil,ANAC_privados
SNXT,SNXT,Pousada Alvorada,BARÃO DE MELGAÇO,MT,-17.181389,-56.021944,BR,private_aerodrome,Brasil,ANAC_privados
SNXU,SNXU,Fazenda Gruta Azul,DOIS IRMÃOS DO BURITI,MS,-20.479167,-55.325556,BR,private_aerodrome,Brasil,ANAC_privados
SNXV,SNXV,Tranquilo Testolin,FELIXLÂNDIA,MG,-18.762778,-45.113333,BR,private_aerodrome,Brasil,ANAC_privados
SNXW,SNXW,Yachthouse 01,BALNEÁRIO CAMBORIÚ,Santa Catarina,-27.007778,-48.607222,BR,heliport,Brasil,ANAC_helipontos
SNXY,SNXY,Cikel Brasil Verde,PORTEL,PA,-2.7002778,-50.528611,BR,private_aerodrome,Brasil,ANAC_privados
SNXZ,SNXZ,Fazenda Nazaré,SANTA FILOMENA,PI,-9.335,-45.5725,BR,private_aerodrome,Brasil,ANAC_privados
SNY2,SNY2,Haras Imperial,INHAÚMA,Minas Gerais,-19.481944,-44.400833,BR,heliport,Brasil,ANAC_helipontos
SNY3,SNY3,Lc Agropecuária,SUCUPIRA DO RIACHÃO,MA,-6.3202778,-43.423333,BR,private_aerodrome,Brasil,ANAC_privados
SNY4,SNY4,FAZENDA SANTA MARIA,AQUIDAUANA,MS,-19.534722,-55.625,BR,private_aerodrome,Brasil,ANAC_privados
SNY6,SNY6,José Antônio Mansur,CEDRAL,SP,-20.910556,-49.245,BR,private_aerodrome,Brasil,ANAC_privados
SNY7,SNY7,Fazenda Água Limpa,NOVA UBIRATÃ,MT,-13.411111,-54.748333,BR,private_aerodrome,Brasil,ANAC_privados
SNY8,SNY8,VALE DO XINGU,NOVA SANTA HELENA,MT,-10.805278,-55.093333,BR,private_aerodrome,Brasil,ANAC_privados
SNY9,SNY9,Grupo Petrópolis Teresópolis,TERESÓPOLIS,Rio de Janeiro,-22.185278,-42.843333,BR,heliport,Brasil,ANAC_helipontos
SNYC,SNYC,CICC,RIO DE JANEIRO,Rio de Janeiro,-22.908889,-43.198889,BR,heliport,Brasil,ANAC_helipontos
SNYD,SNYD,Ilha dos Sonhos,ANGRA DOS REIS,Rio de Janeiro,-22.969444,-44.315833,BR,heliport,Brasil,ANAC_helipontos
SNYF,SNYF,Fazenda Fortaleza,BRASILÂNDIA,MS,-20.947222,-52.721944,BR,private_aerodrome,Brasil,ANAC_privados
SNYG,SNYG,Naturágua,FORTALEZA,Ceará,-3.8252778,-38.471389,BR,heliport,Brasil,ANAC_helipontos
SNYH,SNYH,Fazenda Vale Sereno,CUMARU DO NORTE,PA,-8.7005556,-51.1725,BR,private_aerodrome,Brasil,ANAC_privados
SNYI,SNYI,Josidith II,LEOPOLDO DE BULHÕES,Goiás,-16.615,-48.789722,BR,heliport,Brasil,ANAC_helipontos
SNYJ,SNYJ,Pista São Jorge,JACAREACANGA,PA,-6.1347222,-57.401944,BR,private_aerodrome,Brasil,ANAC_privados
SNYK,SNYK,Isaias Luiz Pereira,NOVA UBIRATÃ,MT,-13.026389,-55.239722,BR,private_aerodrome,Brasil,ANAC_privados
SNYL,SNYL,Fazenda Morro Alto,NOVA CANAÃ DO NORTE,MT,-10.504444,-55.709722,BR,private_aerodrome,Brasil,ANAC_privados
SNYM,SNYM,Malwee,JARAGUÁ DO SUL,Santa Catarina,-26.518056,-49.126944,BR,heliport,Brasil,ANAC_helipontos
SNYN,SNYN,New York Tower,ARAÇATUBA,São Paulo,-21.228056,-50.436944,BR,heliport,Brasil,ANAC_helipontos
SNYO,SNYO,Fazenda Rio Preto,GUARARAPES,SP,-21.379167,-50.688889,BR,private_aerodrome,Brasil,ANAC_privados
SNYP,SNYP,Chácara Paraíso,BENEVIDES,PA,-1.3177778,-48.298889,BR,private_aerodrome,Brasil,ANAC_privados
SNYQ,SNYQ,Parque Empresarial Campinas,CAMPINAS,São Paulo,-22.838611,-47.034167,BR,heliport,Brasil,ANAC_helipontos
SNYS,SNYS,WD Agroindustrial,JOÃO PINHEIRO,MG,-18.2225,-45.995278,BR,private_aerodrome,Brasil,ANAC_privados
SNYT,SNYT,Ituaçu,ITUAÇU,BA,-13.828611,-41.302222,BR,private_aerodrome,Brasil,ANAC_privados
SNYV,SNYV,Fazenda Sococo,MOJU,PA,-2.1197222,-48.645833,BR,private_aerodrome,Brasil,ANAC_privados
SNYW,SNYW,Antônio Guerreiro,GUIMARÃES,MA,-2.1102778,-44.651667,BR,private_aerodrome,Brasil,ANAC_privados
SNYX,SNYX,Fazenda Fenix,CARANGOLA,MG,-20.779444,-41.995,BR,private_aerodrome,Brasil,ANAC_privados
SNYY,SNYY,Sítio São Luiz,BOA ESPERANÇA,PR,-24.2625,-52.792222,BR,private_aerodrome,Brasil,ANAC_privados
SNYZ,SNYZ,Fazenda Rio 18,CUMARU DO NORTE,PA,-8.4383333,-51.284722,BR,private_aerodrome,Brasil,ANAC_privados
SNZ1,SNZ1,Fazenda ZM,PORTO DOS GAÚCHOS,MT,-11.600833,-56.396389,BR,private_aerodrome,Brasil,ANAC_privados
SNZ2,SNZ2,Afife,UBERLÂNDIA,MG,-19.137778,-48.149167,BR,private_aerodrome,Brasil,ANAC_privados
SNZ3,SNZ3,Fazenda Santo Antônio,CUMARU DO NORTE,PA,-8.9005556,-51.566667,BR,private_aerodrome,Brasil,ANAC_privados
SNZ4,SNZ4,Fazenda Jequitibá,NOVA MUTUM,MT,-13.471667,-56.473056,BR,private_aerodrome,Brasil,ANAC_privados
SNZ6,SNZ6,FAZENDA CANAÃ,SÃO FELIPE D'OESTE,RO,-12.056389,-61.511667,BR,private_aerodrome,Brasil,ANAC_privados
SNZ7,SNZ7,FRANCO,SÃO JOSÉ DOS QUATRO MARCOS,MT,-15.420833,-58.195,BR,private_aerodrome,Brasil,ANAC_privados
SNZ8,SNZ8,Condomínio Residencial Bosque de Itapeba,MARICÁ,Rio de Janeiro,-22.928889,-42.859722,BR,heliport,Brasil,ANAC_helipontos
SNZ9,SNZ9,Roça Agronegócios,NOVO MUNDO,MT,-9.8580556,-55.388611,BR,private_aerodrome,Brasil,ANAC_privados
SNZB,SNZB,Rancho Sumidor,RIO DO OESTE,SC,-27.191944,-49.831389,BR,private_aerodrome,Brasil,ANAC_privados
SNZC,SNZC,Fazenda Cervinho,AQUIDAUANA,MS,-19.660556,-55.625278,BR,private_aerodrome,Brasil,ANAC_privados
SNZD,SNZD,Fazenda Capivara,PIMENTEIRAS DO OESTE,RO,-13.391389,-61.068889,BR,private_aerodrome,Brasil,ANAC_privados
SNZE,SNZE,Fazenda Santa Zélia,ITAQUI,RS,-29.300278,-55.888889,BR,private_aerodrome,Brasil,ANAC_privados
SNZF,SNZF,AFG II,TANGARÁ DA SERRA,MT,-14.405278,-58.229444,BR,private_aerodrome,Brasil,ANAC_privados
SNZG,SNZG,Fazenda São Benedito,CAPÃO BONITO,SP,-23.861111,-48.236667,BR,private_aerodrome,Brasil,ANAC_privados
SNZH,SNZH,Fazenda Novo Horizonte,JAÍBA,MG,-15.432222,-43.911389,BR,private_aerodrome,Brasil,ANAC_privados
SNZI,SNZI,Helvétia,INDAIATUBA,São Paulo,-23.06,-47.16,BR,heliport,Brasil,ANAC_helipontos
SNZJ,SNZJ,Edifício América,ARARAQUARA,São Paulo,-21.805,-48.173611,BR,heliport,Brasil,ANAC_helipontos
SNZK,SNZK,Fazenda Canadá,ITACARAMBI,MG,-15.023333,-44.043333,BR,private_aerodrome,Brasil,ANAC_privados
SNZL,SNZL,Usina São Luiz,OURINHOS,SP,-22.9475,-49.761111,BR,private_aerodrome,Brasil,ANAC_privados
SNZM,SNZM,JCPM Trade Center,RECIFE,Pernambuco,-8.0897222,-34.881944,BR,heliport,Brasil,ANAC_helipontos
SNZN,SNZN,Fazenda Naná Porã,SETE QUEDAS,MS,-23.837778,-55.184722,BR,private_aerodrome,Brasil,ANAC_privados
SNZO,SNZO,Fazenda Bebida Velha,TOUROS,RN,-5.2972222,-35.536389,BR,private_aerodrome,Brasil,ANAC_privados
SNZP,SNZP,Fazenda Três Lagoas,SAPEZAL,MT,-13.258333,-58.728056,BR,private_aerodrome,Brasil,ANAC_privados
SNZQ,SNZQ,Yamana Gold,JACOBINA,Bahia,-11.26,-40.518333,BR,heliport,Brasil,ANAC_helipontos
SNZS,SNZS,Fazenda Vô Zeca,SANTA TEREZINHA,MT,-10.348611,-50.676389,BR,private_aerodrome,Brasil,ANAC_privados
SNZT,SNZT,Fazenda Recreio,PARAGOMINAS,PA,-3.505,-48.333611,BR,private_aerodrome,Brasil,ANAC_privados
SNZU,SNZU,Vila Nova,TOMÉ-AÇU,PA,-2.8555556,-48.232778,BR,private_aerodrome,Brasil,ANAC_privados
SNZV,SNZV,Fazenda Beira Rio,ULIANÓPOLIS,PA,-3.7227778,-47.477778,BR,private_aerodrome,Brasil,ANAC_privados
SNZW,SNZW,De Itubera,ITUBERÁ,BA,-13.731667,-39.140556,BR,private_aerodrome,Brasil,ANAC_privados
SNZX,SNZX,WSTC,FORTALEZA,Ceará,-3.7880556,-38.479444,BR,heliport,Brasil,ANAC_helipontos
SNZZ,SNZZ,Muzzi,CORURIPE,AL,-9.9680556,-36.198611,BR,private_aerodrome,Brasil,ANAC_privados
SS07,SS07,Fazenda Lote 07,TAPURAH,MT,-12.708889,-56.810278,BR,private_aerodrome,Brasil,ANAC_privados
SS0L,SS0L,Parque São Lourenço II,NOVA ODESSA,São Paulo,-22.766944,-47.245833,BR,heliport,Brasil,ANAC_helipontos
SS1B,SS1B,B & J (Balestrin e Jakomel) Sky Haven,JOAÇABA,Santa Catarina,-27.1775,-51.521389,BR,heliport,Brasil,ANAC_helipontos
SS1H,SS1H,MEDIANEIRA,MEDIANEIRA,PR,-25.308611,-54.075278,BR,private_aerodrome,Brasil,ANAC_privados
SS1L,SS1L,Fazenda Laguna,BARRO ALTO,GO,-14.724167,-48.891944,BR,private_aerodrome,Brasil,ANAC_privados
SS1M,SS1M,Fazenda Santa Marcia,DOVERLÂNDIA,GO,-16.577778,-52.523611,BR,private_aerodrome,Brasil,ANAC_privados
SS22,SS22,FAZENDA PINTASSILGO,TABAPORÃ,MT,-11.633611,-56.181389,BR,private_aerodrome,Brasil,ANAC_privados
SS23,SS23,Aero Zolet,ANTÔNIO PRADO,RS,-28.859722,-51.334167,BR,private_aerodrome,Brasil,ANAC_privados
SS24,SS24,Quinta do Olivardo,SÃO ROQUE,São Paulo,-23.575833,-47.140556,BR,heliport,Brasil,ANAC_helipontos
SS25,SS25,Maria Ravanello,PEIXOTO DE AZEVEDO,MT,-10.063056,-53.933333,BR,private_aerodrome,Brasil,ANAC_privados
SS26,SS26,HELIPONTO GERDAU MIGUEL BURNIER,OURO PRETO,Minas Gerais,-20.433611,-43.781111,BR,heliport,Brasil,ANAC_helipontos
SS27,SS27,FAZENDA REUNIDAS VALE DO JULIANA,IGRAPIÚNA,BA,-13.847778,-39.296111,BR,private_aerodrome,Brasil,ANAC_privados
SS28,SS28,Fazenda Nova Espadilha,ITAQUIRAÍ,MS,-23.559167,-54.199444,BR,private_aerodrome,Brasil,ANAC_privados
SS29,SS29,FAZENDA MODELO,SINOP,MT,-11.708889,-55.309722,BR,private_aerodrome,Brasil,ANAC_privados
SS2A,SS2A,FAZENDA PORTOPORÃ,PORTO DOS GAÚCHOS,MT,-11.653889,-56.142778,BR,private_aerodrome,Brasil,ANAC_privados
SS2B,SS2B,Braço do Norte,NOVO MUNDO,MT,-9.5211111,-55.040278,BR,private_aerodrome,Brasil,ANAC_privados
SS2C,SS2C,AGRO BESS,MARCELÂNDIA,MT,-11.160833,-54.268611,BR,private_aerodrome,Brasil,ANAC_privados
SS2D,SS2D,Agro Bess,CAMPOS NOVOS,SC,-27.3275,-51.238889,BR,private_aerodrome,Brasil,ANAC_privados
SS2E,SS2E,FAZENDA ESMERALDA,PORTO VELHO,RO,-9.2088889,-64.256111,BR,private_aerodrome,Brasil,ANAC_privados
SS2F,SS2F,Villa Campestre,CAMPO ALEGRE,Santa Catarina,-26.195,-49.293611,BR,heliport,Brasil,ANAC_helipontos
SS2G,SS2G,Fazenda Chapéu,BOM JESUS DO ARAGUAIA,MT,-12.439167,-51.62,BR,private_aerodrome,Brasil,ANAC_privados
SS2H,SS2H,Fazenda Vista Alegre,ÁGUA CLARA,MS,-19.739167,-52.606389,BR,private_aerodrome,Brasil,ANAC_privados
SS2I,SS2I,Ilha de Curupu,RAPOSA,Maranhão,-2.4508333,-44.028333,BR,heliport,Brasil,ANAC_helipontos
SS2J,SS2J,HELIPONTO HELIJONES,ITATIAIUÇU,Minas Gerais,-20.165833,-44.367222,BR,heliport,Brasil,ANAC_helipontos
SS2K,SS2K,CBMRS,PORTO ALEGRE,Rio Grande do Sul,-30.041667,-51.203056,BR,heliport,Brasil,ANAC_helipontos
SS2L,SS2L,IBRAME I,ITATIAIA,Rio de Janeiro,-22.484167,-44.552222,BR,heliport,Brasil,ANAC_helipontos
SS2M,SS2M,FAZENDA 2 M,NOVA ROMA,GO,-14.006111,-47.0175,BR,private_aerodrome,Brasil,ANAC_privados
SS2N,SS2N,Fazenda Maná,TUNTUM,MA,-5.9683333,-44.6325,BR,private_aerodrome,Brasil,ANAC_privados
SS2O,SS2O,FAZENDA SEMEAR,SÃO DESIDÉRIO,BA,-13.027778,-45.410556,BR,private_aerodrome,Brasil,ANAC_privados
SS2P,SS2P,Aeropark Serra Dourada,HIDROLÂNDIA,GO,-17.015,-49.205278,BR,private_aerodrome,Brasil,ANAC_privados
SS2Q,SS2Q,Major Brigadeiro do Ar Rui Moreira Lima,COLINAS,MA,-6.0755556,-44.268889,BR,private_aerodrome,Brasil,ANAC_privados
SS2R,SS2R,FAZENDA TERRA ROXA,SÃO FÉLIX DO XINGU,PA,-9.1483333,-51.761667,BR,private_aerodrome,Brasil,ANAC_privados
SS2S,SS2S,Fazenda CJB Agronegócio,RIBAS DO RIO PARDO,MS,-19.841111,-53.778611,BR,private_aerodrome,Brasil,ANAC_privados
SS2T,SS2T,FAZENDA ESTÂNCIA SANTA MARIA,CORGUINHO,MS,-19.698889,-55.135833,BR,private_aerodrome,Brasil,ANAC_privados
SS2U,SS2U,Fazenda Nova Fronteira,DIVINÓPOLIS DO TOCANTINS,TO,-9.5447222,-49.433333,BR,private_aerodrome,Brasil,ANAC_privados
SS2V,SS2V,FAZENDA SABAÚNA,FIGUEIRÃO,MS,-18.649722,-54.196944,BR,private_aerodrome,Brasil,ANAC_privados
SS2W,SS2W,Fazenda Concórdia,FORMOSA DO RIO PRETO,BA,-10.256389,-45.669722,BR,private_aerodrome,Brasil,ANAC_privados
SS2X,SS2X,AGROPECUÁRIA JACARAÍ,ALEGRETE,RS,-29.663056,-55.948333,BR,private_aerodrome,Brasil,ANAC_privados
SS2Y,SS2Y,Fazenda Alto Paraíso,ALTO PARAÍSO DE GOIÁS,GO,-14.404444,-47.653056,BR,private_aerodrome,Brasil,ANAC_privados
SS2Z,SS2Z,FAZENDA SÃO LUIZ,ABREULÂNDIA,TO,-9.3866667,-49.310556,BR,private_aerodrome,Brasil,ANAC_privados
SS32,SS32,AERÓDROMO PCH TELEGRÁFICA,CAMPOS DE JÚLIO,MT,-12.851944,-58.941389,BR,private_aerodrome,Brasil,ANAC_privados
SS34,SS34,Fazenda Tanabi,URANDI,BA,-14.639722,-42.706667,BR,private_aerodrome,Brasil,ANAC_privados
SS36,SS36,Base Grifo,GUAÍRA,Paraná,-24.075278,-54.252778,BR,heliport,Brasil,ANAC_helipontos
SS38,SS38,AGROPECUÁRIA SANTA ALICE,IGUATEMI,MS,-23.143611,-54.507778,BR,private_aerodrome,Brasil,ANAC_privados
SS39,SS39,Fazenda Nova Califórnia,SACRAMENTO,MG,-19.959167,-47.095278,BR,private_aerodrome,Brasil,ANAC_privados
SS3A,SS3A,Fazenda São Francisco,MONTE ALEGRE DE MINAS,MG,-18.562222,-49.013333,BR,private_aerodrome,Brasil,ANAC_privados
SS3B,SS3B,Fazenda LB,VILA BELA DA SANTÍSSIMA TRINDADE,MT,-15.898611,-60.088611,BR,private_aerodrome,Brasil,ANAC_privados
SS3D,SS3D,CAFE BURITI,PASSAGEM FRANCA,MA,-5.9986111,-43.715278,BR,private_aerodrome,Brasil,ANAC_privados
SS3E,SS3E,BRISANET,PEREIRO,CE,-6.1847222,-38.517222,BR,private_aerodrome,Brasil,ANAC_privados
SS3F,SS3F,Sítio Chaparral,DIVINÓPOLIS,Minas Gerais,-20.183333,-44.902778,BR,heliport,Brasil,ANAC_helipontos
SS3G,SS3G,Romaer Aviação Agrícola,ARAL MOREIRA,MS,-22.931389,-55.588611,BR,private_aerodrome,Brasil,ANAC_privados
SS3H,SS3H,ESTÂNCIA SANTO ANTÔNIO,MAÇAMBARÁ,RS,-29.009167,-55.736111,BR,private_aerodrome,Brasil,ANAC_privados
SS3I,SS3I,Pista Rio Bonito,ITAITUBA,PA,-6.2619444,-55.834444,BR,private_aerodrome,Brasil,ANAC_privados
SS3J,SS3J,LOS HERMANOS COMPETIÇÕES,IMBITUVA,Paraná,-25.211389,-50.606667,BR,heliport,Brasil,ANAC_helipontos
SS3K,SS3K,GRUPO B & A,SIDROLÂNDIA,MS,-21.268611,-55.011667,BR,private_aerodrome,Brasil,ANAC_privados
SS3L,SS3L,Fazenda Flor da Mata,SÃO JOSÉ DO XINGU,MT,-10.735278,-52.83,BR,private_aerodrome,Brasil,ANAC_privados
SS3M,SS3M,Três Marias,RIO NEGRO,MS,-19.532222,-54.883333,BR,private_aerodrome,Brasil,ANAC_privados
SS3N,SS3N,Eduque Caldas Novas,CALDAS NOVAS,Goiás,-17.701389,-48.5925,BR,heliport,Brasil,ANAC_helipontos
SS3O,SS3O,Acassu Ecofazenda,ACARÁ,Pará,-1.5944444,-48.3025,BR,heliport,Brasil,ANAC_helipontos
SS3P,SS3P,Continental,JUÍNA,MT,-10.885,-59.030278,BR,private_aerodrome,Brasil,ANAC_privados
SS3Q,SS3Q,FAZENDA CORRENTE,SÃO MIGUEL DO GUAPORÉ,RO,-12.006111,-62.792222,BR,private_aerodrome,Brasil,ANAC_privados
SS3R,SS3R,Pista Grupo Venetto,PEIXE,TO,-11.754444,-48.709722,BR,private_aerodrome,Brasil,ANAC_privados
SS3S,SS3S,Fazenda Nossa Senhora Aparecida,PORTO MURTINHO,MS,-21.763333,-57.771944,BR,private_aerodrome,Brasil,ANAC_privados
SS3T,SS3T,FAZENDA PARANÁ,BALSAS,MA,-9.3041667,-46.668333,BR,private_aerodrome,Brasil,ANAC_privados
SS3U,SS3U,VÔ ANÍBAL,PORTO VELHO,RO,-9.0877778,-63.8575,BR,private_aerodrome,Brasil,ANAC_privados
SS3V,SS3V,HELIPONTO TERMAS ROMANAS,RESTINGA SÊCA,Rio Grande do Sul,-29.699167,-53.493056,BR,heliport,Brasil,ANAC_helipontos
SS3W,SS3W,FAZENDA MATÃO,NOVA BRASILÂNDIA,MT,-14.672222,-55.2125,BR,private_aerodrome,Brasil,ANAC_privados
SS3X,SS3X,DBJ,PORTO FELIZ,São Paulo,-23.284722,-47.546667,BR,heliport,Brasil,ANAC_helipontos
SS3Y,SS3Y,Ecoparque,CASCAVEL,Paraná,-24.9975,-53.541667,BR,heliport,Brasil,ANAC_helipontos
SS3Z,SS3Z,PSA AGRO,AMARANTE DO MARANHÃO,MA,-5.4455556,-46.784722,BR,private_aerodrome,Brasil,ANAC_privados
SS40,SS40,RM Araçoiaba,ARAÇOIABA DA SERRA,São Paulo,-23.558889,-47.735833,BR,heliport,Brasil,ANAC_helipontos
SS42,SS42,GRUPO PLENITUDE,NOVA SANTA HELENA,MT,-10.889722,-55.253333,BR,private_aerodrome,Brasil,ANAC_privados
SS43,SS43,Fazenda Capim,IPIXUNA DO PARÁ,PA,-3.4338889,-48.820556,BR,private_aerodrome,Brasil,ANAC_privados
SS44,SS44,Fazenda Nova Aurora,LAMBARI D'OESTE,MT,-15.506667,-57.747222,BR,private_aerodrome,Brasil,ANAC_privados
SS46,SS46,FAZENDA MORADA DE DEUS,NOVA MUTUM,MT,-14.023611,-55.542222,BR,private_aerodrome,Brasil,ANAC_privados
SS47,SS47,FAZENDA UIRAPURU,NOVA MUTUM,MT,-13.665,-56.002222,BR,private_aerodrome,Brasil,ANAC_privados
SS48,SS48,FAZENDA SÃO FRANCISCO,PORTO DOS GAÚCHOS,MT,-11.816667,-56.243611,BR,private_aerodrome,Brasil,ANAC_privados
SS49,SS49,FAZENDA GLÓRIA,NOVA LACERDA,MT,-14.1175,-60.165278,BR,private_aerodrome,Brasil,ANAC_privados
SS4A,SS4A,Fazenda Potrich III,NOVA UBIRATÃ,MT,-13.420556,-55.031111,BR,private_aerodrome,Brasil,ANAC_privados
SS4B,SS4B,Avenida Consolação 1601,SÃO PAULO,São Paulo,-23.551389,-46.655556,BR,heliport,Brasil,ANAC_helipontos
SS4C,SS4C,Fartura,FARTURA,SP,-23.395278,-49.488333,BR,private_aerodrome,Brasil,ANAC_privados
SS4D,SS4D,FCF - Fazenda Córrego das Flores,APARECIDA DO TABOADO,MS,-20.11,-51.214444,BR,private_aerodrome,Brasil,ANAC_privados
SS4F,SS4F,Pista São Francisco,ALTAMIRA,PA,-4.4786111,-53.8325,BR,private_aerodrome,Brasil,ANAC_privados
SS4G,SS4G,Petrasalis,ITAJAÍ,Santa Catarina,-26.908611,-48.750556,BR,heliport,Brasil,ANAC_helipontos
SS4H,SS4H,Grupo Morena,CAMPO NOVO DO PARECIS,MT,-13.815556,-57.663889,BR,private_aerodrome,Brasil,ANAC_privados
SS4I,SS4I,FAZENDA REUNIDAS,LIZARDA,TO,-9.4141667,-46.693889,BR,private_aerodrome,Brasil,ANAC_privados
SS4K,SS4K,Fazenda 3 Rios,BALSAS,MA,-9.0294444,-46.785833,BR,private_aerodrome,Brasil,ANAC_privados
SS4L,SS4L,Major Brigadeiro Pedro Frazão de Medeiros Lima,PRINCESA ISABEL,PB,-7.7169444,-37.926667,BR,private_aerodrome,Brasil,ANAC_privados
SS4M,SS4M,HELIPONTO DMA,CONTAGEM,Minas Gerais,-19.913889,-44.0425,BR,heliport,Brasil,ANAC_helipontos
SS4N,SS4N,FAZENDA AGROPECUÁRIA SÃO BENEDITO,BRASNORTE,MT,-12.4175,-57.595833,BR,private_aerodrome,Brasil,ANAC_privados
SS4O,SS4O,FAZENDA NOSSA SENHORA APARECIDA,GAÚCHA DO NORTE,MT,-13.204722,-53.647222,BR,private_aerodrome,Brasil,ANAC_privados
SS4P,SS4P,Fazenda Apunã,NOVO ARIPUANÃ,AM,-5.9138889,-59.953889,BR,private_aerodrome,Brasil,ANAC_privados
SS4Q,SS4Q,CISS,DOIS VIZINHOS,Paraná,-25.741944,-53.050278,BR,heliport,Brasil,ANAC_helipontos
SS4T,SS4T,Fazenda União,SÃO FÉLIX DO XINGU,PA,-9.7311111,-51.713056,BR,private_aerodrome,Brasil,ANAC_privados
SS4U,SS4U,Cajamar,BARRA DO CORDA,MA,-5.6397222,-45.229167,BR,private_aerodrome,Brasil,ANAC_privados
SS4V,SS4V,Fazenda Ipiranga,ANASTÁCIO,MS,-20.976111,-55.565556,BR,private_aerodrome,Brasil,ANAC_privados
SS4W,SS4W,FAZENDA BORORO,SANTA RITA DO PARDO,MS,-20.769444,-53.061944,BR,private_aerodrome,Brasil,ANAC_privados
SS4X,SS4X,Fazenda Santo Antônio,CORUMBÁ,MS,-17.680833,-55.907222,BR,private_aerodrome,Brasil,ANAC_privados
SS4Y,SS4Y,Fazenda São João,CARAMBEÍ,Paraná,-24.820556,-50.126944,BR,heliport,Brasil,ANAC_helipontos
SS4Z,SS4Z,FAZENDA CAPÃO REDONDO,CORRENTINA,BA,-13.311111,-45.829167,BR,private_aerodrome,Brasil,ANAC_privados
SS57,SS57,Quadra 57,PORTO FELIZ,São Paulo,-23.356389,-47.564167,BR,heliport,Brasil,ANAC_helipontos
SS62,SS62,Angelina,GILBUÉS,PI,-9.3611111,-45.333056,BR,private_aerodrome,Brasil,ANAC_privados
SS63,SS63,FAZENDA AMIZADE,CORRENTINA,BA,-13.412222,-46.059444,BR,private_aerodrome,Brasil,ANAC_privados
SS64,SS64,Nampur Trancoso,PORTO SEGURO,Bahia,-16.576667,-39.091111,BR,heliport,Brasil,ANAC_helipontos
SS66,SS66,Fazenda Paraíso,BONFIM,RR,3.3125,-60.348056,BR,private_aerodrome,Brasil,ANAC_privados
SS67,SS67,Estância Namuncurá,ITACURUBI,RS,-28.712222,-55.478333,BR,private_aerodrome,Brasil,ANAC_privados
SS69,SS69,AERÓDROMO ELDORADO DOS GERAIS,FORMOSA DO RIO PRETO,BA,-11.031667,-46.356944,BR,private_aerodrome,Brasil,ANAC_privados
SS6A,SS6A,Fazenda Novale,SANTA RITA DE CÁSSIA,BA,-11.38,-44.818056,BR,private_aerodrome,Brasil,ANAC_privados
SS6B,SS6B,Fazenda Americana,CARIRI DO TOCANTINS,TO,-11.796667,-49.106944,BR,private_aerodrome,Brasil,ANAC_privados
SS6C,SS6C,AERÓDROMO FAZENDA MAFISA,BAIXA GRANDE DO RIBEIRO,PI,-8.0811111,-44.954167,BR,private_aerodrome,Brasil,ANAC_privados
SS6D,SS6D,Fazenda Duas Âncoras,BARRA DO GARÇAS,MT,-14.938333,-52.173333,BR,private_aerodrome,Brasil,ANAC_privados
SS6F,SS6F,JSAQ8L26,GUARUJÁ,São Paulo,-23.917778,-46.214167,BR,heliport,Brasil,ANAC_helipontos
SS6G,SS6G,Hospital de Clínicas da UFU - Centro de Traumas da UFU-8DJU,UBERLÂNDIA,Minas Gerais,-18.881111,-48.260278,BR,heliport,Brasil,ANAC_helipontos
SS6H,SS6H,FAZENDA SÃO JUDAS TADEU,BRASILÂNDIA,MS,-20.929722,-52.682222,BR,private_aerodrome,Brasil,ANAC_privados
SS6I,SS6I,Fazenda Ema,SANTA MARIA DAS BARREIRAS,PA,-8.5572222,-49.956944,BR,private_aerodrome,Brasil,ANAC_privados
SS6J,SS6J,Recanto dos Guimarães,RORAINÓPOLIS,RR,0.183333333,-60.796389,BR,private_aerodrome,Brasil,ANAC_privados
SS6K,SS6K,Fazenda Geriva,BRASILÂNDIA,MS,-21.153056,-52.476667,BR,private_aerodrome,Brasil,ANAC_privados
SS6L,SS6L,Fazenda Pajeú,GOVERNADOR ARCHER,MA,-4.9538889,-44.251389,BR,private_aerodrome,Brasil,ANAC_privados
SS6M,SS6M,BSM,MORRO DA GARÇA,Minas Gerais,-18.528056,-44.619444,BR,heliport,Brasil,ANAC_helipontos
SS6N,SS6N,Fazenda Santo Antônio,CACEQUI,RS,-29.831389,-54.649722,BR,private_aerodrome,Brasil,ANAC_privados
SS6Q,SS6Q,Aviação Santa Barbara,SANTA BÁRBARA DO SUL,Rio Grande do Sul,-28.34,-53.157778,BR,heliport,Brasil,ANAC_helipontos
SS6S,SS6S,Hospital das Clínicas Samuel Libânio,POUSO ALEGRE,Minas Gerais,-22.226667,-45.930278,BR,heliport,Brasil,ANAC_helipontos
SS6T,SS6T,MJ Marino Franz,IPIRANGA DO NORTE,MT,-12.367778,-56.2525,BR,private_aerodrome,Brasil,ANAC_privados
SS6W,SS6W,Fazenda Jutaituba,PORTEL,PA,-2.9888889,-50.261389,BR,private_aerodrome,Brasil,ANAC_privados
SS6X,SS6X,Napemo,PERDIZES,Minas Gerais,-19.297222,-47.271111,BR,heliport,Brasil,ANAC_helipontos
SS6Y,SS6Y,Faria Lima Plaza,SÃO PAULO,São Paulo,-23.566111,-46.693333,BR,heliport,Brasil,ANAC_helipontos
SS6Z,SS6Z,DPC,CONTAGEM,Minas Gerais,-19.86,-44.052222,BR,heliport,Brasil,ANAC_helipontos
SS72,SS72,Heliponto CIMATEC PARK,CAMAÇARI,Bahia,-12.708333,-38.176389,BR,heliport,Brasil,ANAC_helipontos
SS73,SS73,Fazenda Boa Sorte,PALESTINA DO PARÁ,PA,-5.6905556,-48.217222,BR,private_aerodrome,Brasil,ANAC_privados
SS74,SS74,São João,PARANAÍTA,MT,-9.4622222,-57.025556,BR,private_aerodrome,Brasil,ANAC_privados
SS76,SS76,SANTA CECÍLIA,RIO DE JANEIRO,Rio de Janeiro,-22.978611,-43.270833,BR,heliport,Brasil,ANAC_helipontos
SS77,SS77,Deltaville,BIGUAÇU,Santa Catarina,-27.479722,-48.668889,BR,heliport,Brasil,ANAC_helipontos
SS78,SS78,Fazenda Vó Afife,SANTA CRUZ DO XINGU,MT,-10.098333,-52.781111,BR,private_aerodrome,Brasil,ANAC_privados
SS79,SS79,Gratidão,BALNEÁRIO PIÇARRAS,Santa Catarina,-26.766111,-48.680833,BR,heliport,Brasil,ANAC_helipontos
SS7A,SS7A,Heliponto Marina Escarpas,CAPITÓLIO,Minas Gerais,-20.627222,-46.019444,BR,heliport,Brasil,ANAC_helipontos
SS7B,SS7B,FAZENDA PARDES,PRESIDENTE MÉDICI,RO,-11.014722,-61.942222,BR,private_aerodrome,Brasil,ANAC_privados
SS7C,SS7C,FAZENDA TERRA PRETA,CARACARAÍ,RR,-0.87638889,-61.933333,BR,private_aerodrome,Brasil,ANAC_privados
SS7D,SS7D,PETROBRAS Vale do Açu,ALTO DO RODRIGUES,Rio Grande do Norte,-5.3822222,-36.821667,BR,heliport,Brasil,ANAC_helipontos
SS7E,SS7E,Fazenda Santa Beatriz,RIACHINHO,MG,-16.321389,-46.223333,BR,private_aerodrome,Brasil,ANAC_privados
SS7F,SS7F,FAZENDA MATA DO LOBO,RIO VERDE,GO,-18.130556,-50.724444,BR,private_aerodrome,Brasil,ANAC_privados
SS7G,SS7G,Fazenda Amazônia,BOM JARDIM,MA,-4.2516667,-46.586667,BR,private_aerodrome,Brasil,ANAC_privados
SS7H,SS7H,Fazenda Umuarama,COTEGIPE,BA,-11.706389,-44.601944,BR,private_aerodrome,Brasil,ANAC_privados
SS7I,SS7I,Inquima,CAMBÉ,Paraná,-23.295278,-51.315833,BR,heliport,Brasil,ANAC_helipontos
SS7J,SS7J,Apaam Aerodesporto,LUCAS DO RIO VERDE,MT,-12.99,-55.957222,BR,private_aerodrome,Brasil,ANAC_privados
SS7K,SS7K,SANTO ANTÔNIO,CÁCERES,MT,-15.961667,-57.195556,BR,private_aerodrome,Brasil,ANAC_privados
SS7L,SS7L,Fazenda Formigueiro,ITACURUBI,RS,-28.718611,-55.267778,BR,private_aerodrome,Brasil,ANAC_privados
SS7M,SS7M,Vinícola Terra De Carvalho,JACUTINGA,Minas Gerais,-22.260556,-46.693889,BR,heliport,Brasil,ANAC_helipontos
SS7N,SS7N,Fazenda Aliança,BAIXA GRANDE DO RIBEIRO,PI,-8.2444444,-44.986389,BR,private_aerodrome,Brasil,ANAC_privados
SS7O,SS7O,Fazenda Paulista,OURO VERDE,SP,-21.581667,-51.708611,BR,private_aerodrome,Brasil,ANAC_privados
SS7P,SS7P,PRG 1,MATEIROS,TO,-10.398056,-46.037778,BR,private_aerodrome,Brasil,ANAC_privados
SS7Q,SS7Q,Fazenda Guara-Garganta,FORMOSA DO RIO PRETO,BA,-11.181944,-46.434167,BR,private_aerodrome,Brasil,ANAC_privados
SS7R,SS7R,FAZENDA JOÃO E MARIA,ITUPORANGA,Santa Catarina,-27.432222,-49.550556,BR,heliport,Brasil,ANAC_helipontos
SS7S,SS7S,Fazenda Boa Esperança,SALTO DO CÉU,MT,-15.094722,-57.715278,BR,private_aerodrome,Brasil,ANAC_privados
SS7T,SS7T,Fazenda Eldorado,NOVA XAVANTINA,MT,-14.702222,-52.1175,BR,private_aerodrome,Brasil,ANAC_privados
SS7U,SS7U,Fazenda Palmeiras,PARECIS,RO,-12.069722,-61.204167,BR,private_aerodrome,Brasil,ANAC_privados
SS7V,SS7V,Fazenda Sagarana I,CORRENTINA,BA,-13.773611,-46.197222,BR,private_aerodrome,Brasil,ANAC_privados
SS7W,SS7W,AAGR - Associação Aerodesportiva de Guaporé,GUAPORÉ,RS,-28.895,-51.854444,BR,private_aerodrome,Brasil,ANAC_privados
SS7X,SS7X,Tomé-Açu,TOMÉ-AÇU,PA,-2.4238889,-48.24,BR,private_aerodrome,Brasil,ANAC_privados
SS7Y,SS7Y,Fazenda Piratini,DOM AQUINO,MT,-15.497222,-54.584167,BR,private_aerodrome,Brasil,ANAC_privados
SS7Z,SS7Z,Fazenda Paraíso Arpa,DUERÉ,TO,-11.3,-49.641389,BR,private_aerodrome,Brasil,ANAC_privados
SS82,SS82,CARARÁ,ALMEIRIM,PA,-0.075,-53.119722,BR,private_aerodrome,Brasil,ANAC_privados
SS83,SS83,Fazenda Cochilo,BURITIZEIRO,MG,-17.118611,-45.421111,BR,private_aerodrome,Brasil,ANAC_privados
SS86,SS86,Fazenda Rio de Janeiro,BARREIRAS,BA,-11.935833,-46.083889,BR,private_aerodrome,Brasil,ANAC_privados
SS87,SS87,FAZENDA ALEXANDRIA,PORTO VELHO,RO,-9.0147222,-63.977222,BR,private_aerodrome,Brasil,ANAC_privados
SS88,SS88,Fazenda Caravelas,BURITIZEIRO,MG,-17.6575,-45.0525,BR,private_aerodrome,Brasil,ANAC_privados
SS89,SS89,Fazenda São Vicente (MS0778),CORUMBÁ,MS,-18.746389,-56.358056,BR,private_aerodrome,Brasil,ANAC_privados
SS8A,SS8A,FAZENDA FÊNIX,RIO VERDE DE MATO GROSSO,MS,-18.96,-54.798889,BR,private_aerodrome,Brasil,ANAC_privados
SS8B,SS8B,Aura Almas,ALMAS,Tocantins,-11.700833,-47.166667,BR,heliport,Brasil,ANAC_helipontos
SS8C,SS8C,Fazenda Orion,BELA VISTA,MS,-22.021111,-56.329167,BR,private_aerodrome,Brasil,ANAC_privados
SS8D,SS8D,GUARAJUBA BEACH COUNTRY,CAMAÇARI,Bahia,-12.633056,-38.095278,BR,heliport,Brasil,ANAC_helipontos
SS8E,SS8E,FAZENDA CHIBATA,BRITÂNIA,GO,-15.421111,-51.092778,BR,private_aerodrome,Brasil,ANAC_privados
SS8F,SS8F,FAZENDA SANTA MARIA,SORRISO,MT,-12.9,-55.927778,BR,private_aerodrome,Brasil,ANAC_privados
SS8G,SS8G,Fazenda Carisma,POCONÉ,MT,-16.105556,-56.608611,BR,private_aerodrome,Brasil,ANAC_privados
SS8H,SS8H,Fazenda Santo Antônio,RIBAS DO RIO PARDO,MS,-21.410278,-53.308333,BR,private_aerodrome,Brasil,ANAC_privados
SS8I,SS8I,Pelisão,SANTA RITA DO TRIVELATO,MT,-13.913056,-55.2525,BR,private_aerodrome,Brasil,ANAC_privados
SS8J,SS8J,FAZENDA SÃO FRANCISCO,VILA RICA,MT,-10.041667,-51.588333,BR,private_aerodrome,Brasil,ANAC_privados
SS8K,SS8K,Fazenda Três Unidos,TERRA ROXA,PR,-24.051111,-54.006667,BR,private_aerodrome,Brasil,ANAC_privados
SS8L,SS8L,Fazenda Tupancy,RIO VERDE DE MATO GROSSO,MS,-18.513056,-55.152778,BR,private_aerodrome,Brasil,ANAC_privados
SS8M,SS8M,AERO AGRÍCOLA NORTE SUL,COLNIZA,MT,-9.4269444,-59.247778,BR,private_aerodrome,Brasil,ANAC_privados
SS8N,SS8N,FAZENDA SÃO LOURENÇO,ALTO GARÇAS,MT,-16.997778,-53.459722,BR,private_aerodrome,Brasil,ANAC_privados
SS8O,SS8O,SOPHIE,ARARANGUÁ,Santa Catarina,-28.9225,-49.348889,BR,heliport,Brasil,ANAC_helipontos
SS8P,SS8P,Hospital Macaé D'or,MACAÉ,Rio de Janeiro,-22.390833,-41.81,BR,heliport,Brasil,ANAC_helipontos
SS8Q,SS8Q,Topázio,NOVA LIMA,Minas Gerais,-20.133611,-43.962222,BR,heliport,Brasil,ANAC_helipontos
SS8R,SS8R,FAZENDA PASSO DO LOBO,NOVA MUTUM,MT,-13.773611,-56.142778,BR,private_aerodrome,Brasil,ANAC_privados
SS8S,SS8S,Aeródromo Agropecuária BIM - Fazenda Cristalina,TESOURO,MT,-16.263056,-53.397222,BR,private_aerodrome,Brasil,ANAC_privados
SS8T,SS8T,FAZENDA PAIABANHA,MONTE DO CARMO,TO,-10.35,-47.957778,BR,private_aerodrome,Brasil,ANAC_privados
SS8U,SS8U,Nosso Paraíso,BARREIRINHAS,Maranhão,-2.7302778,-42.769167,BR,heliport,Brasil,ANAC_helipontos
SS8V,SS8V,Associação Aerodesportiva Colina,CAMPO MOURÃO,PR,-24.029167,-52.411667,BR,private_aerodrome,Brasil,ANAC_privados
SS8W,SS8W,Heliponto Ibiti do Paço,SOROCABA,São Paulo,-23.457778,-47.450833,BR,heliport,Brasil,ANAC_helipontos
SS8X,SS8X,Diplomata,UBERABA,MG,-19.4025,-48.0575,BR,private_aerodrome,Brasil,ANAC_privados
SS8Y,SS8Y,Rancho Leoncini,NOVA XAVANTINA,MT,-14.675833,-52.385833,BR,private_aerodrome,Brasil,ANAC_privados
SS8Z,SS8Z,Grupo Carreira,CAIAPÔNIA,GO,-17.246667,-51.359167,BR,private_aerodrome,Brasil,ANAC_privados
SS93,SS93,Rio Formoso,FORMOSO DO ARAGUAIA,TO,-12.013056,-49.683056,BR,private_aerodrome,Brasil,ANAC_privados
SS94,SS94,Fazenda Três Cerros,BELA VISTA,MS,-21.975278,-56.802222,BR,private_aerodrome,Brasil,ANAC_privados
SS96,SS96,Fazenda Conquista,LIMEIRA DO OESTE,MG,-19.574167,-50.555278,BR,private_aerodrome,Brasil,ANAC_privados
SS97,SS97,Fazenda Sinopema,TABAPORÃ,MT,-11.446667,-56.453611,BR,private_aerodrome,Brasil,ANAC_privados
SS98,SS98,Petroserra,FEIRA DE SANTANA,Bahia,-12.277222,-38.921389,BR,heliport,Brasil,ANAC_helipontos
SS99,SS99,Fazenda Veronezi,GRÃO PARÁ,SC,-28.144722,-49.284722,BR,private_aerodrome,Brasil,ANAC_privados
SS9A,SS9A,Fazenda Horizontina Leste,TASSO FRAGOSO,MA,-7.8716667,-45.735556,BR,private_aerodrome,Brasil,ANAC_privados
SS9B,SS9B,Fazenda Petróleo,CONFRESA,MT,-10.363333,-51.526944,BR,private_aerodrome,Brasil,ANAC_privados
SS9C,SS9C,Brejo do Caipira,GUATAPARÁ,SP,-21.550556,-47.977222,BR,private_aerodrome,Brasil,ANAC_privados
SS9D,SS9D,FAZENDA DONA IRILDE,LUCAS DO RIO VERDE,MT,-12.74,-56.206944,BR,private_aerodrome,Brasil,ANAC_privados
SS9E,SS9E,Fazenda Figueira Branca,NOVA SANTA HELENA,MT,-10.706389,-54.835278,BR,private_aerodrome,Brasil,ANAC_privados
SS9F,SS9F,Pré-Fabricar,IBIRAMA,Santa Catarina,-27.104722,-49.524444,BR,heliport,Brasil,ANAC_helipontos
SS9G,SS9G,Hospital Geral e Maternidade Tereza Ramos,LAGES,Santa Catarina,-27.818889,-50.334167,BR,heliport,Brasil,ANAC_helipontos
SS9H,SS9H,Fazenda Matos,JARAGUARI,MS,-20.077222,-54.1925,BR,private_aerodrome,Brasil,ANAC_privados
SS9I,SS9I,Fazenda Maravilha,MONTIVIDIU DO NORTE,GO,-12.910278,-48.845,BR,private_aerodrome,Brasil,ANAC_privados
SS9J,SS9J,Fazenda Três Fronteiras,COLNIZA,MT,-9.1241667,-61.199722,BR,private_aerodrome,Brasil,ANAC_privados
SS9K,SS9K,Torquefly,TIMÓTEO,Minas Gerais,-19.556944,-42.595278,BR,heliport,Brasil,ANAC_helipontos
SS9L,SS9L,MHL,JARAGUÁ DO SUL,Santa Catarina,-26.411389,-49.109444,BR,heliport,Brasil,ANAC_helipontos
SS9M,SS9M,TJMG,BELO HORIZONTE,Minas Gerais,-19.944444,-43.922222,BR,heliport,Brasil,ANAC_helipontos
SS9O,SS9O,Rio Sauípe Aeropark,ITANAGRA,BA,-12.306389,-38.0125,BR,private_aerodrome,Brasil,ANAC_privados
SS9P,SS9P,Grupo Golin Agro,CANTO DO BURITI,PI,-8.1166667,-43.138611,BR,private_aerodrome,Brasil,ANAC_privados
SS9Q,SS9Q,Aerofrásio,PARELHAS,RN,-6.7044444,-36.680556,BR,private_aerodrome,Brasil,ANAC_privados
SS9R,SS9R,Fazenda Triangulo Formoso,BURITIZEIRO,MG,-17.425556,-44.989444,BR,private_aerodrome,Brasil,ANAC_privados
SS9S,SS9S,Fazenda São Francisco,MONTE DO CARMO,TO,-11.102778,-48.033056,BR,private_aerodrome,Brasil,ANAC_privados
SS9T,SS9T,Teboa,RIO BRILHANTE,MS,-21.484444,-54.963056,BR,private_aerodrome,Brasil,ANAC_privados
SS9U,SS9U,Autódromo - Resgate Principal,GOIÂNIA,Goiás,-16.718333,-49.193333,BR,heliport,Brasil,ANAC_helipontos
SS9W,SS9W,Retiro Pouso Alto Fazenda Cruz Alta,CORUMBÁ,MS,-19.016389,-55.815833,BR,private_aerodrome,Brasil,ANAC_privados
SS9X,SS9X,Heliponto Grupo 3T,MARIANA,Minas Gerais,-20.33,-43.4525,BR,heliport,Brasil,ANAC_helipontos
SS9Y,SS9Y,44,INHUMAS,Goiás,-16.370278,-49.520556,BR,heliport,Brasil,ANAC_helipontos
SS9Z,SS9Z,Fazenda Silmar,VILA BELA DA SANTÍSSIMA TRINDADE,MT,-16.225,-60.089167,BR,private_aerodrome,Brasil,ANAC_privados
SSA0,SSA0,Fazenda Castelo,PORTO VELHO,RO,-8.7341667,-63.755,BR,private_aerodrome,Brasil,ANAC_privados
SSA3,SSA3,Fazenda Mainau,JEREMOABO,BA,-9.9430556,-38.520278,BR,private_aerodrome,Brasil,ANAC_privados
SSA4,SSA4,Fazenda Angelim,BAIXA GRANDE DO RIBEIRO,PI,-8.9811111,-45.423056,BR,private_aerodrome,Brasil,ANAC_privados
SSA6,SSA6,Rincão Porã,DIAMANTINO,MT,-13.743333,-57.348056,BR,private_aerodrome,Brasil,ANAC_privados
SSA7,SSA7,Fazenda Sete,JABORANDI,BA,-14.134444,-45.421389,BR,private_aerodrome,Brasil,ANAC_privados
SSA8,SSA8,Fazenda Olho D´Água Airport,SÃO DOMINGOS,GO,-13.638889,-46.722222,BR,private_aerodrome,Brasil,ANAC_privados
SSA9,SSA9,Fazenda Lagoa,BARREIRAS,BA,-11.828056,-45.830556,BR,private_aerodrome,Brasil,ANAC_privados
SSAA,SSAA,Hospital da Unimed,BELO HORIZONTE,Minas Gerais,-19.921944,-43.919722,BR,heliport,Brasil,ANAC_helipontos
SSAD,SSAD,Fazenda Ribeirão,CHAPADÃO DO SUL,MS,-18.763056,-52.926111,BR,private_aerodrome,Brasil,ANAC_privados
SSAF,SSAF,Aeroclube de Foz do Iguaçu,SANTA TEREZINHA DE ITAIPU,PR,-25.369722,-54.470556,BR,private_aerodrome,Brasil,ANAC_privados
SSAG,SSAG,Fazenda  Lobo,ÁGUA CLARA,MS,-19.716667,-52.725556,BR,private_aerodrome,Brasil,ANAC_privados
SSAH,SSAH,Fazenda Sorriso,SÃO FÉLIX DO ARAGUAIA,MT,-11.5275,-51.223056,BR,private_aerodrome,Brasil,ANAC_privados
SSAI,SSAI,Fazenda Panamá,IACIARA,GO,-14.104722,-46.798333,BR,private_aerodrome,Brasil,ANAC_privados
SSAJ,SSAJ,Fazenda Serra Azul,MEDINA,Minas Gerais,-16.206944,-41.471667,BR,heliport,Brasil,ANAC_helipontos
SSAL,SSAL,Mostardeiro,PORTO ALEGRE,Rio Grande do Sul,-30.027778,-51.203889,BR,heliport,Brasil,ANAC_helipontos
SSAM,SSAM,Posto de Proteção Ambiental Santo André,BARÃO DE MELGAÇO,MT,-16.7725,-56.1725,BR,private_aerodrome,Brasil,ANAC_privados
SSAO,SSAO,Fazenda Olhos D'Água,BAIXA GRANDE,BA,-12.004722,-40.273056,BR,private_aerodrome,Brasil,ANAC_privados
SSAR,SSAR,SC Araras,PETRÓPOLIS,Rio de Janeiro,-22.427222,-43.216944,BR,heliport,Brasil,ANAC_helipontos
SSAT,SSAT,Vazante,VAZANTE,MG,-17.954722,-46.861111,BR,private_aerodrome,Brasil,ANAC_privados
SSAU,SSAU,Centeno,TAPES,RS,-30.745278,-51.431667,BR,private_aerodrome,Brasil,ANAC_privados
SSAV,SSAV,Fazenda Amonguijá,PORTO MURTINHO,MS,-21.689722,-57.475,BR,private_aerodrome,Brasil,ANAC_privados
SSAW,SSAW,West Gate,BARUERI,São Paulo,-23.502778,-46.848056,BR,heliport,Brasil,ANAC_helipontos
SSAY,SSAY,Sítio Pouso do Aviador,CAMPO GRANDE,MS,-20.486111,-54.483333,BR,private_aerodrome,Brasil,ANAC_privados
SSAZ,SSAZ,Stratus Ale,NATAL,RN,-5.7380556,-35.218611,BR,private_aerodrome,Brasil,ANAC_privados
SSB2,SSB2,Âncora Lodge,GAÚCHA DO NORTE,MT,-13.210556,-52.959444,BR,private_aerodrome,Brasil,ANAC_privados
SSB3,SSB3,Fazenda Sao Sebastiao Do Iriri,ALTAMIRA,PA,-6.025,-53.725,BR,private_aerodrome,Brasil,ANAC_privados
SSB4,SSB4,São Braz Bahia,SANTO AMARO,Bahia,-12.373056,-38.807222,BR,heliport,Brasil,ANAC_helipontos
SSB6,SSB6,Fazenda Orion,CÁCERES,MT,-17.094167,-58.250833,BR,private_aerodrome,Brasil,ANAC_privados
SSB7,SSB7,Fazenda Santa Paula,JABORANDI,BA,-14.185556,-45.846111,BR,private_aerodrome,Brasil,ANAC_privados
SSB8,SSB8,Fazenda Buriti,SÃO FÉLIX DO XINGU,PA,-6.6913889,-51.945556,BR,private_aerodrome,Brasil,ANAC_privados
SSB9,SSB9,Fazenda Brasília,JUSSARA,GO,-15.339167,-51.495833,BR,private_aerodrome,Brasil,ANAC_privados
SSBA,SSBA,Fazenda Arizona,FORMOSA DO RIO PRETO,BA,-11.183611,-45.947222,BR,private_aerodrome,Brasil,ANAC_privados
SSBB,SSBB,Fazenda Balada,JOÃO PINHEIRO,MG,-17.376111,-45.95,BR,private_aerodrome,Brasil,ANAC_privados
SSBC,SSBC,Fazenda Barra do Tietê,CASTILHO,SP,-20.726111,-51.588611,BR,private_aerodrome,Brasil,ANAC_privados
SSBD,SSBD,Fiocruz,RIO DE JANEIRO,Rio de Janeiro,-22.88,-43.240556,BR,heliport,Brasil,ANAC_helipontos
SSBF,SSBF,Fazenda JL,APARECIDA DO TABOADO,MS,-20.004444,-51.386667,BR,private_aerodrome,Brasil,ANAC_privados
SSBI,SSBI,Condomínio Irmãos Gatto,BARREIRAS,BA,-11.853056,-46.303056,BR,private_aerodrome,Brasil,ANAC_privados
SSBJ,SSBJ,Fazenda Savana,RIACHÃO DAS NEVES,BA,-11.560556,-45.552222,BR,private_aerodrome,Brasil,ANAC_privados
SSBK,SSBK,Fazenda Araruna,SONORA,MS,-17.582778,-54.640833,BR,private_aerodrome,Brasil,ANAC_privados
SSBP,SSBP,Parque Barigui,CURITIBA,Paraná,-25.431111,-49.315278,BR,heliport,Brasil,ANAC_helipontos
SSBQ,SSBQ,Fazenda Brusque,SANTA CRUZ DO XINGU,MT,-10.15,-52.286389,BR,private_aerodrome,Brasil,ANAC_privados
SSBS,SSBS,Fazenda Selena,ALTO GARÇAS,MT,-16.532222,-53.278056,BR,private_aerodrome,Brasil,ANAC_privados
SSBT,SSBT,Fazenda Santa Ilídia,BATAYPORÃ,MS,-22.325,-53.095,BR,private_aerodrome,Brasil,ANAC_privados
SSBX,SSBX,Fazenda Lageado,COXIM,MS,-18.445556,-54.795833,BR,private_aerodrome,Brasil,ANAC_privados
SSBY,SSBY,Orlando Chesini Ometto,MIRANDA,MS,-20.098889,-56.793889,BR,private_aerodrome,Brasil,ANAC_privados
SSBZ,SSBZ,Umberto Modiano,ARMAÇÃO DOS BÚZIOS,RJ,-22.771111,-41.963333,BR,private_aerodrome,Brasil,ANAC_privados
SSC2,SSC2,Aeroleves,CANTÁ,RR,2.76222222,-60.588889,BR,private_aerodrome,Brasil,ANAC_privados
SSC3,SSC3,Fazenda Santa Maria,ITAITUBA,PA,-7.1466667,-56.723889,BR,private_aerodrome,Brasil,ANAC_privados
SSC4,SSC4,Fazenda Tapuio,SERRARIA,Paraíba,-6.8261111,-35.656111,BR,heliport,Brasil,ANAC_helipontos
SSC6,SSC6,Residencial Marina Guarujá,GUARUJÁ,São Paulo,-23.931389,-46.203889,BR,heliport,Brasil,ANAC_helipontos
SSC7,SSC7,Fazenda Maria II,JABORANDI,BA,-14.407778,-45.702778,BR,private_aerodrome,Brasil,ANAC_privados
SSC8,SSC8,FAZENDA DONA FRANCISCA,PARANATINGA,MT,-14.348333,-54.206111,BR,private_aerodrome,Brasil,ANAC_privados
SSC9,SSC9,Fazenda Tara,SÃO DESIDÉRIO,BA,-12.843056,-45.941667,BR,private_aerodrome,Brasil,ANAC_privados
SSCA,SSCA,Fazenda Pantanal,CHAPADÃO DO SUL,MS,-18.734722,-52.605,BR,private_aerodrome,Brasil,ANAC_privados
SSCC,SSCC,SC401 Square Corporate,FLORIANÓPOLIS,Santa Catarina,-27.534444,-48.509722,BR,heliport,Brasil,ANAC_helipontos
SSCE,SSCE,Emival Caiado,SÃO JOSÉ DE MIPIBU,RN,-6.0116667,-35.290556,BR,private_aerodrome,Brasil,ANAC_privados
SSCF,SSCF,Max Fontoura,CAMPO LARGO,PR,-25.432222,-49.53,BR,private_aerodrome,Brasil,ANAC_privados
SSCG,SSCG,Orla 62,ANGRA DOS REIS,Rio de Janeiro,-23.038333,-44.195833,BR,heliport,Brasil,ANAC_helipontos
SSCH,SSCH,Fazenda Cachoeirão,NOVA ANDRADINA,MS,-21.598333,-53.226944,BR,private_aerodrome,Brasil,ANAC_privados
SSCM,SSCM,Fazenda Caçadinha,RIO BRILHANTE,MS,-21.615556,-54.796111,BR,private_aerodrome,Brasil,ANAC_privados
SSCO,SSCO,Cmt. Marilda Zaiden de Mesquita,CAPÃO DO LEÃO,RS,-31.774167,-52.451389,BR,private_aerodrome,Brasil,ANAC_privados
SSCS,SSCS,Continental Square,SÃO PAULO,São Paulo,-23.595833,-46.683889,BR,heliport,Brasil,ANAC_helipontos
SSCW,SSCW,Fazenda Centro Oeste,NOVA MARINGÁ,MT,-13.405556,-57.151111,BR,private_aerodrome,Brasil,ANAC_privados
SSCX,SSCX,Fazenda Coxilha,COXILHA,RS,-28.116667,-52.316667,BR,private_aerodrome,Brasil,ANAC_privados
SSCY,SSCY,Sikorski,CAMPO LARGO,Paraná,-25.438611,-49.448611,BR,heliport,Brasil,ANAC_helipontos
SSCZ,SSCZ,Hospital Santa Isabel,BLUMENAU,Santa Catarina,-26.923889,-49.066389,BR,heliport,Brasil,ANAC_helipontos
SSD1,SSD1,Fazenda 28,DESCOBERTO,Minas Gerais,-21.415,-43.036667,BR,heliport,Brasil,ANAC_helipontos
SSD2,SSD2,Fazenda São Manoel,LONDRINA,Paraná,-23.602222,-51.092778,BR,heliport,Brasil,ANAC_helipontos
SSDA,SSDA,Água Mansa,SÃO SEBASTIÃO,São Paulo,-23.741111,-45.404167,BR,heliport,Brasil,ANAC_helipontos
SSDB,SSDB,Fazenda Baviera,ITAGIBÁ,Bahia,-14.121111,-39.829167,BR,heliport,Brasil,ANAC_helipontos
SSDC,SSDC,Caxixe (ACA),VENDA NOVA DO IMIGRANTE,ES,-20.388611,-41.078333,BR,private_aerodrome,Brasil,ANAC_privados
SSDE,SSDE,Cardio Pulmonar,SALVADOR,Bahia,-13.006111,-38.500278,BR,heliport,Brasil,ANAC_helipontos
SSDF,SSDF,Ecides Fires,SÃO SEBASTIÃO DO PASSÉ,BA,-12.517222,-38.500278,BR,private_aerodrome,Brasil,ANAC_privados
SSDG,SSDG,Fazenda Nossa Senhora das Graças,SORRISO,MT,-12.896389,-55.834444,BR,private_aerodrome,Brasil,ANAC_privados
SSDH,SSDH,Fazenda Chapadão Alegre,CORRENTINA,BA,-13.432222,-45.301111,BR,private_aerodrome,Brasil,ANAC_privados
SSDI,SSDI,Fazenda Bacatuba,BURITI BRAVO,MA,-5.6583333,-43.705556,BR,private_aerodrome,Brasil,ANAC_privados
SSDJ,SSDJ,Dias Branco,FORTALEZA,Ceará,-3.7452778,-38.499722,BR,heliport,Brasil,ANAC_helipontos
SSDK,SSDK,São Pedro,IGARATINGA,MG,-20.075833,-44.728333,BR,private_aerodrome,Brasil,ANAC_privados
SSDL,SSDL,Fazenda Ribeirão,RIBEIRO GONÇALVES,PI,-8.0086111,-45.333056,BR,private_aerodrome,Brasil,ANAC_privados
SSDM,SSDM,Fazenda Serinhaém,ITUBERÁ,BA,-13.833333,-38.988889,BR,private_aerodrome,Brasil,ANAC_privados
SSDN,SSDN,Fazenda Nova Fronteira,MATEIROS,TO,-10.3225,-45.984167,BR,private_aerodrome,Brasil,ANAC_privados
SSDO,SSDO,São Pedro,PORTO SEGURO,BA,-16.753889,-39.316389,BR,private_aerodrome,Brasil,ANAC_privados
SSDP,SSDP,Fazenda Fortaleza do Guaporé,VILA BELA DA SANTÍSSIMA TRINDADE,MT,-14.463611,-60.175,BR,private_aerodrome,Brasil,ANAC_privados
SSDQ,SSDQ,Fazenda Marema,MIRANDA,MS,-20.182222,-56.635278,BR,private_aerodrome,Brasil,ANAC_privados
SSDR,SSDR,Hospital Copa D'OR,RIO DE JANEIRO,Rio de Janeiro,-22.965556,-43.190278,BR,heliport,Brasil,ANAC_helipontos
SSDT,SSDT,Fazenda Pau D'Arco,REDENÇÃO,PA,-7.9436111,-50.176389,BR,private_aerodrome,Brasil,ANAC_privados
SSDU,SSDU,Fazenda Duas Lagoas,CÁCERES,MT,-16.163056,-58.183889,BR,private_aerodrome,Brasil,ANAC_privados
SSDV,SSDV,Fazenda Santa Maria,CORUMBÁ,MS,-18.209444,-55.465556,BR,private_aerodrome,Brasil,ANAC_privados
SSDW,SSDW,Fazenda Potrich,SORRISO,MT,-12.915556,-55.535556,BR,private_aerodrome,Brasil,ANAC_privados
SSDX,SSDX,Fazenda da Coxilha,CAMAQUÃ,RS,-31.0,-51.700556,BR,private_aerodrome,Brasil,ANAC_privados
SSDZ,SSDZ,Fazenda Requinte,SÃO DESIDÉRIO,BA,-12.805278,-46.142778,BR,private_aerodrome,Brasil,ANAC_privados
SSEA,SSEA,Sesc Serra Azul,ROSÁRIO OESTE,MT,-14.476667,-55.7125,BR,private_aerodrome,Brasil,ANAC_privados
SSEB,SSEB,Mata Serena,SÃO DOMINGOS,GO,-13.773333,-46.770278,BR,private_aerodrome,Brasil,ANAC_privados
SSEC,SSEC,Fazenda F5,TUPACIGUARA,MG,-18.364167,-48.872222,BR,private_aerodrome,Brasil,ANAC_privados
SSED,SSED,Fazenda Escalada,PEDRO GOMES,MS,-17.964722,-54.430556,BR,private_aerodrome,Brasil,ANAC_privados
SSEF,SSEF,Fazenda Passaredo,CAJURU,SP,-21.326944,-47.231111,BR,private_aerodrome,Brasil,ANAC_privados
SSEG,SSEG,Sementes Guerra,RENASCENÇA,PR,-26.29,-52.937222,BR,private_aerodrome,Brasil,ANAC_privados
SSEJ,SSEJ,Moinho Velho,EMBU DAS ARTES,São Paulo,-23.626111,-46.845556,BR,heliport,Brasil,ANAC_helipontos
SSEL,SSEL,ANAMI,SÃO JOSÉ DOS PINHAIS,Paraná,-25.592778,-49.184444,BR,heliport,Brasil,ANAC_helipontos
SSEM,SSEM,Fazenda Girassol do Prata,SANTO ANTÔNIO DO LEVERGER,MT,-16.206667,-55.295278,BR,private_aerodrome,Brasil,ANAC_privados
SSEN,SSEN,Bainho de Baixo,BARÃO DE MELGAÇO,MT,-16.734167,-55.739444,BR,private_aerodrome,Brasil,ANAC_privados
SSEO,SSEO,MS Maragogi,MARAGOGI,Alagoas,-9.0230556,-35.225,BR,heliport,Brasil,ANAC_helipontos
SSES,SSES,Hemmer,BLUMENAU,Santa Catarina,-26.884444,-49.138333,BR,heliport,Brasil,ANAC_helipontos
SSET,SSET,Sunset,IMBITUBA,SC,-28.179444,-48.682778,BR,private_aerodrome,Brasil,ANAC_privados
SSEU,SSEU,Tabocal,ITAITUBA,PA,-7.2827778,-56.581944,BR,private_aerodrome,Brasil,ANAC_privados
SSEV,SSEV,Fazenda São Camilo,CORUMBÁ,MS,-18.087222,-57.131389,BR,private_aerodrome,Brasil,ANAC_privados
SSEW,SSEW,Sítio Limoeiro,PARDINHO,SP,-23.145556,-48.309722,BR,private_aerodrome,Brasil,ANAC_privados
SSEX,SSEX,Estância Caiman,MIRANDA,MS,-19.968889,-56.311667,BR,private_aerodrome,Brasil,ANAC_privados
SSEY,SSEY,Fazenda Umburanas,IBICUÍ,Bahia,-14.53,-39.863056,BR,heliport,Brasil,ANAC_helipontos
SSFA,SSFA,Foz do Areia,PINHÃO,PR,-25.981667,-51.640833,BR,private_aerodrome,Brasil,ANAC_privados
SSFC,SSFC,Safra,DOM PEDRITO,RS,-31.0225,-54.621667,BR,private_aerodrome,Brasil,ANAC_privados
SSFE,SSFE,Estância Hércules,FOZ DO IGUAÇU,PR,-25.461667,-54.597222,BR,private_aerodrome,Brasil,ANAC_privados
SSFF,SSFF,Pitangueira,AGROLÂNDIA,Santa Catarina,-27.376111,-49.830556,BR,heliport,Brasil,ANAC_helipontos
SSFH,SSFH,Vale dos Dinossauros,UBERABA,MG,-19.785,-47.811667,BR,private_aerodrome,Brasil,ANAC_privados
SSFI,SSFI,Fazenda Eldorado da Formosa,CORUMBÁ,MS,-17.908333,-56.565833,BR,private_aerodrome,Brasil,ANAC_privados
SSFJ,SSFJ,Fazenda Retiro da Cachoeira,CAMPO GRANDE,MS,-20.810833,-54.618056,BR,private_aerodrome,Brasil,ANAC_privados
SSFM,SSFM,Fazenda Montani,BAIXA GRANDE DO RIBEIRO,PI,-8.0238889,-44.892222,BR,private_aerodrome,Brasil,ANAC_privados
SSFN,SSFN,Fazenda Nazaré,CORUMBÁ,MS,-18.673611,-57.123333,BR,private_aerodrome,Brasil,ANAC_privados
SSFP,SSFP,Fazenda Porto Rancho,SANTA CRUZ CABRÁLIA,Bahia,-16.373611,-39.320278,BR,heliport,Brasil,ANAC_helipontos
SSFR,SSFR,18 do Forte Empresarial,BARUERI,São Paulo,-23.483889,-46.856667,BR,heliport,Brasil,ANAC_helipontos
SSFS,SSFS,Fazenda Sapezal,SAPEZAL,MT,-13.3325,-58.782222,BR,private_aerodrome,Brasil,ANAC_privados
SSFT,SSFT,Nanete Têxtil,JARAGUÁ DO SUL,Santa Catarina,-26.538056,-49.132778,BR,heliport,Brasil,ANAC_helipontos
SSFU,SSFU,Antonio Furlaneto,DOM ELISEU,PA,-4.4355556,-47.598611,BR,private_aerodrome,Brasil,ANAC_privados
SSFV,SSFV,Fazenda Viveiros,PIRAPORA,MG,-17.486667,-44.958889,BR,private_aerodrome,Brasil,ANAC_privados
SSFW,SSFW,Fazenda Progresso,MUCUGÊ,BA,-13.157222,-41.507222,BR,private_aerodrome,Brasil,ANAC_privados
SSFX,SSFX,Fazenda Primavera,NOVA FÁTIMA,PR,-23.455833,-50.575833,BR,private_aerodrome,Brasil,ANAC_privados
SSFY,SSFY,Furnas Centrais Elétricas,FOZ DO IGUAÇU,Paraná,-25.473333,-54.541944,BR,heliport,Brasil,ANAC_helipontos
SSFZ,SSFZ,Fazenda Carolina,BURITIS,MG,-15.594722,-46.603333,BR,private_aerodrome,Brasil,ANAC_privados
SSGC,SSGC,Fazenda Chapadão,SANTO ANTÔNIO DO LEVERGER,MT,-15.821111,-55.999167,BR,private_aerodrome,Brasil,ANAC_privados
SSGD,SSGD,Fazenda Porta do Céu,JABORANDI,BA,-14.115556,-45.838889,BR,private_aerodrome,Brasil,ANAC_privados
SSGE,SSGE,Fazenda Periquitos,TRÊS LAGOAS,MS,-20.501667,-51.833056,BR,private_aerodrome,Brasil,ANAC_privados
SSGF,SSGF,Fazenda Formosa,RIBAS DO RIO PARDO,MS,-20.197222,-53.223611,BR,private_aerodrome,Brasil,ANAC_privados
SSGH,SSGH,Fazenda Capão Verde,AQUIDAUANA,MS,-20.073889,-56.073333,BR,private_aerodrome,Brasil,ANAC_privados
SSGI,SSGI,LC CORPORATE GREEN TOWER,FORTALEZA,Ceará,-3.7266667,-38.504444,BR,heliport,Brasil,ANAC_helipontos
SSGJ,SSGJ,Fazenda Poleiro Grande,CORUMBÁ,MS,-17.250278,-56.274444,BR,private_aerodrome,Brasil,ANAC_privados
SSGK,SSGK,Hospital Público Regional de Betim,BETIM,Minas Gerais,-19.947778,-44.189722,BR,heliport,Brasil,ANAC_helipontos
SSGL,SSGL,FNSC,SORRISO,MT,-12.408611,-55.935,BR,private_aerodrome,Brasil,ANAC_privados
SSGM,SSGM,Fazenda Seriema,BELA VISTA,MS,-21.693333,-56.5625,BR,private_aerodrome,Brasil,ANAC_privados
SSGN,SSGN,Fazenda Guaíba,IGUATEMI,MS,-23.235556,-54.54,BR,private_aerodrome,Brasil,ANAC_privados
SSGO,SSGO,Rosada,SÃO GABRIEL DO OESTE,MS,-19.429167,-54.587778,BR,private_aerodrome,Brasil,ANAC_privados
SSGP,SSGP,Piquet,BRASÍLIA,DF,-15.854444,-47.809167,BR,private_aerodrome,Brasil,ANAC_privados
SSGQ,SSGQ,Fazenda Capivari,RIO BRILHANTE,MS,-21.766667,-54.323333,BR,private_aerodrome,Brasil,ANAC_privados
SSGR,SSGR,Regional de Santa Helena de Goiás - Paulo Lopes,SANTA HELENA DE GOIÁS,GO,-17.784167,-50.591389,BR,private_aerodrome,Brasil,ANAC_privados
SSGS,SSGS,Fazenda São Pedro,ELDORADO,MS,-23.664167,-54.079167,BR,private_aerodrome,Brasil,ANAC_privados
SSGT,SSGT,Fazenda Capão Alto,RIO BRILHANTE,MS,-21.698889,-54.813889,BR,private_aerodrome,Brasil,ANAC_privados
SSGU,SSGU,Fazenda Gurucaia,SANTA ISABEL DO IVAÍ,PR,-23.186389,-53.326389,BR,private_aerodrome,Brasil,ANAC_privados
SSGV,SSGV,Sorocred,VOTORANTIM,São Paulo,-23.556667,-47.477778,BR,heliport,Brasil,ANAC_helipontos
SSGX,SSGX,Guacho,SANTA CRUZ DO RIO PARDO,SP,-22.816944,-49.379444,BR,private_aerodrome,Brasil,ANAC_privados
SSGZ,SSGZ,Fazenda Santa Helena do Pindó,NAVIRAÍ,MS,-22.895,-53.867778,BR,private_aerodrome,Brasil,ANAC_privados
SSHA,SSHA,Aeroclube de Aquidauana,AQUIDAUANA,MS,-20.480833,-55.769444,BR,private_aerodrome,Brasil,ANAC_privados
SSHB,SSHB,Boris,LUÍS EDUARDO MAGALHÃES,BA,-12.068056,-45.828611,BR,private_aerodrome,Brasil,ANAC_privados
SSHC,SSHC,Fazenda Alvemi,PARANAÍBA,MS,-19.410556,-51.131667,BR,private_aerodrome,Brasil,ANAC_privados
SSHD,SSHD,Chico Ledur,ALEGRETE,RS,-29.818056,-55.714167,BR,private_aerodrome,Brasil,ANAC_privados
SSHE,SSHE,Fazenda Nova Guaporé,COMODORO,MT,-13.905833,-60.323056,BR,private_aerodrome,Brasil,ANAC_privados
SSHF,SSHF,Fazenda Gerais,FORMOSA DO RIO PRETO,BA,-10.678611,-45.833333,BR,private_aerodrome,Brasil,ANAC_privados
SSHG,SSHG,Fazenda Santa Helena,RIO PARDO,RS,-30.135833,-52.628889,BR,private_aerodrome,Brasil,ANAC_privados
SSHH,SSHH,Helisul I,FOZ DO IGUAÇU,Paraná,-25.608889,-54.493611,BR,heliport,Brasil,ANAC_helipontos
SSHI,SSHI,IURD,CURITIBA,Paraná,-25.442222,-49.261389,BR,heliport,Brasil,ANAC_helipontos
SSHJ,SSHJ,JC,OSASCO,São Paulo,-23.533889,-46.782222,BR,heliport,Brasil,ANAC_helipontos
SSHK,SSHK,Fazenda Jaguarundy,PONTA PORÃ,MS,-22.586944,-55.581389,BR,private_aerodrome,Brasil,ANAC_privados
SSHM,SSHM,Hospital Moinhos de Vento,PORTO ALEGRE,Rio Grande do Sul,-30.026389,-51.209167,BR,heliport,Brasil,ANAC_helipontos
SSHN,SSHN,Recanto das Águias,IGUARAÇU,PR,-23.245556,-51.876111,BR,private_aerodrome,Brasil,ANAC_privados
SSHO,SSHO,Hospital Santa Rita,SANTA RITA,Paraíba,-7.1258333,-34.946667,BR,heliport,Brasil,ANAC_helipontos
SSHP,SSHP,Fazenda Paiol do Piquiri,GOIOXIM,PR,-25.047222,-51.923056,BR,private_aerodrome,Brasil,ANAC_privados
SSHQ,SSHQ,Fazenda Sossego,ROSANA,SP,-22.351667,-52.674167,BR,private_aerodrome,Brasil,ANAC_privados
SSHS,SSHS,Helisul IV,FOZ DO IGUAÇU,Paraná,-25.613056,-54.481389,BR,heliport,Brasil,ANAC_helipontos
SSHT,SSHT,Ingazeira,ALTA FLORESTA,MT,-10.131389,-56.716944,BR,private_aerodrome,Brasil,ANAC_privados
SSHU,SSHU,Fazenda Centenário,AQUIDAUANA,MS,-19.456667,-56.056944,BR,private_aerodrome,Brasil,ANAC_privados
SSHV,SSHV,Fazenda Genipapo,VÁRZEA DA PALMA,MG,-17.724167,-44.615556,BR,private_aerodrome,Brasil,ANAC_privados
SSHW,SSHW,Nova Esperança,RECURSOLÂNDIA,TO,-8.5530556,-47.085833,BR,private_aerodrome,Brasil,ANAC_privados
SSHX,SSHX,Fazenda Jatobá,PARANHOS,MS,-23.925,-55.299722,BR,private_aerodrome,Brasil,ANAC_privados
SSHY,SSHY,Hospital Universitário Cajuru,CURITIBA,Paraná,-25.436389,-49.245,BR,heliport,Brasil,ANAC_helipontos
SSIA,SSIA,Fazenda Ipê,BAIXA GRANDE DO RIBEIRO,PI,-8.4280556,-45.308333,BR,private_aerodrome,Brasil,ANAC_privados
SSIB,SSIB,Ages Bonfim,SENHOR DO BONFIM,Bahia,-10.516944,-40.145833,BR,heliport,Brasil,ANAC_helipontos
SSIC,SSIC,APLIC Aviação Agrícola LTDA,DOURADOS,MS,-22.305833,-54.824444,BR,private_aerodrome,Brasil,ANAC_privados
SSIF,SSIF,Fazenda Baunilha,ITAQUIRAÍ,MS,-23.5625,-54.030278,BR,private_aerodrome,Brasil,ANAC_privados
SSIH,SSIH,Marchesi,RIBEIRÃO PRETO,São Paulo,-21.224444,-47.795278,BR,heliport,Brasil,ANAC_helipontos
SSIL,SSIL,Blau Farmacêutica,COTIA,São Paulo,-23.598056,-46.897778,BR,heliport,Brasil,ANAC_helipontos
SSIN,SSIN,Sítio Costa dos Calhaus,PARATY,Rio de Janeiro,-23.216944,-44.633056,BR,heliport,Brasil,ANAC_helipontos
SSIO,SSIO,Fazenda Conquista,SANTA CARMEM,MT,-11.995,-54.680556,BR,private_aerodrome,Brasil,ANAC_privados
SSIP,SSIP,Interpolos,TIMBÓ,Santa Catarina,-26.8475,-49.2675,BR,heliport,Brasil,ANAC_helipontos
SSIS,SSIS,Major José Ignácio,IBATÉ,SP,-22.051389,-48.096389,BR,private_aerodrome,Brasil,ANAC_privados
SSIT,SSIT,Rancho Toca do Lobo,TANGARÁ DA SERRA,MT,-14.660556,-57.291111,BR,private_aerodrome,Brasil,ANAC_privados
SSIU,SSIU,Issaig I,IÇARA,Santa Catarina,-28.701389,-49.301944,BR,heliport,Brasil,ANAC_helipontos
SSIV,SSIV,Delta,SÃO JOSÉ DE RIBAMAR,Maranhão,-2.4777778,-44.183889,BR,heliport,Brasil,ANAC_helipontos
SSIW,SSIW,Itamar Musse,LAURO DE FREITAS,Bahia,-12.874722,-38.316667,BR,heliport,Brasil,ANAC_helipontos
SSIX,SSIX,Fazenda Santa Cláudia,MAIRIPOTABA,Goiás,-17.175556,-49.508889,BR,heliport,Brasil,ANAC_helipontos
SSIY,SSIY,Fazenda Três Irmãos,NOVO PROGRESSO,PA,-9.3455556,-55.884722,BR,private_aerodrome,Brasil,ANAC_privados
SSIZ,SSIZ,Condomínio Fazenda da Grama,ITUPEVA,São Paulo,-23.059167,-47.062222,BR,heliport,Brasil,ANAC_helipontos
SSJB,SSJB,Fazenda Vaca Branca,NAVIRAÍ,MS,-23.066111,-53.821111,BR,private_aerodrome,Brasil,ANAC_privados
SSJC,SSJC,Jacarezinho,VALPARAÍSO,SP,-21.141667,-50.899722,BR,private_aerodrome,Brasil,ANAC_privados
SSJD,SSJD,Fazenda Bacaba - JEM,MIRANORTE,TO,-9.5288889,-48.777222,BR,private_aerodrome,Brasil,ANAC_privados
SSJE,SSJE,Emphos,SÃO JOSÉ,Santa Catarina,-27.587222,-48.611389,BR,heliport,Brasil,ANAC_helipontos
SSJF,SSJF,Polícia Federal Curitiba,CURITIBA,Paraná,-25.376111,-49.227778,BR,heliport,Brasil,ANAC_helipontos
SSJG,SSJG,Fazenda Santa Ana,PORTO MURTINHO,MS,-21.216389,-57.681389,BR,private_aerodrome,Brasil,ANAC_privados
SSJH,SSJH,Ninho do Condor,NOVA IGUAÇU,Rio de Janeiro,-22.664444,-43.491944,BR,heliport,Brasil,ANAC_helipontos
SSJJ,SSJJ,Fazenda Brejon,CAMAPUÃ,MS,-19.385556,-53.6975,BR,private_aerodrome,Brasil,ANAC_privados
SSJL,SSJL,Fazenda Murará,BONFIM,RR,3.24555556,-60.238333,BR,private_aerodrome,Brasil,ANAC_privados
SSJN,SSJN,Fazenda Santa Helena,BRAGANÇA PAULISTA,São Paulo,-22.970556,-46.680278,BR,heliport,Brasil,ANAC_helipontos
SSJP,SSJP,Fazenda Junqueira,COLORADO,PR,-22.890833,-51.925,BR,private_aerodrome,Brasil,ANAC_privados
SSJQ,SSJQ,Fazenda Floresta,RIBEIRÃO CASCALHEIRA,MT,-12.806667,-51.874167,BR,private_aerodrome,Brasil,ANAC_privados
SSJR,SSJR,Fazenda São Roque,SORRISO,MT,-13.389444,-55.2475,BR,private_aerodrome,Brasil,ANAC_privados
SSJS,SSJS,Autos do Sangue,BRASNORTE,MT,-11.542778,-58.224167,BR,private_aerodrome,Brasil,ANAC_privados
SSJT,SSJT,JTMaresias,SÃO SEBASTIÃO,São Paulo,-23.786667,-45.586944,BR,heliport,Brasil,ANAC_helipontos
SSJU,SSJU,Fazenda São Caetano,PRIMAVERA DO LESTE,MT,-15.280556,-54.426667,BR,private_aerodrome,Brasil,ANAC_privados
SSJV,SSJV,Fazenda Piratininga,CORUMBÁ,MS,-17.9425,-56.48,BR,private_aerodrome,Brasil,ANAC_privados
SSJW,SSJW,Fazenda Jauru,NOVA ANDRADINA,MS,-21.7825,-53.558889,BR,private_aerodrome,Brasil,ANAC_privados
SSJX,SSJX,São Bento,CORUMBÁ,MS,-19.478611,-57.014444,BR,private_aerodrome,Brasil,ANAC_privados
SSJY,SSJY,Fazenda São João,CORUMBÁ,MS,-17.7075,-56.217222,BR,private_aerodrome,Brasil,ANAC_privados
SSKA,SSKA,Fazenda Campinas,CORUMBÁ,MS,-18.908056,-56.356111,BR,private_aerodrome,Brasil,ANAC_privados
SSKB,SSKB,Fazenda Tupanciretã,AQUIDAUANA,MS,-19.490278,-56.386111,BR,private_aerodrome,Brasil,ANAC_privados
SSKC,SSKC,Fazenda Cristiani,BARRA DO BUGRES,MT,-14.986389,-57.303333,BR,private_aerodrome,Brasil,ANAC_privados
SSKD,SSKD,Fazenda Cristal 2,NOVA CRIXÁS,GO,-14.341389,-50.452778,BR,private_aerodrome,Brasil,ANAC_privados
SSKE,SSKE,Luís Antônio Fontenele - Cocal da Estação,COCAL,PI,-3.455,-41.604444,BR,private_aerodrome,Brasil,ANAC_privados
SSKI,SSKI,Fazenda Cristo Rei,PARECIS,RO,-12.0875,-61.276944,BR,private_aerodrome,Brasil,ANAC_privados
SSKJ,SSKJ,Pau dos Ferros,PAU DOS FERROS,RN,-6.1544444,-38.196944,BR,private_aerodrome,Brasil,ANAC_privados
SSKL,SSKL,JK 1455,SÃO PAULO,São Paulo,-23.590833,-46.6825,BR,heliport,Brasil,ANAC_helipontos
SSKN,SSKN,Takeo Noguchi,ARARAQUARA,SP,-21.7325,-48.221389,BR,private_aerodrome,Brasil,ANAC_privados
SSKO,SSKO,Fazenda Matrinchã,BRASNORTE,MT,-12.930278,-57.340278,BR,private_aerodrome,Brasil,ANAC_privados
SSKP,SSKP,CEAL,PALOTINA,PR,-24.308889,-53.842222,BR,private_aerodrome,Brasil,ANAC_privados
SSKQ,SSKQ,Fazenda Santa Rosa,NOVA CRIXÁS,GO,-14.541111,-50.461944,BR,private_aerodrome,Brasil,ANAC_privados
SSKR,SSKR,Fazenda Primavera,PARAÚNA,GO,-17.163611,-50.816389,BR,private_aerodrome,Brasil,ANAC_privados
SSKT,SSKT,Aeroclube de Santa Catarina,SÃO JOSÉ,SC,-27.611944,-48.673333,BR,private_aerodrome,Brasil,ANAC_privados
SSKV,SSKV,Unimed Volta Redonda,VOLTA REDONDA,Rio de Janeiro,-22.533889,-44.076944,BR,heliport,Brasil,ANAC_helipontos
SSKX,SSKX,SKYJU,ESTÂNCIA,SE,-11.421944,-37.323611,BR,private_aerodrome,Brasil,ANAC_privados
SSKY,SSKY,Fazenda Querência,TANGARÁ DA SERRA,MT,-14.469444,-58.358889,BR,private_aerodrome,Brasil,ANAC_privados
SSLA,SSLA,Fazenda Alves,SORRISO,MT,-12.617778,-55.616667,BR,private_aerodrome,Brasil,ANAC_privados
SSLB,SSLB,Fazenda São Paulino,CORUMBÁ,MS,-19.025556,-55.925,BR,private_aerodrome,Brasil,ANAC_privados
SSLC,SSLC,Cooperativa Lar,MEDIANEIRA,Paraná,-25.274167,-54.0675,BR,heliport,Brasil,ANAC_helipontos
SSLD,SSLD,Fazenda Lourdes,CORUMBÁ,MS,-18.643333,-56.758889,BR,private_aerodrome,Brasil,ANAC_privados
SSLE,SSLE,Eldorado Brasil,TRÊS LAGOAS,Mato Grosso do Sul,-20.595278,-51.613889,BR,heliport,Brasil,ANAC_helipontos
SSLF,SSLF,Melo Pinheiro,PORTO FELIZ,São Paulo,-23.238611,-47.455278,BR,heliport,Brasil,ANAC_helipontos
SSLH,SSLH,Helipalm,SUZANO,São Paulo,-23.651944,-46.315,BR,heliport,Brasil,ANAC_helipontos
SSLI,SSLI,Fazenda Nova Piúva,AQUIDAUANA,MS,-19.864444,-55.513056,BR,private_aerodrome,Brasil,ANAC_privados
SSLJ,SSLJ,Fazenda São Luís,PIMENTEIRAS DO OESTE,RO,-13.451944,-60.828333,BR,private_aerodrome,Brasil,ANAC_privados
SSLK,SSLK,Fazenda Três Lagoas,ITAPECERICA,MG,-20.406111,-44.9975,BR,private_aerodrome,Brasil,ANAC_privados
SSLL,SSLL,Fazenda Vale Verde,PORTO VELHO,RO,-9.6213889,-65.770278,BR,private_aerodrome,Brasil,ANAC_privados
SSLM,SSLM,Estância Acrobata,LEOPOLDO DE BULHÕES,GO,-16.548889,-48.941667,BR,private_aerodrome,Brasil,ANAC_privados
SSLP,SSLP,Fazenda Lucero Porã,PORTO MURTINHO,MS,-21.909444,-57.648611,BR,private_aerodrome,Brasil,ANAC_privados
SSLQ,SSLQ,Fazenda Taiamã,CORUMBÁ,MS,-18.0925,-55.605556,BR,private_aerodrome,Brasil,ANAC_privados
SSLR,SSLR,Ocorema,LADÁRIO,MS,-19.105,-57.593333,BR,private_aerodrome,Brasil,ANAC_privados
SSLS,SSLS,Aeródromo Público de Ruy Barbosa,RUY BARBOSA,BA,-12.271389,-40.530278,BR,private_aerodrome,Brasil,ANAC_privados
SSLU,SSLU,Palazzo Lumini,CURITIBA,Paraná,-25.439722,-49.342222,BR,heliport,Brasil,ANAC_helipontos
SSLV,SSLV,Jerusalem Medical Center,RECIFE,Pernambuco,-8.0647222,-34.891944,BR,heliport,Brasil,ANAC_helipontos
SSLW,SSLW,Fazendas Reunidas Schlatter,CHAPADÃO DO SUL,MS,-18.809167,-52.596111,BR,private_aerodrome,Brasil,ANAC_privados
SSLX,SSLX,Fazenda Santa Lydia,DIAMANTE DO NORTE,PR,-22.633056,-52.808333,BR,private_aerodrome,Brasil,ANAC_privados
SSLY,SSLY,Norte Sul,CAMPINAS,São Paulo,-22.901944,-47.046944,BR,heliport,Brasil,ANAC_helipontos
SSLZ,SSLZ,Golfe Lago Azul,ARAÇOIABA DA SERRA,São Paulo,-23.506389,-47.585,BR,heliport,Brasil,ANAC_helipontos
SSMA,SSMA,Spasse,RIBEIRÃO PRETO,São Paulo,-21.201111,-47.795833,BR,heliport,Brasil,ANAC_helipontos
SSMB,SSMB,Fazenda Oriente,VALENÇA,RJ,-22.286389,-43.625,BR,private_aerodrome,Brasil,ANAC_privados
SSMD,SSMD,Maremanga,SALVADOR,Bahia,-12.763333,-38.643889,BR,heliport,Brasil,ANAC_helipontos
SSMF,SSMF,Fazenda Santri,BARÃO DE MELGAÇO,MT,-17.158611,-56.614722,BR,private_aerodrome,Brasil,ANAC_privados
SSMG,SSMG,Uno,SANTOS,São Paulo,-23.956667,-46.331111,BR,heliport,Brasil,ANAC_helipontos
SSMI,SSMI,Fazenda São Miguel,CAMPO VERDE,MT,-15.359167,-54.98,BR,private_aerodrome,Brasil,ANAC_privados
SSMK,SSMK,El Dorado,ELDORADO DO SUL,RS,-30.0725,-51.411111,BR,private_aerodrome,Brasil,ANAC_privados
SSML,SSML,Comandante Jorge Mello,BOM JESUS DA LAPA,BA,-13.196667,-43.635278,BR,private_aerodrome,Brasil,ANAC_privados
SSMM,SSMM,MACAÉ,TAUÁ,Ceará,-6.1041667,-40.284444,BR,heliport,Brasil,ANAC_helipontos
SSMN,SSMN,Metropolitan,GOIÂNIA,Goiás,-16.705,-49.240833,BR,heliport,Brasil,ANAC_helipontos
SSMO,SSMO,Fazenda Luma,PARAÍSO DAS ÁGUAS,MS,-19.345,-52.730278,BR,private_aerodrome,Brasil,ANAC_privados
SSMS,SSMS,Supermercados BH,CONTAGEM,Minas Gerais,-19.865556,-44.030833,BR,heliport,Brasil,ANAC_helipontos
SSMU,SSMU,Magnum,CACHOEIRINHA,Rio Grande do Sul,-29.948056,-51.105278,BR,heliport,Brasil,ANAC_helipontos
SSMV,SSMV,Fazenda Boa Vista,PIRASSUNUNGA,SP,-22.044722,-47.56,BR,private_aerodrome,Brasil,ANAC_privados
SSMX,SSMX,Fazenda Planalto,NOVA RESENDE,MG,-21.142778,-46.483889,BR,private_aerodrome,Brasil,ANAC_privados
SSMY,SSMY,São Miguel do Iguaçu,SÃO MIGUEL DO IGUAÇU,PR,-25.392778,-54.268333,BR,private_aerodrome,Brasil,ANAC_privados
SSMZ,SSMZ,Fazenda São Mateus,COMODORO,MT,-13.917222,-59.983333,BR,private_aerodrome,Brasil,ANAC_privados
SSNA,SSNA,Estância Miranda,MIRANDA,MS,-19.900556,-56.439444,BR,private_aerodrome,Brasil,ANAC_privados
SSNC,SSNC,Minas de Conceição,ITABIRA,Minas Gerais,-19.650556,-43.253056,BR,heliport,Brasil,ANAC_helipontos
SSND,SSND,Santa Maria,SÃO FÉLIX DO ARAGUAIA,MT,-11.164722,-52.824167,BR,private_aerodrome,Brasil,ANAC_privados
SSNE,SSNE,Santa Maria,BARÃO DE MELGAÇO,MT,-17.13,-56.393056,BR,private_aerodrome,Brasil,ANAC_privados
SSNF,SSNF,Fazenda Naisa,COLÔMBIA,SP,-20.329722,-48.81,BR,private_aerodrome,Brasil,ANAC_privados
SSNI,SSNI,Fazenda Novo Rumo,NAVIRAÍ,MS,-22.986667,-53.877778,BR,private_aerodrome,Brasil,ANAC_privados
SSNJ,SSNJ,Fazenda Primavera,AQUIDAUANA,MS,-19.508611,-55.905556,BR,private_aerodrome,Brasil,ANAC_privados
SSNL,SSNL,Louzandes,SILVÂNIA,Goiás,-16.585556,-48.720833,BR,heliport,Brasil,ANAC_helipontos
SSNM,SSNM,Santa Mônica,COLOMBO,Paraná,-25.381667,-49.138056,BR,heliport,Brasil,ANAC_helipontos
SSNN,SSNN,Fazenda Nova Fartura,PLANALTO DA SERRA,MT,-14.440833,-54.767222,BR,private_aerodrome,Brasil,ANAC_privados
SSNO,SSNO,Fazenda Estrela Dalva,APORÉ,GO,-18.711667,-52.040278,BR,private_aerodrome,Brasil,ANAC_privados
SSNR,SSNR,Fazenda Novo Horizonte,COXIM,MS,-18.316944,-54.935833,BR,private_aerodrome,Brasil,ANAC_privados
SSNS,SSNS,Fazenda Pajuçara,CORRENTINA,BA,-13.183056,-45.104722,BR,private_aerodrome,Brasil,ANAC_privados
SSNT,SSNT,Fazenda Jacarezinho Nova Terra,COTEGIPE,BA,-11.756667,-44.133333,BR,private_aerodrome,Brasil,ANAC_privados
SSNV,SSNV,Fazenda Novo Horizonte,CORUMBÁ,MS,-19.233056,-57.029722,BR,private_aerodrome,Brasil,ANAC_privados
SSNW,SSNW,FBDM,BARROCAS,Bahia,-11.451667,-39.081111,BR,heliport,Brasil,ANAC_helipontos
SSNX,SSNX,Paic Participações Ltda,ITIRAPINA,São Paulo,-22.212778,-47.7375,BR,heliport,Brasil,ANAC_helipontos
SSNY,SSNY,Fazenda Florida,CÁCERES,MT,-17.183611,-58.216667,BR,private_aerodrome,Brasil,ANAC_privados
SSNZ,SSNZ,Paradiso Agropecuária,CAMPOS NOVOS PAULISTA,SP,-22.6175,-50.090278,BR,private_aerodrome,Brasil,ANAC_privados
SSOA,SSOA,Blue Tree Tower Faria Lima,SÃO PAULO,São Paulo,-23.591111,-46.680833,BR,heliport,Brasil,ANAC_helipontos
SSOB,SSOB,Flamboyant,INDAIATUBA,São Paulo,-23.048889,-47.167778,BR,heliport,Brasil,ANAC_helipontos
SSOC,SSOC,Ivaí Aeroagrícola,ENGENHEIRO BELTRÃO,PR,-23.71,-52.164444,BR,private_aerodrome,Brasil,ANAC_privados
SSOD,SSOD,Fazenda Pouso Alegre,MIRANDA,MS,-20.250556,-56.409444,BR,private_aerodrome,Brasil,ANAC_privados
SSOH,SSOH,Home,BRASÍLIA,Distrito Federal,-15.835278,-47.91,BR,heliport,Brasil,ANAC_helipontos
SSOJ,SSOJ,Fazenda Estrela,INOCÊNCIA,MS,-19.980556,-51.738056,BR,private_aerodrome,Brasil,ANAC_privados
SSOK,SSOK,14 Bis,LONDRINA,PR,-23.214722,-51.184444,BR,private_aerodrome,Brasil,ANAC_privados
SSOM,SSOM,Embaixador,BELA VISTA DE GOIÁS,GO,-16.818056,-49.050278,BR,private_aerodrome,Brasil,ANAC_privados
SSON,SSON,Fazenda Joalice,TACURU,MS,-23.787222,-55.024722,BR,private_aerodrome,Brasil,ANAC_privados
SSOO,SSOO,Fazenda Pontal da Cachoeira,CAMAPUÃ,MS,-19.430556,-54.295,BR,private_aerodrome,Brasil,ANAC_privados
SSOP,SSOP,Pista Porquinho,ITAITUBA,PA,-5.1788889,-57.621111,BR,private_aerodrome,Brasil,ANAC_privados
SSOQ,SSOQ,Fazenda Barranco Alto,AQUIDAUANA,MS,-19.575,-56.155,BR,private_aerodrome,Brasil,ANAC_privados
SSOR,SSOR,Ages Jacobina,JACOBINA,Bahia,-11.156667,-40.574444,BR,heliport,Brasil,ANAC_helipontos
SSOT,SSOT,Fazenda Saco da Tapera,SÃO ROMÃO,MG,-16.3475,-45.342778,BR,private_aerodrome,Brasil,ANAC_privados
SSOU,SSOU,Aripuanã,ARIPUANÃ,MT,-10.185556,-59.457778,BR,private_aerodrome,Brasil,ANAC_privados
SSOV,SSOV,Icon Alphaville,BARUERI,São Paulo,-23.492778,-46.848056,BR,heliport,Brasil,ANAC_helipontos
SSOW,SSOW,Aeroclube de Frederico Westphalen,FREDERICO WESTPHALEN,RS,-27.3475,-53.403333,BR,private_aerodrome,Brasil,ANAC_privados
SSOX,SSOX,Fazenda Olho D'Água,PEDRO GOMES,MS,-18.269167,-54.593056,BR,private_aerodrome,Brasil,ANAC_privados
SSOY,SSOY,Fazenda Morada do Sol,NOVA MARINGÁ,MT,-12.290556,-57.019167,BR,private_aerodrome,Brasil,ANAC_privados
SSOZ,SSOZ,Fazenda Onça Parda,ANTÔNIO JOÃO,MS,-22.265556,-55.777778,BR,private_aerodrome,Brasil,ANAC_privados
SSPA,SSPA,Fazenda Marajoara,CARIRI DO TOCANTINS,TO,-11.963333,-49.038056,BR,private_aerodrome,Brasil,ANAC_privados
SSPB,SSPB,Fazenda São José do Pontal,RIBAS DO RIO PARDO,MS,-20.651944,-53.598889,BR,private_aerodrome,Brasil,ANAC_privados
SSPC,SSPC,Fazenda Santa Júlia,COCALINHO,MT,-13.731667,-51.34,BR,private_aerodrome,Brasil,ANAC_privados
SSPD,SSPD,Fazenda Paraguá,VILA BELA DA SANTÍSSIMA TRINDADE,MT,-14.766667,-60.033333,BR,private_aerodrome,Brasil,ANAC_privados
SSPE,SSPE,Essência Retiro do Rio Cuiabá,NOBRES,MT,-14.435556,-55.609444,BR,private_aerodrome,Brasil,ANAC_privados
SSPF,SSPF,Fly Village,ALTOS,PI,-5.0702778,-42.510278,BR,private_aerodrome,Brasil,ANAC_privados
SSPH,SSPH,Fazenda Santa Lucia,LUCAS DO RIO VERDE,MT,-12.926944,-56.097222,BR,private_aerodrome,Brasil,ANAC_privados
SSPJ,SSPJ,Pousada Juruena,NOVA BANDEIRANTES,MT,-9.3691667,-58.541389,BR,private_aerodrome,Brasil,ANAC_privados
SSPO,SSPO,APLIC Aviação agrícola II,ITAPORÃ,MS,-22.013611,-54.791944,BR,private_aerodrome,Brasil,ANAC_privados
SSPP,SSPP,FAZENDA ESTREITO E PONTE DE PEDRAS,MONTIVIDIU,GO,-17.266667,-51.218333,BR,private_aerodrome,Brasil,ANAC_privados
SSPQ,SSPQ,Hospital da Polícia Militar,SÃO PAULO,São Paulo,-23.470278,-46.619444,BR,heliport,Brasil,ANAC_helipontos
SSPR,SSPR,Palácio Iguaçu,CURITIBA,Paraná,-25.4125,-49.268333,BR,heliport,Brasil,ANAC_helipontos
SSPU,SSPU,Fazenda São João do Ibiporã,PONTES E LACERDA,MT,-15.785556,-59.636667,BR,private_aerodrome,Brasil,ANAC_privados
SSPV,SSPV,Fazenda Vera,ALCINÓPOLIS,MS,-17.949444,-53.895833,BR,private_aerodrome,Brasil,ANAC_privados
SSPW,SSPW,Fazenda São Paulo,COSTA RICA,MS,-18.105278,-53.1525,BR,private_aerodrome,Brasil,ANAC_privados
SSPX,SSPX,Paraná Moda Park,MARINGÁ,Paraná,-23.4625,-51.993333,BR,heliport,Brasil,ANAC_helipontos
SSPZ,SSPZ,Fazenda Redenção,PIRACICABA,SP,-22.716667,-48.048889,BR,private_aerodrome,Brasil,ANAC_privados
SSQA,SSQA,Fazenda Guaporé,COMODORO,MT,-13.723056,-60.315278,BR,private_aerodrome,Brasil,ANAC_privados
SSQB,SSQB,Fazenda Barrinha,ESPÍRITO SANTO DO PINHAL,São Paulo,-22.123333,-46.798333,BR,heliport,Brasil,ANAC_helipontos
SSQD,SSQD,Fazenda Panamby,QUERÊNCIA,MT,-13.046944,-52.1775,BR,private_aerodrome,Brasil,ANAC_privados
SSQG,SSQG,Fazenda Bom Gosto,RONDON DO PARÁ,PA,-4.8719444,-48.9575,BR,private_aerodrome,Brasil,ANAC_privados
SSQH,SSQH,Hospital Mater Dei,BELO HORIZONTE,Minas Gerais,-19.927778,-43.949722,BR,heliport,Brasil,ANAC_helipontos
SSQI,SSQI,Santa Anastácia I,SORRISO,MT,-12.509167,-55.682222,BR,private_aerodrome,Brasil,ANAC_privados
SSQJ,SSQJ,Fazenda Buriti 10,PARACATU,MG,-16.901944,-46.6175,BR,private_aerodrome,Brasil,ANAC_privados
SSQK,SSQK,Fazenda Gávea,CERQUEIRA CÉSAR,SP,-23.225,-49.179167,BR,private_aerodrome,Brasil,ANAC_privados
SSQL,SSQL,Fazenda La Poveda,FELIXLÂNDIA,MG,-18.852222,-44.918056,BR,private_aerodrome,Brasil,ANAC_privados
SSQM,SSQM,Malibu do Parecis,BRASNORTE,MT,-13.14,-57.599722,BR,private_aerodrome,Brasil,ANAC_privados
SSQN,SSQN,BS Design,FORTALEZA,Ceará,-3.7375,-38.499444,BR,heliport,Brasil,ANAC_helipontos
SSQO,SSQO,Fazenda Sequóia,ANGELÂNDIA,MG,-17.652778,-42.265278,BR,private_aerodrome,Brasil,ANAC_privados
SSQQ,SSQQ,Condomínio CLC,CAMPO GRANDE,MS,-20.340278,-54.590278,BR,private_aerodrome,Brasil,ANAC_privados
SSQR,SSQR,Fazenda Primavera,RIBAS DO RIO PARDO,MS,-21.386111,-53.598056,BR,private_aerodrome,Brasil,ANAC_privados
SSQS,SSQS,Fazenda Brasil,BARRA DO GARÇAS,MT,-15.034167,-52.316944,BR,private_aerodrome,Brasil,ANAC_privados
SSQU,SSQU,Fazenda Alegrete - Retiro Carandá,AQUIDAUANA,MS,-20.064722,-55.701667,BR,private_aerodrome,Brasil,ANAC_privados
SSQV,SSQV,UNICID - Universidade Cidade de São Paulo,SÃO PAULO,São Paulo,-23.536111,-46.559444,BR,heliport,Brasil,ANAC_helipontos
SSQW,SSQW,Royal Palm Plaza,CAMPINAS,São Paulo,-22.936111,-47.072222,BR,heliport,Brasil,ANAC_helipontos
SSQX,SSQX,Frei Caneca Shopping,SÃO PAULO,São Paulo,-23.553889,-46.652778,BR,heliport,Brasil,ANAC_helipontos
SSQY,SSQY,Centro Empresarial de São Paulo,SÃO PAULO,São Paulo,-23.651111,-46.727778,BR,heliport,Brasil,ANAC_helipontos
SSQZ,SSQZ,Mimoso do Oeste,LUÍS EDUARDO MAGALHÃES,BA,-12.106389,-45.895,BR,private_aerodrome,Brasil,ANAC_privados
SSRA,SSRA,Santa Rosa do Purus,SANTA ROSA DO PURUS,AC,-9.4463889,-70.482778,BR,private_aerodrome,Brasil,ANAC_privados
SSRC,SSRC,Fazenda Santa Inês,RIO BRILHANTE,MS,-21.703056,-54.368333,BR,private_aerodrome,Brasil,ANAC_privados
SSRD,SSRD,Restaurante Dalmo,GUARUJÁ,São Paulo,-23.904167,-46.190278,BR,heliport,Brasil,ANAC_helipontos
SSRH,SSRH,Haras Sahara,MATOZINHOS,Minas Gerais,-19.534444,-44.020556,BR,heliport,Brasil,ANAC_helipontos
SSRI,SSRI,Ilhota dos Coqueiros,SALVADOR,Bahia,-12.766389,-38.65,BR,heliport,Brasil,ANAC_helipontos
SSRJ,SSRJ,Fazenda Jacuí,ELDORADO DO SUL,RS,-29.982778,-51.300556,BR,private_aerodrome,Brasil,ANAC_privados
SSRK,SSRK,Campo Alegre de Lourdes,CAMPO ALEGRE DE LOURDES,BA,-9.5136111,-42.995833,BR,private_aerodrome,Brasil,ANAC_privados
SSRL,SSRL,Fazenda Rancho Alegre,RIO VERDE DE MATO GROSSO,MS,-18.794444,-55.246389,BR,private_aerodrome,Brasil,ANAC_privados
SSRM,SSRM,Fazenda Santos Reis,RIO MARIA,PA,-7.4066667,-50.069444,BR,private_aerodrome,Brasil,ANAC_privados
SSRN,SSRN,Serra do Curral,BELO HORIZONTE,Minas Gerais,-19.9525,-43.918333,BR,heliport,Brasil,ANAC_helipontos
SSRO,SSRO,Fazenda Arrojadinho,JABORANDI,BA,-13.923333,-45.547222,BR,private_aerodrome,Brasil,ANAC_privados
SSRP,SSRP,Fazenda Agromaster,MARCELÂNDIA,MT,-10.864167,-54.710278,BR,private_aerodrome,Brasil,ANAC_privados
SSRQ,SSRQ,Reik,GUARUJÁ,São Paulo,-23.960556,-46.1825,BR,heliport,Brasil,ANAC_helipontos
SSRR,SSRR,Fazenda Meu Ranchinho,PEDRO GOMES,MS,-18.218333,-54.58,BR,private_aerodrome,Brasil,ANAC_privados
SSRT,SSRT,Sítio Rosa Mística,MATÃO,São Paulo,-21.536944,-48.504444,BR,heliport,Brasil,ANAC_helipontos
SSRV,SSRV,Riviera,ITAJAÍ,Santa Catarina,-26.9525,-48.639444,BR,heliport,Brasil,ANAC_helipontos
SSRW,SSRW,Fazenda J Campos,PORANGABA,SP,-23.203056,-48.104722,BR,private_aerodrome,Brasil,ANAC_privados
SSRX,SSRX,Recanto da Serra,ITAGUAÍ,Rio de Janeiro,-22.813889,-43.811111,BR,heliport,Brasil,ANAC_helipontos
SSRY,SSRY,Ypê,AMPARO,São Paulo,-22.720556,-46.791667,BR,heliport,Brasil,ANAC_helipontos
SSSA,SSSA,Fazenda Sant'Anna do APA,BELA VISTA,MS,-21.995278,-56.239722,BR,private_aerodrome,Brasil,ANAC_privados
SSSE,SSSE,Jihad Dehaini,ARAUCÁRIA,Paraná,-25.576667,-49.394444,BR,heliport,Brasil,ANAC_helipontos
SSSF,SSSF,Fazenda Frances,ACREÚNA,GO,-17.313333,-50.424722,BR,private_aerodrome,Brasil,ANAC_privados
SSSH,SSSH,Fazenda Santo Inácio,CORUMBÁ,MS,-19.199167,-57.011111,BR,private_aerodrome,Brasil,ANAC_privados
SSSI,SSSI,Fazenda Manto Verde,BAIXA GRANDE DO RIBEIRO,PI,-7.8680556,-45.014722,BR,private_aerodrome,Brasil,ANAC_privados
SSSJ,SSSJ,HSM,BELÉM,Pará,-1.4377778,-48.468611,BR,heliport,Brasil,ANAC_helipontos
SSSK,SSSK,FC,CODÓ,MA,-4.5058333,-43.923611,BR,private_aerodrome,Brasil,ANAC_privados
SSSL,SSSL,Fazenda Santa Luzia,ALTO PARAÍSO,PR,-23.485,-53.786111,BR,private_aerodrome,Brasil,ANAC_privados
SSSM,SSSM,Matheus Lopes Maia da Silva,ITAMARATI,AM,-6.4155556,-68.2575,BR,private_aerodrome,Brasil,ANAC_privados
SSSN,SSSN,Do Açu,SÃO JOÃO DA BARRA,Rio de Janeiro,-21.799167,-41.018889,BR,heliport,Brasil,ANAC_helipontos
SSSO,SSSO,Porto Seco,FEIRA DE SANTANA,Bahia,-12.336389,-38.843333,BR,heliport,Brasil,ANAC_helipontos
SSSP,SSSP,Sítio Primavera,BOM JESUS DO SUL,PR,-26.181944,-53.64,BR,private_aerodrome,Brasil,ANAC_privados
SSSQ,SSSQ,Fazenda Mata Roxa,NOVA AURORA,GO,-18.204722,-48.280556,BR,private_aerodrome,Brasil,ANAC_privados
SSSR,SSSR,Fazenda Serrana,SÃO DESIDÉRIO,BA,-12.999167,-46.001944,BR,private_aerodrome,Brasil,ANAC_privados
SSSU,SSSU,Fazenda Sucuri,RIO VERDE DE MATO GROSSO,MS,-18.875833,-55.060278,BR,private_aerodrome,Brasil,ANAC_privados
SSSV,SSSV,Fazenda Palmitos,NOVA UBIRATÃ,MT,-13.82,-54.753056,BR,private_aerodrome,Brasil,ANAC_privados
SSSW,SSSW,Madeireira,COLNIZA,MT,-9.2391667,-60.336389,BR,private_aerodrome,Brasil,ANAC_privados
SSSX,SSSX,Sierra Wriskey Victor Romeu,PENALVA,Maranhão,-3.2658333,-45.181667,BR,heliport,Brasil,ANAC_helipontos
SSTA,SSTA,Fazenda Santa Cecília II,CORUMBÁ,MS,-18.144722,-56.099444,BR,private_aerodrome,Brasil,ANAC_privados
SSTD,SSTD,Stracci,SÃO DESIDÉRIO,BA,-12.680833,-46.265278,BR,private_aerodrome,Brasil,ANAC_privados
SSTF,SSTF,Fazenda Santa Fé,SANTANA DO ARAGUAIA,PA,-9.575,-50.351111,BR,private_aerodrome,Brasil,ANAC_privados
SSTG,SSTG,Primavera,GOIANIRA,Goiás,-16.541944,-49.407778,BR,heliport,Brasil,ANAC_helipontos
SSTI,SSTI,Fazenda Santa Matilde,PETRÓPOLIS,Rio de Janeiro,-22.267778,-43.002222,BR,heliport,Brasil,ANAC_helipontos
SSTJ,SSTJ,Walter Ewaldo Siegel,TROMBUDO CENTRAL,SC,-27.348611,-49.820556,BR,private_aerodrome,Brasil,ANAC_privados
SSTL,SSTL,Fazenda São Sebastião,SÃO DESIDÉRIO,BA,-13.068333,-46.259167,BR,private_aerodrome,Brasil,ANAC_privados
SSTM,SSTM,Fazenda Santo Antônio,MANICORÉ,AM,-7.7930556,-61.683889,BR,private_aerodrome,Brasil,ANAC_privados
SSTN,SSTN,Soufer Cambui,CAMBUÍ,Minas Gerais,-22.561111,-46.038333,BR,heliport,Brasil,ANAC_helipontos
SSTP,SSTP,Fazenda Baessa,TURVELÂNDIA,GO,-17.974444,-50.318333,BR,private_aerodrome,Brasil,ANAC_privados
SSTQ,SSTQ,Silvestre,PEDRA BRANCA DO AMAPARI,AP,0.85,-51.907222,BR,private_aerodrome,Brasil,ANAC_privados
SSTR,SSTR,Usina CEM,MORRINHOS,GO,-17.936389,-49.241389,BR,private_aerodrome,Brasil,ANAC_privados
SSTS,SSTS,Soteco,CÁCERES,MT,-16.110833,-58.440556,BR,private_aerodrome,Brasil,ANAC_privados
SSTT,SSTT,Lemon Motel,RECIFE,Pernambuco,-8.0747222,-34.905278,BR,heliport,Brasil,ANAC_helipontos
SSTU,SSTU,Fazenda Tujuri,ELDORADO,MS,-23.692778,-54.378611,BR,private_aerodrome,Brasil,ANAC_privados
SSTV,SSTV,Fazenda Diamantino,SINOP,MT,-12.119722,-55.401944,BR,private_aerodrome,Brasil,ANAC_privados
SSTX,SSTX,Fazenda Lagoa dos Patos,RIACHO DOS MACHADOS,MG,-16.193889,-43.0725,BR,private_aerodrome,Brasil,ANAC_privados
SSTY,SSTY,Fazenda Tosana,CABO FRIO,RJ,-22.596944,-42.025,BR,private_aerodrome,Brasil,ANAC_privados
SSTZ,SSTZ,Fazenda Sertãozinho,AQUIDAUANA,MS,-19.287222,-56.135278,BR,private_aerodrome,Brasil,ANAC_privados
SSUA,SSUA,Fazenda Sonora Estância,SONORA,MS,-17.640556,-54.756111,BR,private_aerodrome,Brasil,ANAC_privados
SSUB,SSUB,HBR,OSASCO,São Paulo,-23.478611,-46.781111,BR,heliport,Brasil,ANAC_helipontos
SSUC,SSUC,Célia Neuza,SANTA BÁRBARA DO PARÁ,PA,-1.1691667,-48.210556,BR,private_aerodrome,Brasil,ANAC_privados
SSUD,SSUD,Fazenda Serra Dourada,ITAITUBA,PA,-5.7163889,-56.435278,BR,private_aerodrome,Brasil,ANAC_privados
SSUE,SSUE,Helicentro Ribeirão Preto,RIBEIRÃO PRETO,São Paulo,-21.210278,-47.77,BR,heliport,Brasil,ANAC_helipontos
SSUF,SSUF,Rede D'Or São Luiz Anália Franco,SÃO PAULO,São Paulo,-23.548889,-46.558333,BR,heliport,Brasil,ANAC_helipontos
SSUG,SSUG,Full Gauge,CANOAS,Rio Grande do Sul,-29.955,-51.173889,BR,heliport,Brasil,ANAC_helipontos
SSUH,SSUH,Helinorte,SÃO PAULO,São Paulo,-23.415,-46.580556,BR,heliport,Brasil,ANAC_helipontos
SSUI,SSUI,Fazenda Novo Horizonte,SANTA FÉ DO ARAGUAIA,TO,-7.0969444,-48.760278,BR,private_aerodrome,Brasil,ANAC_privados
SSUK,SSUK,Fazenda Menina,ITAPURA,SP,-20.64,-51.476667,BR,private_aerodrome,Brasil,ANAC_privados
SSUL,SSUL,Ultraleve Clube de Curitiba,SÃO JOSÉ DOS PINHAIS,PR,-25.477778,-49.154722,BR,private_aerodrome,Brasil,ANAC_privados
SSUN,SSUN,Terminal Petrobrás de Guarulhos,GUARULHOS,São Paulo,-23.470556,-46.447222,BR,heliport,Brasil,ANAC_helipontos
SSUP,SSUP,Hospital Santa Joana,RECIFE,Pernambuco,-8.0525,-34.898056,BR,heliport,Brasil,ANAC_helipontos
SSUQ,SSUQ,Fazenda Terra Morena,CORRENTINA,BA,-13.203611,-45.253889,BR,private_aerodrome,Brasil,ANAC_privados
SSUR,SSUR,Fazenda Rio Fontoura,SÃO FÉLIX DO ARAGUAIA,MT,-11.564722,-52.257222,BR,private_aerodrome,Brasil,ANAC_privados
SSUS,SSUS,Uniggel Sementes - Fazenda Santa Maria,COSTA RICA,MS,-18.413056,-52.895556,BR,private_aerodrome,Brasil,ANAC_privados
SSUT,SSUT,Usinas Itamarati,NOVA OLÍMPIA,MT,-14.776389,-57.188333,BR,private_aerodrome,Brasil,ANAC_privados
SSUW,SSUW,Fazenda Palmeiras,CENTENÁRIO DO SUL,PR,-22.775278,-51.504167,BR,private_aerodrome,Brasil,ANAC_privados
SSUX,SSUX,Usina Biopalma Moju,MOJU,Pará,-2.2330556,-48.860278,BR,heliport,Brasil,ANAC_helipontos
SSUY,SSUY,Fazenda Fundão,PARACATU,MG,-17.415,-46.660278,BR,private_aerodrome,Brasil,ANAC_privados
SSUZ,SSUZ,Disco,RIO DE JANEIRO,Rio de Janeiro,-22.980556,-43.231944,BR,heliport,Brasil,ANAC_helipontos
SSVA,SSVA,Fazenda Visa Estância,LADÁRIO,MS,-19.0625,-57.629167,BR,private_aerodrome,Brasil,ANAC_privados
SSVB,SSVB,Fazenda Ventura IV,SÃO DESIDÉRIO,BA,-13.135,-46.166111,BR,private_aerodrome,Brasil,ANAC_privados
SSVC,SSVC,Fazenda Vazante,AQUIDAUANA,MS,-20.063333,-56.161667,BR,private_aerodrome,Brasil,ANAC_privados
SSVE,SSVE,Fazenda Cerro Verde,TACURU,MS,-23.814444,-55.057222,BR,private_aerodrome,Brasil,ANAC_privados
SSVF,SSVF,Vila do Farol,BOMBINHAS,Santa Catarina,-27.149167,-48.498333,BR,heliport,Brasil,ANAC_helipontos
SSVG,SSVG,Condomínio Fly Vila Resort,GUAPÉ,MG,-20.761111,-45.986111,BR,private_aerodrome,Brasil,ANAC_privados
SSVH,SSVH,Henri Dunant,SÃO PAULO,São Paulo,-23.627222,-46.698611,BR,heliport,Brasil,ANAC_helipontos
SSVJ,SSVJ,Fazenda São João,ALCINÓPOLIS,MS,-17.936111,-53.904722,BR,private_aerodrome,Brasil,ANAC_privados
SSVM,SSVM,Fazenda Savannah,COCOS,BA,-14.699167,-45.829722,BR,private_aerodrome,Brasil,ANAC_privados
SSVO,SSVO,Usina de Monções,MONÇÕES,SP,-20.869444,-50.129722,BR,private_aerodrome,Brasil,ANAC_privados
SSVP,SSVP,Fazenda São Joaquim,CONCEIÇÃO DA BARRA,ES,-18.264167,-39.866389,BR,private_aerodrome,Brasil,ANAC_privados
SSVQ,SSVQ,Vila do Carvalho,OURO PRETO,Minas Gerais,-20.370278,-43.706389,BR,heliport,Brasil,ANAC_helipontos
SSVR,SSVR,Adão Veríssimo,ITINGA DO MARANHÃO,MA,-4.3763889,-47.438056,BR,private_aerodrome,Brasil,ANAC_privados
SSVS,SSVS,Fazenda Sucuri,RIO BRILHANTE,MS,-21.692222,-54.7675,BR,private_aerodrome,Brasil,ANAC_privados
SSVT,SSVT,Aníbal,RUSSAS,CE,-4.8283333,-37.942778,BR,private_aerodrome,Brasil,ANAC_privados
SSVU,SSVU,Fazenda Serra do Cabral,FRANCISCO DUMONT,MG,-17.698056,-44.347778,BR,private_aerodrome,Brasil,ANAC_privados
SSVV,SSVV,Fazenda Garimpinho,FIGUEIRÃO,MS,-18.719167,-54.300833,BR,private_aerodrome,Brasil,ANAC_privados
SSVW,SSVW,Fazenda Galera,CONQUISTA D'OESTE,MT,-14.516944,-59.556667,BR,private_aerodrome,Brasil,ANAC_privados
SSVX,SSVX,Valeu Boi Leilões,RIO MARIA,PA,-7.3016667,-50.031111,BR,private_aerodrome,Brasil,ANAC_privados
SSVY,SSVY,Fazenda Três Barras,PITANGUEIRAS,SP,-20.937778,-48.173333,BR,private_aerodrome,Brasil,ANAC_privados
SSWB,SSWB,COOPADF,BRASÍLIA,DF,-16.014444,-47.558056,BR,private_aerodrome,Brasil,ANAC_privados
SSWC,SSWC,CEMIG,BELO HORIZONTE,Minas Gerais,-19.928889,-43.950556,BR,heliport,Brasil,ANAC_helipontos
SSWD,SSWD,Plaza II,SÃO PAULO,São Paulo,-23.611111,-46.696111,BR,heliport,Brasil,ANAC_helipontos
SSWE,SSWE,Fazenda Fortaleza,BOA VISTA DO INCRA,RS,-28.9325,-53.425278,BR,private_aerodrome,Brasil,ANAC_privados
SSWF,SSWF,Fazenda Cachoeirinha,RIBAS DO RIO PARDO,MS,-20.313889,-53.768056,BR,private_aerodrome,Brasil,ANAC_privados
SSWG,SSWG,Fazenda Galiléia,BAIXA GRANDE DO RIBEIRO,PI,-9.0491667,-45.330833,BR,private_aerodrome,Brasil,ANAC_privados
SSWH,SSWH,Dr. Emílio Fehr (ex-Fazenda Agropecuária Rossignolo),SÃO CARLOS,SP,-21.906667,-47.821111,BR,private_aerodrome,Brasil,ANAC_privados
SSWI,SSWI,Fazenda Vovô Ernesto,NOVA MUTUM,MT,-13.311389,-55.901389,BR,private_aerodrome,Brasil,ANAC_privados
SSWJ,SSWJ,Studart,FORTIM,Ceará,-4.4572222,-37.794722,BR,heliport,Brasil,ANAC_helipontos
SSWK,SSWK,Fazenda Cuelhambi,ANGÉLICA,MS,-21.998056,-54.068611,BR,private_aerodrome,Brasil,ANAC_privados
SSWL,SSWL,Luiz Aragão,TIANGUÁ,CE,-3.74,-41.023333,BR,private_aerodrome,Brasil,ANAC_privados
SSWM,SSWM,Fazenda Platô Azul,TIROS,MG,-18.847778,-45.865,BR,private_aerodrome,Brasil,ANAC_privados
SSWN,SSWN,Fazenda Cayman,SÃO FÉLIX DO ARAGUAIA,MT,-11.540556,-51.724444,BR,private_aerodrome,Brasil,ANAC_privados
SSWO,SSWO,Fazenda Santa Paula,COMODORO,MT,-14.016944,-60.056667,BR,private_aerodrome,Brasil,ANAC_privados
SSWP,SSWP,Palmares,DELFINÓPOLIS,MG,-20.282222,-46.945278,BR,private_aerodrome,Brasil,ANAC_privados
SSWQ,SSWQ,Fazenda Guanandi,CORUMBÁ,MS,-18.870833,-56.216389,BR,private_aerodrome,Brasil,ANAC_privados
SSWR,SSWR,Fazenda Campana,RIO BRILHANTE,MS,-21.895556,-54.293889,BR,private_aerodrome,Brasil,ANAC_privados
SSWT,SSWT,Fazenda Vaticano,NIOAQUE,MS,-21.283889,-56.120556,BR,private_aerodrome,Brasil,ANAC_privados
SSWU,SSWU,SEMENTES UMBU,SÃO LUIZ GONZAGA,RS,-28.385,-54.743333,BR,private_aerodrome,Brasil,ANAC_privados
SSWV,SSWV,Fazenda Vista Alegre,SÃO FÉLIX DO XINGU,PA,-9.6463889,-51.913333,BR,private_aerodrome,Brasil,ANAC_privados
SSWW,SSWW,VR Aviation,SALVADOR,Bahia,-12.981667,-38.468889,BR,heliport,Brasil,ANAC_helipontos
SSWX,SSWX,Fazenda Rio Xingú,SANTA CRUZ DO XINGU,MT,-10.135556,-52.558056,BR,private_aerodrome,Brasil,ANAC_privados
SSWY,SSWY,Two Towers,SÃO LUÍS,Maranhão,-2.4894444,-44.295556,BR,heliport,Brasil,ANAC_helipontos
SSWZ,SSWZ,Fazenda Dona Neném,PRESIDENTE OLEGÁRIO,MG,-18.509444,-46.273889,BR,private_aerodrome,Brasil,ANAC_privados
SSXA,SSXA,Asas do MS,FÁTIMA DO SUL,MS,-22.338611,-54.558333,BR,private_aerodrome,Brasil,ANAC_privados
SSXB,SSXB,Fazenda Água Boa Maricultura,ITAPORANGA D'AJUDA,SE,-11.118611,-37.208889,BR,private_aerodrome,Brasil,ANAC_privados
SSXC,SSXC,Fazenda Laguna Porã,PORTO MURTINHO,MS,-21.848056,-57.621389,BR,private_aerodrome,Brasil,ANAC_privados
SSXD,SSXD,Tobias Bacci,SARANDI,RS,-27.980556,-52.864444,BR,private_aerodrome,Brasil,ANAC_privados
SSXE,SSXE,Monumental Business,SÃO CAETANO DO SUL,São Paulo,-23.614444,-46.569167,BR,heliport,Brasil,ANAC_helipontos
SSXF,SSXF,Fátima do Sul,FÁTIMA DO SUL,MS,-22.361389,-54.551389,BR,private_aerodrome,Brasil,ANAC_privados
SSXG,SSXG,Fazenda Guanabara,PARANAPOEMA,PR,-22.661667,-52.142222,BR,private_aerodrome,Brasil,ANAC_privados
SSXH,SSXH,Manoel da Silva Rocha,BRUMADO,BA,-14.255278,-41.8175,BR,private_aerodrome,Brasil,ANAC_privados
SSXI,SSXI,Komprão Itapema,ITAPEMA,Santa Catarina,-27.129444,-48.613056,BR,heliport,Brasil,ANAC_helipontos
SSXK,SSXK,Kartódromo Ayrton Senna,SÃO PAULO,São Paulo,-23.703056,-46.6925,BR,heliport,Brasil,ANAC_helipontos
SSXL,SSXL,Chendel,ATIBAIA,São Paulo,-23.165278,-46.575,BR,heliport,Brasil,ANAC_helipontos
SSXN,SSXN,Aéreo Amazônia,ALTAMIRA,PA,-8.2983333,-55.114722,BR,private_aerodrome,Brasil,ANAC_privados
SSXO,SSXO,Pousada das Águias,PRESIDENTE CASTELO BRANCO,PR,-23.290556,-52.129167,BR,private_aerodrome,Brasil,ANAC_privados
SSXP,SSXP,Fazenda Sete Barras,RIBEIRÃO CASCALHEIRA,MT,-12.561389,-51.694444,BR,private_aerodrome,Brasil,ANAC_privados
SSXR,SSXR,Fazenda Nobel Pará,SANTANA DO ARAGUAIA,PA,-8.9777778,-50.368611,BR,private_aerodrome,Brasil,ANAC_privados
SSXS,SSXS,Sidel,ARACI,BA,-11.155,-39.068611,BR,private_aerodrome,Brasil,ANAC_privados
SSXT,SSXT,Cristal,BORÁ,SP,-22.182222,-50.493056,BR,private_aerodrome,Brasil,ANAC_privados
SSXW,SSXW,Fazenda São Paulo,IVINHEMA,MS,-22.295556,-53.848889,BR,private_aerodrome,Brasil,ANAC_privados
SSXY,SSXY,Fazenda Rainha da Serra,URUÇUÍ,PI,-7.9427778,-44.383611,BR,private_aerodrome,Brasil,ANAC_privados
SSXZ,SSXZ,Fazenda Santa Terezinha,NOVA ROMA,GO,-14.034167,-46.9825,BR,private_aerodrome,Brasil,ANAC_privados
SSYA,SSYA,Fazenda Tropical,SÃO LUIZ DO NORTE,GO,-14.878056,-49.195556,BR,private_aerodrome,Brasil,ANAC_privados
SSYB,SSYB,Fazenda Bela Manhã,SANTA CLARA D'OESTE,SP,-20.017778,-50.8925,BR,private_aerodrome,Brasil,ANAC_privados
SSYC,SSYC,Santa Gertrudes,ITAPETININGA,São Paulo,-23.653889,-48.163333,BR,heliport,Brasil,ANAC_helipontos
SSYD,SSYD,Nova Ponte,NOVA PONTE,MG,-19.198889,-47.727778,BR,private_aerodrome,Brasil,ANAC_privados
SSYE,SSYE,Fazenda Gabriela,ARAPUTANGA,MT,-15.316944,-58.508611,BR,private_aerodrome,Brasil,ANAC_privados
SSYF,SSYF,Fazenda do Café,MONTE ALEGRE DE MINAS,MG,-18.872778,-48.721667,BR,private_aerodrome,Brasil,ANAC_privados
SSYG,SSYG,Veja,PAÇO DO LUMIAR,Maranhão,-2.5255556,-44.125556,BR,heliport,Brasil,ANAC_helipontos
SSYH,SSYH,Hospital Autódromo José Carlos Pace,SÃO PAULO,São Paulo,-23.7,-46.695278,BR,heliport,Brasil,ANAC_helipontos
SSYI,SSYI,Fazenda Sesmarias,ITAETÉ,BA,-13.056111,-40.834167,BR,private_aerodrome,Brasil,ANAC_privados
SSYJ,SSYJ,BOISA,MARANGUAPE,Ceará,-3.9680556,-38.889722,BR,heliport,Brasil,ANAC_helipontos
SSYK,SSYK,Fazenda Mandaçaia,BURI,SP,-23.623889,-48.492778,BR,private_aerodrome,Brasil,ANAC_privados
SSYL,SSYL,Fazenda Patrol,PARNARAMA,MA,-5.5469444,-43.520278,BR,private_aerodrome,Brasil,ANAC_privados
SSYM,SSYM,Yachthouse 02,BALNEÁRIO CAMBORIÚ,Santa Catarina,-27.0075,-48.606944,BR,heliport,Brasil,ANAC_helipontos
SSYN,SSYN,Fazenda Guarani,NOVA ANDRADINA,MS,-22.164167,-53.568333,BR,private_aerodrome,Brasil,ANAC_privados
SSYO,SSYO,Usina São Simão,SÃO SIMÃO,GO,-18.986389,-50.562778,BR,private_aerodrome,Brasil,ANAC_privados
SSYQ,SSYQ,Fazenda Água das Pedras,ANHEMBI,SP,-22.654722,-48.15,BR,private_aerodrome,Brasil,ANAC_privados
SSYR,SSYR,José Mendes Ribeiro,SÃO JOÃO DOS PATOS,MA,-6.5002778,-43.684444,BR,private_aerodrome,Brasil,ANAC_privados
SSYS,SSYS,Aerodinâmica Aviação Agrícola,MIRACATU,SP,-24.305556,-47.503056,BR,private_aerodrome,Brasil,ANAC_privados
SSYT,SSYT,Business Style,GOIÂNIA,Goiás,-16.697222,-49.255556,BR,heliport,Brasil,ANAC_helipontos
SSYU,SSYU,Fazenda Concórdia,NAVIRAÍ,MS,-22.851944,-54.208333,BR,private_aerodrome,Brasil,ANAC_privados
SSYV,SSYV,Fazenda Indaiá,CHAPADÃO DO SUL,MS,-18.679722,-52.901667,BR,private_aerodrome,Brasil,ANAC_privados
SSYX,SSYX,MOBI,APARECIDA DE GOIÂNIA,Goiás,-16.791667,-49.261389,BR,heliport,Brasil,ANAC_helipontos
SSYY,SSYY,Fazenda Fundãozinho,COSTA RICA,MS,-18.9525,-53.154722,BR,private_aerodrome,Brasil,ANAC_privados
SSZB,SSZB,Fazenda Chalana,DIAMANTINO,MT,-14.165,-57.158056,BR,private_aerodrome,Brasil,ANAC_privados
SSZC,SSZC,Aquiraz Riviera,AQUIRAZ,Ceará,-3.9238889,-38.328889,BR,heliport,Brasil,ANAC_helipontos
SSZD,SSZD,Zirondi,PORTO VELHO,RO,-8.7741667,-63.733889,BR,private_aerodrome,Brasil,ANAC_privados
SSZE,SSZE,Banco Sofisa,SÃO PAULO,São Paulo,-23.562778,-46.655833,BR,heliport,Brasil,ANAC_helipontos
SSZF,SSZF,Fazenda Santa Gertrudes,CORUMBÁ,MS,-18.477778,-56.021667,BR,private_aerodrome,Brasil,ANAC_privados
SSZG,SSZG,Fazenda São João,PARAÍSO DAS ÁGUAS,MS,-19.261944,-52.900278,BR,private_aerodrome,Brasil,ANAC_privados
SSZH,SSZH,Agroterra Infiniti Ltda,TACURU,MS,-23.645556,-54.714167,BR,private_aerodrome,Brasil,ANAC_privados
SSZI,SSZI,Cidadelle,ILHÉUS,Bahia,-14.786667,-39.245556,BR,heliport,Brasil,ANAC_helipontos
SSZJ,SSZJ,Semp Jordanésia,CAJAMAR,São Paulo,-23.331667,-46.837222,BR,heliport,Brasil,ANAC_helipontos
SSZK,SSZK,Fazenda Água Santa,PERDIZES,MG,-19.365,-47.358889,BR,private_aerodrome,Brasil,ANAC_privados
SSZL,SSZL,Fazenda Córrego Azul,BRASILÂNDIA,MS,-21.441667,-52.1575,BR,private_aerodrome,Brasil,ANAC_privados
SSZM,SSZM,MIGUEL RODRIGUES DE BARROS,EDÉIA,GO,-17.306389,-49.960833,BR,private_aerodrome,Brasil,ANAC_privados
SSZN,SSZN,Fazenda Carandazal,CÁCERES,MT,-16.71,-58.114722,BR,private_aerodrome,Brasil,ANAC_privados
SSZO,SSZO,Santa Marta I,SANTA MARIA DAS BARREIRAS,PA,-8.5413889,-50.651667,BR,private_aerodrome,Brasil,ANAC_privados
SSZP,SSZP,Fazenda Santa Adriana,JATEÍ,MS,-22.696111,-54.215833,BR,private_aerodrome,Brasil,ANAC_privados
SSZS,SSZS,Fazenda Sucupira,VILA RICA,MT,-10.026667,-51.809444,BR,private_aerodrome,Brasil,ANAC_privados
SSZT,SSZT,Fazenda São João,ÁGUAS DE SANTA BÁRBARA,SP,-22.789444,-49.339167,BR,private_aerodrome,Brasil,ANAC_privados
SSZU,SSZU,Centro de Convenções de João Pessoa,JOÃO PESSOA,Paraíba,-7.1894444,-34.803056,BR,heliport,Brasil,ANAC_helipontos
SSZV,SSZV,Fazenda Cifrão,PEDRA PRETA,MT,-16.938333,-54.436111,BR,private_aerodrome,Brasil,ANAC_privados
SSZW,SSZW,Usina Coruripe - Filial Limeira do Oeste,LIMEIRA DO OESTE,MG,-19.523333,-50.655556,BR,private_aerodrome,Brasil,ANAC_privados
SSZX,SSZX,Fazenda Ranchinho do Guaporé,PONTES E LACERDA,MT,-15.697778,-59.925833,BR,private_aerodrome,Brasil,ANAC_privados
SSZY,SSZY,Fazenda Nascente,JACIARA,MT,-16.072222,-55.096667,BR,private_aerodrome,Brasil,ANAC_privados
SSZZ,SSZZ,SESC,ITAPARICA,Bahia,-12.883333,-38.680278,BR,heliport,Brasil,ANAC_helipontos
SW1B,SW1B,Sítio Bela Vista,GONÇALVES,Minas Gerais,-22.670556,-45.881111,BR,heliport,Brasil,ANAC_helipontos
SW1G,SW1G,VILA GALÉ,OURO PRETO,Minas Gerais,-20.365556,-43.659444,BR,heliport,Brasil,ANAC_helipontos
SW1H,SW1H,Fazenda Belo Horizonte,BARRA DO GARÇAS,MT,-15.395833,-53.156389,BR,private_aerodrome,Brasil,ANAC_privados
SW1M,SW1M,Agripark,MONTES CLAROS,Minas Gerais,-16.518333,-43.963889,BR,heliport,Brasil,ANAC_helipontos
SW1N,SW1N,Novo Horizonte,PIRACAIA,São Paulo,-23.006667,-46.411944,BR,heliport,Brasil,ANAC_helipontos
SW1O,SW1O,Juarez Filho,PALHOÇA,Santa Catarina,-27.673056,-48.6725,BR,heliport,Brasil,ANAC_helipontos
SW1P,SW1P,Cristalina Anuar Attiê,CRISTALINA,GO,-16.790833,-47.644722,BR,private_aerodrome,Brasil,ANAC_privados
SW1Q,SW1Q,Rebouças,RORAINÓPOLIS,RR,0.285277778,-60.514167,BR,private_aerodrome,Brasil,ANAC_privados
SW1R,SW1R,Fazenda MK,TIMBIRAS,MA,-4.3286111,-43.8875,BR,private_aerodrome,Brasil,ANAC_privados
SW1S,SW1S,Fazenda Aldeia Velha,NOVO SANTO ANTÔNIO,MT,-12.0925,-50.812222,BR,private_aerodrome,Brasil,ANAC_privados
SW1T,SW1T,Madero Industria,PONTA GROSSA,Paraná,-25.183889,-50.094722,BR,heliport,Brasil,ANAC_helipontos
SW1U,SW1U,JMX,MARICÁ,Rio de Janeiro,-22.937222,-42.895278,BR,heliport,Brasil,ANAC_helipontos
SW1V,SW1V,Fazenda e Haras Terra Boa,ARAPUTANGA,MT,-15.491389,-58.398056,BR,private_aerodrome,Brasil,ANAC_privados
SW1W,SW1W,São Pedro,SÃO DESIDÉRIO,BA,-12.579444,-46.020556,BR,private_aerodrome,Brasil,ANAC_privados
SW1X,SW1X,Fazenda Colorado,DIAMANTINO,MT,-13.943056,-57.103611,BR,private_aerodrome,Brasil,ANAC_privados
SW1Y,SW1Y,Fazenda Amanda E Carolina - Acm Agronegócios,BRASNORTE,MT,-13.211389,-57.831667,BR,private_aerodrome,Brasil,ANAC_privados
SW1Z,SW1Z,Helibh II,NOVA LIMA,Minas Gerais,-20.047222,-43.961389,BR,heliport,Brasil,ANAC_helipontos
SW20,SW20,Fazenda Colorado,CAMETÁ,PA,-2.4527778,-49.355833,BR,private_aerodrome,Brasil,ANAC_privados
SW21,SW21,Aeródromo Mineração G3,NOVA LACERDA,MT,-14.480278,-59.843611,BR,private_aerodrome,Brasil,ANAC_privados
SW22,SW22,Fazenda Samauma,JACAREACANGA,PA,-7.2375,-57.1025,BR,private_aerodrome,Brasil,ANAC_privados
SW23,SW23,EXTRA CARGO,SÃO FRANCISCO DO SUL,Santa Catarina,-26.250556,-48.603333,BR,heliport,Brasil,ANAC_helipontos
SW24,SW24,ILHA DO COMENDADOR,ARUANÃ,Goiás,-14.728611,-51.043056,BR,heliport,Brasil,ANAC_helipontos
SW25,SW25,Mascarenhas,VITÓRIA DA CONQUISTA,Bahia,-14.864444,-40.800833,BR,heliport,Brasil,ANAC_helipontos
SW26,SW26,FAZENDA SÃO FRANCISCO DO PERIGARA,BARÃO DE MELGAÇO,MT,-16.902222,-56.2575,BR,private_aerodrome,Brasil,ANAC_privados
SW27,SW27,FAZENDA CAIÇARA,LUZIÂNIA,GO,-16.4575,-47.7375,BR,private_aerodrome,Brasil,ANAC_privados
SW28,SW28,FAZENDA BOA VISTA,AÇUCENA,Minas Gerais,-19.065556,-42.331389,BR,heliport,Brasil,ANAC_helipontos
SW29,SW29,Fazenda Campo Bonito,AMAJARI,RR,3.49638889,-61.382222,BR,private_aerodrome,Brasil,ANAC_privados
SW2A,SW2A,Cesconetto,EUNÁPOLIS,BA,-16.293611,-39.559444,BR,private_aerodrome,Brasil,ANAC_privados
SW2B,SW2B,FAZENDA PEDRA DA LETRA,MAURITI,CE,-7.3925,-38.682778,BR,private_aerodrome,Brasil,ANAC_privados
SW2C,SW2C,FAZENDA RECREIO,PARANATINGA,MT,-13.408889,-54.084167,BR,private_aerodrome,Brasil,ANAC_privados
SW2D,SW2D,FAZENDA NÁPOLES,MOJU,PA,-3.1811111,-49.055833,BR,private_aerodrome,Brasil,ANAC_privados
SW2E,SW2E,PONTO NOVO FRUTICULTURA,SÁTIRO DIAS,BA,-11.489444,-38.656389,BR,private_aerodrome,Brasil,ANAC_privados
SW2F,SW2F,Fazenda Santo Antônio,LUCAS DO RIO VERDE,MT,-12.9325,-56.148611,BR,private_aerodrome,Brasil,ANAC_privados
SW2G,SW2G,Tailândia,TAILÂNDIA,PA,-2.9825,-48.934167,BR,private_aerodrome,Brasil,ANAC_privados
SW2H,SW2H,AERÓDROMO KM 47,SÃO MATEUS,ES,-18.750833,-40.262222,BR,private_aerodrome,Brasil,ANAC_privados
SW2I,SW2I,KIKOS RANCH,NOVA CRIXÁS,GO,-14.365556,-50.413889,BR,private_aerodrome,Brasil,ANAC_privados
SWAA,SWAA,Fazenda Ykaraí,NOVA CRIXÁS,GO,-14.544444,-50.592222,BR,private_aerodrome,Brasil,ANAC_privados
SWAB,SWAB,Bradesco Previdência,BARUERI,São Paulo,-23.486667,-46.856667,BR,heliport,Brasil,ANAC_helipontos
SWAD,SWAD,Fazenda Santa Adelaide,BOM JESUS DE GOIÁS,GO,-18.261389,-49.597222,BR,private_aerodrome,Brasil,ANAC_privados
SWAF,SWAF,Fazenda Água Fria,ESMERALDAS,Minas Gerais,-19.804167,-44.324722,BR,heliport,Brasil,ANAC_helipontos
SWAG,SWAG,Agrícola Rio Galhão,MATEIROS,TO,-10.424444,-46.076944,BR,private_aerodrome,Brasil,ANAC_privados
SWAH,SWAH,Eco Aviação,BELO HORIZONTE,Minas Gerais,-19.842222,-43.871389,BR,heliport,Brasil,ANAC_helipontos
SWAI,SWAI,Fazenda Santa Luzia,ICARAÍMA,PR,-23.35,-53.499722,BR,private_aerodrome,Brasil,ANAC_privados
SWAK,SWAK,Assunção do Içana,SÃO GABRIEL DA CACHOEIRA,AM,1.06638889,-67.600556,BR,private_aerodrome,Brasil,ANAC_privados
SWAL,SWAL,Fazenda Santa Albana,ITAPETININGA,SP,-23.581111,-48.281667,BR,private_aerodrome,Brasil,ANAC_privados
SWAM,SWAM,Fazenda Agropecuária Gomes,TAQUARITUBA,SP,-23.648056,-49.150278,BR,private_aerodrome,Brasil,ANAC_privados
SWAN,SWAN,Fazenda Jamaica,POMPÉIA,SP,-22.184444,-50.275278,BR,private_aerodrome,Brasil,ANAC_privados
SWAO,SWAO,Anamoim,SÃO GABRIEL DA CACHOEIRA,AM,1.79972222,-67.383889,BR,private_aerodrome,Brasil,ANAC_privados
SWAP,SWAP,Sementes Petrovina,PEDRA PRETA,MT,-16.848611,-54.064444,BR,private_aerodrome,Brasil,ANAC_privados
SWAR,SWAR,Fazenda Aruanã,RIBEIRÃO CASCALHEIRA,MT,-13.081111,-51.587778,BR,private_aerodrome,Brasil,ANAC_privados
SWAS,SWAS,Usina Açucareira Santo Antônio,SERTÃOZINHO,SP,-21.121111,-47.947778,BR,private_aerodrome,Brasil,ANAC_privados
SWAT,SWAT,Tauana,PRADO,Bahia,-16.9575,-39.161111,BR,heliport,Brasil,ANAC_helipontos
SWAU,SWAU,Fazenda Nossa Senhora Aparecida,PIRAJUBA,MG,-19.946389,-48.578889,BR,private_aerodrome,Brasil,ANAC_privados
SWAV,SWAV,Fazenda Vale dos Sonhos,PALESTINA DE GOIÁS,GO,-16.786944,-51.4425,BR,private_aerodrome,Brasil,ANAC_privados
SWAW,SWAW,Tropical,NOVA SERRANA,Minas Gerais,-19.873889,-45.003333,BR,heliport,Brasil,ANAC_helipontos
SWAX,SWAX,Fazenda Sassapão II,FORMOSA DO RIO PRETO,BA,-10.748889,-45.845278,BR,private_aerodrome,Brasil,ANAC_privados
SWAY,SWAY,Piripiri,PIRIPIRI,PI,-4.3344444,-41.769167,BR,private_aerodrome,Brasil,ANAC_privados
SWAZ,SWAZ,Santo Atanázio,SÃO GABRIEL DA CACHOEIRA,AM,0.399722222,-69.300556,BR,private_aerodrome,Brasil,ANAC_privados
SWBB,SWBB,Castelli Fazenda Sobradinho,CORRENTINA,BA,-13.62,-46.097222,BR,private_aerodrome,Brasil,ANAC_privados
SWBD,SWBD,Fazenda Mundo Novo,SONORA,MS,-17.94,-54.929722,BR,private_aerodrome,Brasil,ANAC_privados
SWBF,SWBF,Fazenda Boa Fortuna,PIUM,TO,-10.005,-49.488889,BR,private_aerodrome,Brasil,ANAC_privados
SWBH,SWBH,Fazenda São José do Rancho Grande,AQUIDAUANA,MS,-20.156111,-55.545556,BR,private_aerodrome,Brasil,ANAC_privados
SWBI,SWBI,Santa Colomba Cafés,COCOS,BA,-14.623333,-45.251389,BR,private_aerodrome,Brasil,ANAC_privados
SWBJ,SWBJ,Fazenda Itarema,CANARANA,MT,-13.255,-52.04,BR,private_aerodrome,Brasil,ANAC_privados
SWBK,SWBK,Fazenda Paladino,SÃO DESIDÉRIO,BA,-13.089167,-45.832222,BR,private_aerodrome,Brasil,ANAC_privados
SWBL,SWBL,Marinas Portobello,CAPITÓLIO,Minas Gerais,-20.629722,-46.006111,BR,heliport,Brasil,ANAC_helipontos
SWBM,SWBM,Bauminas,CATAGUASES,Minas Gerais,-21.375556,-42.7325,BR,heliport,Brasil,ANAC_helipontos
SWBN,SWBN,Fazenda São Gabriel,BALSAS,MA,-7.49,-46.145833,BR,private_aerodrome,Brasil,ANAC_privados
SWBO,SWBO,Fazenda Perobal,CORUMBIARA,RO,-12.909722,-61.370556,BR,private_aerodrome,Brasil,ANAC_privados
SWBP,SWBP,Fazenda Continental,COLÔMBIA,SP,-20.241111,-48.658333,BR,private_aerodrome,Brasil,ANAC_privados
SWBQ,SWBQ,Geraldo Alvino Covre,PINHEIROS,ES,-18.463333,-40.175833,BR,private_aerodrome,Brasil,ANAC_privados
SWBS,SWBS,Rolim de Moura,ROLIM DE MOURA,RO,-11.6575,-61.775833,BR,private_aerodrome,Brasil,ANAC_privados
SWBT,SWBT,Fazenda Tupi,NOVA ANDRADINA,MS,-21.805278,-53.128611,BR,private_aerodrome,Brasil,ANAC_privados
SWBU,SWBU,Ouro Branco,INDIARA,Goiás,-17.125278,-49.965278,BR,heliport,Brasil,ANAC_helipontos
SWBV,SWBV,Auaris,AMAJARI,RR,4.01638889,-64.518611,BR,private_aerodrome,Brasil,ANAC_privados
SWBW,SWBW,Fazenda Água Nascente,SONORA,MS,-17.235556,-53.729444,BR,private_aerodrome,Brasil,ANAC_privados
SWBX,SWBX,Fazenda Santo Antônio do Paraíso,ITIQUIRA,MT,-17.491667,-55.221389,BR,private_aerodrome,Brasil,ANAC_privados
SWBY,SWBY,Fazenda Bela Vista,INDIARA,GO,-17.153611,-50.014167,BR,private_aerodrome,Brasil,ANAC_privados
SWBZ,SWBZ,Projeto Brasil I,SANTA RITA DE CÁSSIA,BA,-11.408056,-44.668333,BR,private_aerodrome,Brasil,ANAC_privados
SWCC,SWCC,Candote,TRÊS LAGOAS,MS,-20.838611,-52.301667,BR,private_aerodrome,Brasil,ANAC_privados
SWCD,SWCD,Colider,COLÍDER,MT,-10.761111,-55.462222,BR,private_aerodrome,Brasil,ANAC_privados
SWCE,SWCE,Fazenda Centúria Austrália,FORMOSA DO RIO PRETO,BA,-11.351944,-46.161111,BR,private_aerodrome,Brasil,ANAC_privados
SWCG,SWCG,T & T,BLUMENAU,Santa Catarina,-26.887778,-49.087222,BR,heliport,Brasil,ANAC_helipontos
SWCH,SWCH,Fazenda Santa Efigênia,JABORANDI,BA,-14.496111,-45.922222,BR,private_aerodrome,Brasil,ANAC_privados
SWCI,SWCI,Agropecuária Rio da Prata,POSSE,GO,-14.225,-46.548056,BR,private_aerodrome,Brasil,ANAC_privados
SWCJ,SWCJ,Fazenda Campo Alegre,PALMEIRA DO PIAUÍ,PI,-8.5911111,-44.248333,BR,private_aerodrome,Brasil,ANAC_privados
SWCK,SWCK,WEST CORP,BARUERI,São Paulo,-23.501667,-46.851111,BR,heliport,Brasil,ANAC_helipontos
SWCM,SWCM,Hospital Marcio Cunha,IPATINGA,Minas Gerais,-19.497222,-42.539444,BR,heliport,Brasil,ANAC_helipontos
SWCN,SWCN,Instituto de Ciências Náuticas,MARICÁ,Rio de Janeiro,-22.934444,-42.948611,BR,heliport,Brasil,ANAC_helipontos
SWCO,SWCO,Fazenda Continental,COCALINHO,MT,-14.715556,-51.209722,BR,private_aerodrome,Brasil,ANAC_privados
SWCP,SWCP,Pontal,PONTAL,SP,-21.032778,-48.011667,BR,private_aerodrome,Brasil,ANAC_privados
SWCR,SWCR,Fazenda Canaã,FORMOSA DO RIO PRETO,BA,-10.3525,-45.564722,BR,private_aerodrome,Brasil,ANAC_privados
SWCS,SWCS,Corticeiras,CRISTAL,RS,-30.978611,-51.937222,BR,private_aerodrome,Brasil,ANAC_privados
SWCT,SWCT,Laguna Iguaçu,CURITIBA,Paraná,-25.449167,-49.288889,BR,heliport,Brasil,ANAC_helipontos
SWCU,SWCU,Fazenda Curuá,ALTAMIRA,PA,-8.0041667,-54.935556,BR,private_aerodrome,Brasil,ANAC_privados
SWCV,SWCV,CMA,BARRETOS,São Paulo,-20.569444,-48.693056,BR,heliport,Brasil,ANAC_helipontos
SWCW,SWCW,Ycambi Ranch,CARATINGA,Minas Gerais,-19.718056,-42.131944,BR,heliport,Brasil,ANAC_helipontos
SWCX,SWCX,Icon Realty Cajamar,CAJAMAR,São Paulo,-23.376111,-46.842778,BR,heliport,Brasil,ANAC_helipontos
SWCY,SWCY,Comary,TERESÓPOLIS,Rio de Janeiro,-22.451667,-42.98,BR,heliport,Brasil,ANAC_helipontos
SWDA,SWDA,Centro Administrativo da Bahia - CAB,SALVADOR,Bahia,-12.9475,-38.431944,BR,heliport,Brasil,ANAC_helipontos
SWDB,SWDB,Fazenda Barro Preto,CORUMBÁ,MS,-19.818611,-57.206111,BR,private_aerodrome,Brasil,ANAC_privados
SWDC,SWDC,Fazenda do Coronel,CORAÇÃO DE MARIA,BA,-12.271389,-38.751944,BR,private_aerodrome,Brasil,ANAC_privados
SWDD,SWDD,Fazenda Colibri,SANTO ANTÔNIO DO LEVERGER,MT,-16.203889,-55.398333,BR,private_aerodrome,Brasil,ANAC_privados
SWDF,SWDF,Residência Oficial de Águas Claras II,BRASÍLIA,Distrito Federal,-15.8275,-48.023056,BR,heliport,Brasil,ANAC_helipontos
SWDH,SWDH,Damha Golfe,SÃO CARLOS,São Paulo,-21.951111,-47.898056,BR,heliport,Brasil,ANAC_helipontos
SWDI,SWDI,Aeroagrícola Solo,PARANAPANEMA,SP,-23.447778,-48.8675,BR,private_aerodrome,Brasil,ANAC_privados
SWDJ,SWDJ,Trend Tower,BARUERI,São Paulo,-23.485556,-46.855278,BR,heliport,Brasil,ANAC_helipontos
SWDL,SWDL,Del Rey,SALVADOR,Bahia,-12.9925,-38.44,BR,heliport,Brasil,ANAC_helipontos
SWDO,SWDO,Hotel da Fazenda Dona Carolina,ITATIBA,São Paulo,-22.941111,-46.700833,BR,heliport,Brasil,ANAC_helipontos
SWDP,SWDP,Haras da Mata,CESÁRIO LANGE,São Paulo,-23.175,-47.924167,BR,heliport,Brasil,ANAC_helipontos
SWDR,SWDR,Fazenda Bandeirantes,TAQUARUSSU,MS,-22.608889,-53.447222,BR,private_aerodrome,Brasil,ANAC_privados
SWDS,SWDS,Condomínio Aéreo Santos Dumont,JI-PARANÁ,RO,-10.953889,-61.993333,BR,private_aerodrome,Brasil,ANAC_privados
SWDT,SWDT,Dezoito,NERÓPOLIS,GO,-16.438889,-49.199444,BR,private_aerodrome,Brasil,ANAC_privados
SWDU,SWDU,Destilaria Tabu,CAAPORÃ,PB,-7.4705556,-34.889444,BR,private_aerodrome,Brasil,ANAC_privados
SWDV,SWDV,Fazenda Vereda,ESMERALDAS,Minas Gerais,-19.686667,-44.433889,BR,heliport,Brasil,ANAC_helipontos
SWDW,SWDW,Fazenda Pessegueiro,PASSO FUNDO,RS,-28.336667,-52.485556,BR,private_aerodrome,Brasil,ANAC_privados
SWDX,SWDX,Edifício Torre Almirante,RIO DE JANEIRO,Rio de Janeiro,-22.9075,-43.175556,BR,heliport,Brasil,ANAC_helipontos
SWDY,SWDY,Fazenda Água Fria,CRIXÁS,GO,-14.754444,-50.3775,BR,private_aerodrome,Brasil,ANAC_privados
SWDZ,SWDZ,do Zé,RIBEIRÃO PRETO,São Paulo,-21.23,-47.784167,BR,heliport,Brasil,ANAC_helipontos
SWEA,SWEA,Fazenda Santiago de Compostela,COMODORO,MT,-13.451111,-60.270278,BR,private_aerodrome,Brasil,ANAC_privados
SWEB,SWEB,Bahiagliding,FORMOSA DO RIO PRETO,BA,-11.261111,-45.699167,BR,private_aerodrome,Brasil,ANAC_privados
SWEC,SWEC,Estância Araguaia,ARAGARÇAS,GO,-15.898333,-52.095833,BR,private_aerodrome,Brasil,ANAC_privados
SWED,SWED,Fazenda Eldorado,ARAPOEMA,TO,-7.7586111,-49.127778,BR,private_aerodrome,Brasil,ANAC_privados
SWEF,SWEF,Fazenda Europa,COCALINHO,MT,-14.813056,-51.156667,BR,private_aerodrome,Brasil,ANAC_privados
SWEG,SWEG,Engevix,BARUERI,São Paulo,-23.502222,-46.8275,BR,heliport,Brasil,ANAC_helipontos
SWEH,SWEH,Fazenda Agroplan,QUERÊNCIA,MT,-11.663333,-52.85,BR,private_aerodrome,Brasil,ANAC_privados
SWEJ,SWEJ,Associação Tocantinense de Aviação,PORTO NACIONAL,TO,-10.182778,-48.545278,BR,private_aerodrome,Brasil,ANAC_privados
SWEL,SWEL,Limão,SÃO PAULO,São Paulo,-23.505556,-46.680556,BR,heliport,Brasil,ANAC_helipontos
SWEN,SWEN,Estância Recanto,ALTA FLORESTA,MT,-9.9375,-56.087222,BR,private_aerodrome,Brasil,ANAC_privados
SWEO,SWEO,Itapará Sport Fishing,RORAINÓPOLIS,RR,0.209722222,-61.55,BR,private_aerodrome,Brasil,ANAC_privados
SWEP,SWEP,Estância Punta Del Este,SERTANEJA,PR,-22.804444,-50.9825,BR,private_aerodrome,Brasil,ANAC_privados
SWEQ,SWEQ,Clube de Esportes Aéreos e Náuticos do Pará,BELÉM,PA,-1.2672222,-48.43,BR,private_aerodrome,Brasil,ANAC_privados
SWER,SWER,Fazenda Entre Rios,PORTO MURTINHO,MS,-21.358611,-57.101389,BR,private_aerodrome,Brasil,ANAC_privados
SWES,SWES,Clube de Aviação Experimental do Paraná,IBIPORÃ,PR,-23.287222,-51.090556,BR,private_aerodrome,Brasil,ANAC_privados
SWET,SWET,KKS-37,NOVA IGUAÇU,Rio de Janeiro,-22.738611,-43.493611,BR,heliport,Brasil,ANAC_helipontos
SWEU,SWEU,Fazenda Americana,ITAMBACURI,MG,-18.146944,-41.714444,BR,private_aerodrome,Brasil,ANAC_privados
SWEV,SWEV,Fazenda Cambara 1,CORRENTINA,BA,-13.604722,-46.052222,BR,private_aerodrome,Brasil,ANAC_privados
SWEW,SWEW,Fazenda Felicidade,PORTO ESPERIDIÃO,MT,-15.840556,-58.635278,BR,private_aerodrome,Brasil,ANAC_privados
SWEX,SWEX,Boa Esperança,SANTA LUZIA,MA,-3.9119444,-45.783056,BR,private_aerodrome,Brasil,ANAC_privados
SWEY,SWEY,Fazenda São Fernando,VASSOURAS,Rio de Janeiro,-22.345833,-43.533889,BR,heliport,Brasil,ANAC_helipontos
SWFA,SWFA,Fazenda Pamplona,CRISTALINA,GO,-16.215556,-47.626389,BR,private_aerodrome,Brasil,ANAC_privados
SWFB,SWFB,Fazendas Bergamini,RIVERSUL,São Paulo,-23.787222,-49.424167,BR,heliport,Brasil,ANAC_helipontos
SWFC,SWFC,Fazenda Cedro,LUCAS DO RIO VERDE,MT,-12.976389,-56.183611,BR,private_aerodrome,Brasil,ANAC_privados
SWFD,SWFD,Fazenda Don Felipe,PONTA PORÃ,MS,-22.559167,-55.375833,BR,private_aerodrome,Brasil,ANAC_privados
SWFE,SWFE,Fazenda São Félix,MACHADINHO D'OESTE,RO,-9.2927778,-61.806667,BR,private_aerodrome,Brasil,ANAC_privados
SWFF,SWFF,Fazenda Franciosi,SAPEZAL,MT,-13.418889,-58.472778,BR,private_aerodrome,Brasil,ANAC_privados
SWFH,SWFH,Fly Club,PORTO SEGURO,BA,-16.358333,-39.015,BR,private_aerodrome,Brasil,ANAC_privados
SWFI,SWFI,Fazenda Santa Paula,CÁCERES,MT,-15.643056,-57.548056,BR,private_aerodrome,Brasil,ANAC_privados
SWFJ,SWFJ,Fazenda Estrela,ANTÔNIO JOÃO,MS,-22.211944,-55.8,BR,private_aerodrome,Brasil,ANAC_privados
SWFL,SWFL,Fazenda Peixe Bravo,SANTA TEREZINHA,MT,-10.093889,-50.3825,BR,private_aerodrome,Brasil,ANAC_privados
SWFM,SWFM,Fazenda Maiador,GOIANDIRA,GO,-18.174444,-48.210833,BR,private_aerodrome,Brasil,ANAC_privados
SWFP,SWFP,Fazenda Prata,RURÓPOLIS,PA,-4.1605556,-55.381944,BR,private_aerodrome,Brasil,ANAC_privados
SWFQ,SWFQ,Fazenda Alvorada,PORTO NACIONAL,TO,-10.391944,-48.679444,BR,private_aerodrome,Brasil,ANAC_privados
SWFS,SWFS,Fazenda São Francisco,MOGI MIRIM,São Paulo,-22.382778,-47.008889,BR,heliport,Brasil,ANAC_helipontos
SWFT,SWFT,Office Tower,SÃO LUÍS,Maranhão,-2.5013889,-44.290833,BR,heliport,Brasil,ANAC_helipontos
SWFU,SWFU,Fortuna,VILA BELA DA SANTÍSSIMA TRINDADE,MT,-16.166944,-59.500556,BR,private_aerodrome,Brasil,ANAC_privados
SWFV,SWFV,Terramare,GUAPÉ,MG,-20.7225,-45.864444,BR,private_aerodrome,Brasil,ANAC_privados
SWFW,SWFW,Fazenda Terra Way - VII,TABAPORÃ,MT,-11.547222,-56.026944,BR,private_aerodrome,Brasil,ANAC_privados
SWFY,SWFY,Fapar,CAXIAS DO SUL,Rio Grande do Sul,-29.181944,-51.236111,BR,heliport,Brasil,ANAC_helipontos
SWFZ,SWFZ,Fazenda Galiléia,ALMAS,TO,-11.561111,-47.146111,BR,private_aerodrome,Brasil,ANAC_privados
SWGA,SWGA,Represa Avaré,AVARÉ,São Paulo,-23.201944,-48.984722,BR,heliport,Brasil,ANAC_helipontos
SWGB,SWGB,Gabinete Militar,GOIÂNIA,Goiás,-16.681667,-49.255556,BR,heliport,Brasil,ANAC_helipontos
SWGC,SWGC,Agricenter,PONTA PORÃ,MS,-22.623889,-55.568889,BR,private_aerodrome,Brasil,ANAC_privados
SWGD,SWGD,Fazenda Estrela,BAIXA GRANDE DO RIBEIRO,PI,-8.4719444,-45.329444,BR,private_aerodrome,Brasil,ANAC_privados
SWGE,SWGE,Green Technology,CAMPO LARGO,Paraná,-25.435278,-49.425833,BR,heliport,Brasil,ANAC_helipontos
SWGF,SWGF,Fazenda Fortaleza,NOVO ARIPUANÃ,AM,-7.9077778,-61.25,BR,private_aerodrome,Brasil,ANAC_privados
SWGJ,SWGJ,Fazenda Campo Grande,BAIANÓPOLIS,BA,-12.712222,-44.590556,BR,private_aerodrome,Brasil,ANAC_privados
SWGK,SWGK,André Guimarães,LAURO DE FREITAS,Bahia,-12.875278,-38.308611,BR,heliport,Brasil,ANAC_helipontos
SWGL,SWGL,AAGV - Associação Aerodesportiva de Getulio Vargas,GETÚLIO VARGAS,RS,-27.8625,-52.184722,BR,private_aerodrome,Brasil,ANAC_privados
SWGM,SWGM,Panco Guararema,GUARAREMA,São Paulo,-23.336944,-46.143333,BR,heliport,Brasil,ANAC_helipontos
SWGO,SWGO,Santa Cecília,GOIANÉSIA,GO,-15.343056,-49.135833,BR,private_aerodrome,Brasil,ANAC_privados
SWGP,SWGP,Palmeiras de Goiás,PALMEIRAS DE GOIÁS,GO,-16.826944,-49.879444,BR,private_aerodrome,Brasil,ANAC_privados
SWGQ,SWGQ,Fazenda Monte Alegre,NOVA OLÍMPIA,MT,-14.780833,-57.354167,BR,private_aerodrome,Brasil,ANAC_privados
SWGR,SWGR,Urbanova,SÃO JOSÉ DOS CAMPOS,São Paulo,-23.184167,-45.9325,BR,heliport,Brasil,ANAC_helipontos
SWGS,SWGS,Fazenda Rancho Branco,NOVA MARINGÁ,MT,-12.228333,-57.237778,BR,private_aerodrome,Brasil,ANAC_privados
SWGT,SWGT,Fazenda Nova,JANDAIA,GO,-17.172222,-50.208611,BR,private_aerodrome,Brasil,ANAC_privados
SWGU,SWGU,Fazenda São Gabriel,BRASNORTE,MT,-12.656111,-58.249167,BR,private_aerodrome,Brasil,ANAC_privados
SWGV,SWGV,Fazenda Cocal II,CANARANA,MT,-12.801944,-52.607778,BR,private_aerodrome,Brasil,ANAC_privados
SWGW,SWGW,Fazenda Santa Rita do Araguaia,JUSSARA,GO,-15.438611,-51.598333,BR,private_aerodrome,Brasil,ANAC_privados
SWGX,SWGX,Fortunas,FORTUNA DE MINAS,Minas Gerais,-19.614722,-44.413611,BR,heliport,Brasil,ANAC_helipontos
SWGY,SWGY,Sierra Móveis Gramado,GRAMADO,Rio Grande do Sul,-29.417222,-50.853333,BR,heliport,Brasil,ANAC_helipontos
SWGZ,SWGZ,Fazenda Cangaia,TAILÂNDIA,PA,-3.0125,-48.898333,BR,private_aerodrome,Brasil,ANAC_privados
SWHB,SWHB,Hyundai Piracicaba,PIRACICABA,São Paulo,-22.682778,-47.602778,BR,heliport,Brasil,ANAC_helipontos
SWHC,SWHC,Caracol,CANELA,Rio Grande do Sul,-29.317222,-50.851667,BR,heliport,Brasil,ANAC_helipontos
SWHD,SWHD,Fazenda Ipuitã,NAVIRAÍ,MS,-23.021944,-53.901111,BR,private_aerodrome,Brasil,ANAC_privados
SWHE,SWHE,Santa Helena,VOTORANTIM,São Paulo,-23.598056,-47.441111,BR,heliport,Brasil,ANAC_helipontos
SWHF,SWHF,Fazenda Chaparral,CORRENTINA,BA,-13.473333,-45.371667,BR,private_aerodrome,Brasil,ANAC_privados
SWHH,SWHH,Banco Santander,SÃO PAULO,São Paulo,-23.590833,-46.690833,BR,heliport,Brasil,ANAC_helipontos
SWHJ,SWHJ,Fazenda Santa Lúcia,BRASILÉIA,AC,-10.746389,-69.198889,BR,private_aerodrome,Brasil,ANAC_privados
SWHL,SWHL,Fazenda Marabá,CAMPO VERDE,MT,-15.274167,-55.121111,BR,private_aerodrome,Brasil,ANAC_privados
SWHM,SWHM,Lobo Agropecuária,ALCINÓPOLIS,MS,-18.3125,-53.662778,BR,private_aerodrome,Brasil,ANAC_privados
SWHN,SWHN,Fazenda Colibri,SELVÍRIA,MS,-20.226944,-51.845833,BR,private_aerodrome,Brasil,ANAC_privados
SWHO,SWHO,Fazenda Novo Horizonte,CAPITÃO ENÉAS,MG,-16.179167,-43.609444,BR,private_aerodrome,Brasil,ANAC_privados
SWHQ,SWHQ,Fazenda Santa Cruz,VILA BELA DA SANTÍSSIMA TRINDADE,MT,-15.189167,-59.939167,BR,private_aerodrome,Brasil,ANAC_privados
SWHS,SWHS,Fazenda São João,MAURILÂNDIA,GO,-18.050278,-50.380833,BR,private_aerodrome,Brasil,ANAC_privados
SWHU,SWHU,Fazenda Izaura - Usina Cocal,RANCHARIA,SP,-22.506667,-50.865278,BR,private_aerodrome,Brasil,ANAC_privados
SWHW,SWHW,Helbor Tower,MOGI DAS CRUZES,São Paulo,-23.523611,-46.196389,BR,heliport,Brasil,ANAC_helipontos
SWHX,SWHX,Conjunto Hospitalar do Mandaqui,SÃO PAULO,São Paulo,-23.485,-46.630556,BR,heliport,Brasil,ANAC_helipontos
SWHY,SWHY,Fazenda Irerê,MARACAJU,MS,-21.494444,-55.266111,BR,private_aerodrome,Brasil,ANAC_privados
SWHZ,SWHZ,Fazenda Taquaruçu Retiro,CARLINDA,MT,-10.3375,-55.959444,BR,private_aerodrome,Brasil,ANAC_privados
SWIA,SWIA,Antônio Costa da Silva,JURUÁ,AM,-3.4822222,-66.0575,BR,private_aerodrome,Brasil,ANAC_privados
SWIB,SWIB,Fazenda Santa Laura,NOVA SANTA HELENA,MT,-10.862778,-54.914167,BR,private_aerodrome,Brasil,ANAC_privados
SWIC,SWIC,Fazenda Rancho Alegre,NOVA MUTUM,MT,-13.519722,-56.066667,BR,private_aerodrome,Brasil,ANAC_privados
SWID,SWID,Itaú - Data Center Mogi Mirim,MOGI MIRIM,São Paulo,-22.490833,-46.974444,BR,heliport,Brasil,ANAC_helipontos
SWIE,SWIE,Fazenda Planalto das Emas,JABORANDI,BA,-14.098333,-46.141389,BR,private_aerodrome,Brasil,ANAC_privados
SWIF,SWIF,Rio Santos,ITAGUAÍ,Rio de Janeiro,-22.854722,-43.764722,BR,heliport,Brasil,ANAC_helipontos
SWIG,SWIG,Igarashi 3,PLANALTINA,Goiás,-15.181389,-47.591944,BR,heliport,Brasil,ANAC_helipontos
SWIH,SWIH,Fazenda Felicidade,NOVO SÃO JOAQUIM,MT,-14.901667,-52.734722,BR,private_aerodrome,Brasil,ANAC_privados
SWIJ,SWIJ,Fazenda Água Doce,JABORANDI,BA,-14.050556,-45.593333,BR,private_aerodrome,Brasil,ANAC_privados
SWIK,SWIK,Fazenda Vanguarda,COCALINHO,MT,-14.917222,-51.283889,BR,private_aerodrome,Brasil,ANAC_privados
SWIL,SWIL,Fazenda Tarumã,PEDRA PRETA,MT,-17.015833,-54.349722,BR,private_aerodrome,Brasil,ANAC_privados
SWIM,SWIM,Fazenda Três Ranchos,MONTES CLAROS DE GOIÁS,GO,-16.121111,-51.670833,BR,private_aerodrome,Brasil,ANAC_privados
SWIN,SWIN,Fazenda Itamarati Norte,CAMPO NOVO DO PARECIS,MT,-14.243056,-57.995278,BR,private_aerodrome,Brasil,ANAC_privados
SWIO,SWIO,CEO,RIO DE JANEIRO,Rio de Janeiro,-22.985,-43.358889,BR,heliport,Brasil,ANAC_helipontos
SWIP,SWIP,Fazenda Três Rios,UNAÍ,MG,-16.944722,-46.273611,BR,private_aerodrome,Brasil,ANAC_privados
SWIR,SWIR,CCN - Torre Norte,RIO DE JANEIRO,Rio de Janeiro,-22.911389,-43.208333,BR,heliport,Brasil,ANAC_helipontos
SWIS,SWIS,Caiapó,CASEARA,TO,-9.1863889,-49.775278,BR,private_aerodrome,Brasil,ANAC_privados
SWIT,SWIT,Condomínio de Voo Itaipu - CVI,SANTA TEREZINHA DE ITAIPU,PR,-25.484444,-54.441389,BR,private_aerodrome,Brasil,ANAC_privados
SWIV,SWIV,Águia Branca do Parú,ALMEIRIM,PA,-1.2680556,-53.261389,BR,private_aerodrome,Brasil,ANAC_privados
SWIW,SWIW,Fazenda Pirapitinga,COCALZINHO DE GOIÁS,GO,-15.417222,-48.633889,BR,private_aerodrome,Brasil,ANAC_privados
SWIX,SWIX,JPO,SORRISO,MT,-12.605833,-55.765833,BR,private_aerodrome,Brasil,ANAC_privados
SWIY,SWIY,Santa Isabel do Morro,LAGOA DA CONFUSÃO,TO,-11.573333,-50.668056,BR,private_aerodrome,Brasil,ANAC_privados
SWIZ,SWIZ,Fazenda 7 Reis,NOVA ALVORADA DO SUL,MS,-21.296667,-54.479167,BR,private_aerodrome,Brasil,ANAC_privados
SWJA,SWJA,FAZENDA AERO-AMIL,ITAJAÍ,SC,-27.0175,-48.853333,BR,private_aerodrome,Brasil,ANAC_privados
SWJB,SWJB,Fazenda Jubá,BARRA DO BUGRES,MT,-14.745,-58.128333,BR,private_aerodrome,Brasil,ANAC_privados
SWJC,SWJC,Fazenda Carandá,RIO VERDE DE MATO GROSSO,MS,-19.051389,-55.097778,BR,private_aerodrome,Brasil,ANAC_privados
SWJE,SWJE,Solar Volta da Jurema,FORTALEZA,Ceará,-3.7241667,-38.489444,BR,heliport,Brasil,ANAC_helipontos
SWJF,SWJF,Fazenda São Francisco,CORUMBÁ,MS,-17.648056,-56.899722,BR,private_aerodrome,Brasil,ANAC_privados
SWJG,SWJG,CGO,PILAR DE GOIÁS,Goiás,-14.777222,-49.576111,BR,heliport,Brasil,ANAC_helipontos
SWJH,SWJH,Sementes Beé,TAPEJARA,RS,-28.0525,-51.968333,BR,private_aerodrome,Brasil,ANAC_privados
SWJI,SWJI,Fazenda Maringá,BAIXA GRANDE DO RIBEIRO,PI,-8.1455556,-45.204167,BR,private_aerodrome,Brasil,ANAC_privados
SWJJ,SWJJ,Ilha dos Coqueiros,ANGRA DOS REIS,Rio de Janeiro,-22.984167,-44.354167,BR,heliport,Brasil,ANAC_helipontos
SWJK,SWJK,Hermitage,NITERÓI,Rio de Janeiro,-22.915556,-42.991667,BR,heliport,Brasil,ANAC_helipontos
SWJL,SWJL,Fazenda Invernada,ITAJÁ,GO,-19.036944,-51.266111,BR,private_aerodrome,Brasil,ANAC_privados
SWJM,SWJM,Fazenda Bom Jesus,NOVO ALEGRE,TO,-12.950833,-46.566111,BR,private_aerodrome,Brasil,ANAC_privados
SWJO,SWJO,Fazenda São José,POXORÉU,MT,-15.433611,-54.440833,BR,private_aerodrome,Brasil,ANAC_privados
SWJP,SWJP,Vila Bittencourt,JAPURÁ,AM,-1.4038889,-69.423611,BR,private_aerodrome,Brasil,ANAC_privados
SWJQ,SWJQ,Fazenda São João,PARANHOS,MS,-23.8425,-55.436111,BR,private_aerodrome,Brasil,ANAC_privados
SWJR,SWJR,Fazenda Santa Rita,AQUIDAUANA,MS,-19.251111,-55.52,BR,private_aerodrome,Brasil,ANAC_privados
SWJS,SWJS,Santa Rosa Pantanal Hotel,POCONÉ,MT,-17.366389,-56.791667,BR,private_aerodrome,Brasil,ANAC_privados
SWJU,SWJU,Fazenda Mundo Novo,DUERÉ,TO,-11.543333,-49.492778,BR,private_aerodrome,Brasil,ANAC_privados
SWJV,SWJV,Palmeiras do Javari,ATALAIA DO NORTE,AM,-5.1302778,-72.805556,BR,private_aerodrome,Brasil,ANAC_privados
SWJX,SWJX,Fazenda Eldorado,GAÚCHA DO NORTE,MT,-13.603333,-53.544167,BR,private_aerodrome,Brasil,ANAC_privados
SWJY,SWJY,Professora Francisca Cardoso,SÃO MIGUEL DE TAIPU,PB,-7.2461111,-35.1725,BR,private_aerodrome,Brasil,ANAC_privados
SWJZ,SWJZ,Sítio Primavera,ITAITUBA,PA,-6.4225,-55.446667,BR,private_aerodrome,Brasil,ANAC_privados
SWKA,SWKA,Fazenda Cachoeira 2,BURITIZEIRO,MG,-17.389722,-45.093889,BR,private_aerodrome,Brasil,ANAC_privados
SWKB,SWKB,Fazenda Baía do Lara,CORUMBÁ,MS,-17.565833,-55.288333,BR,private_aerodrome,Brasil,ANAC_privados
SWKD,SWKD,Portal do Japy,CABREÚVA,São Paulo,-23.257222,-47.041111,BR,heliport,Brasil,ANAC_helipontos
SWKE,SWKE,Cobrape,FORMOSO DO ARAGUAIA,TO,-11.484722,-49.954444,BR,private_aerodrome,Brasil,ANAC_privados
SWKF,SWKF,Fazenda Furnas do Sararé,PONTES E LACERDA,MT,-15.044722,-59.421667,BR,private_aerodrome,Brasil,ANAC_privados
SWKG,SWKG,Ilha da Gipóia,ANGRA DOS REIS,Rio de Janeiro,-23.05,-44.347778,BR,heliport,Brasil,ANAC_helipontos
SWKH,SWKH,Pista Aldeia Rio Vermelho (Krénhêdjã),OURILÂNDIA DO NORTE,PA,-7.6611111,-51.619444,BR,private_aerodrome,Brasil,ANAC_privados
SWKJ,SWKJ,Parklog,MOGI MIRIM,São Paulo,-22.543056,-46.998611,BR,heliport,Brasil,ANAC_helipontos
SWKK,SWKK,Huck,RIO DE JANEIRO,Rio de Janeiro,-23.008611,-43.288056,BR,heliport,Brasil,ANAC_helipontos
SWKL,SWKL,Fazenda Primavera do Rio Terebinto,ALTO ALEGRE DOS PARECIS,RO,-12.558611,-61.993611,BR,private_aerodrome,Brasil,ANAC_privados
SWKM,SWKM,Castelo Branco Office Park - Torre II,BARUERI,São Paulo,-23.505278,-46.8375,BR,heliport,Brasil,ANAC_helipontos
SWKN,SWKN,Caramori,RESERVA DO CABAÇAL,MT,-14.867222,-58.506667,BR,private_aerodrome,Brasil,ANAC_privados
SWKP,SWKP,Pista Aldeia Krãnhãmpare,SÃO FÉLIX DO XINGU,PA,-8.7333333,-51.847778,BR,private_aerodrome,Brasil,ANAC_privados
SWKS,SWKS,Fornagieri,SÃO CARLOS DO IVAÍ,Paraná,-23.311667,-52.511111,BR,heliport,Brasil,ANAC_helipontos
SWKU,SWKU,Cucuí,SÃO GABRIEL DA CACHOEIRA,AM,1.12055556,-66.841667,BR,private_aerodrome,Brasil,ANAC_privados
SWKV,SWKV,Fazenda Beira Rio,ITAÚBA,MT,-10.907778,-55.8625,BR,private_aerodrome,Brasil,ANAC_privados
SWKW,SWKW,Pista Aldeia Kawatire,SÃO FÉLIX DO XINGU,PA,-7.7194444,-52.755833,BR,private_aerodrome,Brasil,ANAC_privados
SWKX,SWKX,Clip-Pb,CONDE,Paraíba,-7.2716667,-34.933889,BR,heliport,Brasil,ANAC_helipontos
SWKY,SWKY,Maravilha,CAMAÇARI,Bahia,-12.811667,-38.249444,BR,heliport,Brasil,ANAC_helipontos
SWKZ,SWKZ,Central Park Business,FORTALEZA,Ceará,-3.7472222,-38.49,BR,heliport,Brasil,ANAC_helipontos
SWLA,SWLA,Fazenda Amália,JUÍNA,MT,-11.882222,-58.633889,BR,private_aerodrome,Brasil,ANAC_privados
SWLD,SWLD,Condomínio Milla,BAIXA GRANDE DO RIBEIRO,PI,-8.2527778,-45.247222,BR,private_aerodrome,Brasil,ANAC_privados
SWLE,SWLE,Empresarial Alfred Nobel,RECIFE,Pernambuco,-8.0647222,-34.896111,BR,heliport,Brasil,ANAC_helipontos
SWLF,SWLF,Filial Campo Florido,CAMPO FLORIDO,MG,-19.813889,-48.738889,BR,private_aerodrome,Brasil,ANAC_privados
SWLG,SWLG,Palácio Laranjeiras,RIO DE JANEIRO,Rio de Janeiro,-22.930556,-43.185278,BR,heliport,Brasil,ANAC_helipontos
SWLH,SWLH,Fazenda Nova Holanda,BALSAS,MA,-8.8063889,-46.358333,BR,private_aerodrome,Brasil,ANAC_privados
SWLI,SWLI,Fazenda Santa Maria da Nhecolândia,CORUMBÁ,MS,-18.8175,-56.579722,BR,private_aerodrome,Brasil,ANAC_privados
SWLJ,SWLJ,Fazenda Santa Cruz,IACIARA,GO,-14.218333,-46.838889,BR,private_aerodrome,Brasil,ANAC_privados
SWLK,SWLK,Fazenda Boa Vista - Grupo IJP,SORRISO,MT,-13.150833,-55.375833,BR,private_aerodrome,Brasil,ANAC_privados
SWLL,SWLL,Fazenda Liberdade,CORRENTINA,BA,-13.626667,-45.415,BR,private_aerodrome,Brasil,ANAC_privados
SWLM,SWLM,Fazenda Mustang II,CANDEIAS DO JAMARI,RO,-9.2452778,-63.556667,BR,private_aerodrome,Brasil,ANAC_privados
SWLN,SWLN,Fazenda Laranjeiras,CURRAIS,PI,-8.7116667,-44.571389,BR,private_aerodrome,Brasil,ANAC_privados
SWLO,SWLO,Hospital São José,JARAGUÁ DO SUL,Santa Catarina,-26.488889,-49.084722,BR,heliport,Brasil,ANAC_helipontos
SWLP,SWLP,Fazenda Rosa Paralelo 10,RONDOLÂNDIA,MT,-9.9722222,-61.233333,BR,private_aerodrome,Brasil,ANAC_privados
SWLQ,SWLQ,Fazenda Mata Velha,MANICORÉ,AM,-7.9080556,-61.563333,BR,private_aerodrome,Brasil,ANAC_privados
SWLR,SWLR,Fazenda Perdizes,SILVÂNIA,GO,-16.451667,-48.398056,BR,private_aerodrome,Brasil,ANAC_privados
SWLS,SWLS,Fazenda São Luís,PALOTINA,PR,-24.198611,-53.874167,BR,private_aerodrome,Brasil,ANAC_privados
SWLT,SWLT,Loreto,SALVADOR,Bahia,-12.759722,-38.620556,BR,heliport,Brasil,ANAC_helipontos
SWLV,SWLV,Santo Antônio do Leverger,SANTO ANTÔNIO DO LEVERGER,MT,-15.851111,-56.087778,BR,private_aerodrome,Brasil,ANAC_privados
SWLW,SWLW,Grupo Tático Aéreo,SÃO LUÍS,Maranhão,-2.4963889,-44.279444,BR,heliport,Brasil,ANAC_helipontos
SWLX,SWLX,Fazenda Analice,JAURU,MT,-15.4125,-58.829167,BR,private_aerodrome,Brasil,ANAC_privados
SWLY,SWLY,Chácara MCL,ANDRADINA,SP,-20.881111,-51.356389,BR,private_aerodrome,Brasil,ANAC_privados
SWMA,SWMA,Fazenda Córrego do Mato,FIGUEIRÃO,MS,-18.695,-53.576111,BR,private_aerodrome,Brasil,ANAC_privados
SWMB,SWMB,Sítio Mombaça,ANGRA DOS REIS,Rio de Janeiro,-23.013333,-44.288056,BR,heliport,Brasil,ANAC_helipontos
SWMD,SWMD,Fazenda da Máquina,SETE LAGOAS,Minas Gerais,-19.44,-44.313889,BR,heliport,Brasil,ANAC_helipontos
SWMF,SWMF,Higienópolis Medical Center,SÃO PAULO,São Paulo,-23.55,-46.658611,BR,heliport,Brasil,ANAC_helipontos
SWMG,SWMG,Margom,ÁGUA FRIA DE GOIÁS,GO,-14.869722,-47.579444,BR,private_aerodrome,Brasil,ANAC_privados
SWMH,SWMH,Fazenda Bom Pastor,ITAPIRAPUÃ,GO,-15.536667,-51.019722,BR,private_aerodrome,Brasil,ANAC_privados
SWMI,SWMI,Fazenda Esplanada,BRASILÂNDIA,MS,-20.868333,-52.865556,BR,private_aerodrome,Brasil,ANAC_privados
SWMJ,SWMJ,Fazenda Mano Julio,IPIRANGA DO NORTE,MT,-12.355,-56.296944,BR,private_aerodrome,Brasil,ANAC_privados
SWMK,SWMK,Maturacá,SANTA ISABEL DO RIO NEGRO,AM,0.616388889,-66.131111,BR,private_aerodrome,Brasil,ANAC_privados
SWML,SWML,Fazenda Nova Santa Rita,ITAITUBA,PA,-6.8013889,-56.490833,BR,private_aerodrome,Brasil,ANAC_privados
SWMM,SWMM,Mabra I,NAZÁRIO,Goiás,-16.616111,-49.882778,BR,heliport,Brasil,ANAC_helipontos
SWMN,SWMN,Santa Mônica,NATIVIDADE,TO,-12.065556,-47.721944,BR,private_aerodrome,Brasil,ANAC_privados
SWMO,SWMO,Fazenda Mirandópolis,JUSCIMEIRA,MT,-16.361944,-55.083889,BR,private_aerodrome,Brasil,ANAC_privados
SWMP,SWMP,Paladino,CONDE,Paraíba,-7.2547222,-34.928333,BR,heliport,Brasil,ANAC_helipontos
SWMQ,SWMQ,Fazenda Muiraquitã,ARIPUANÃ,MT,-10.428611,-60.547778,BR,private_aerodrome,Brasil,ANAC_privados
SWMR,SWMR,Fazenda Retirinho,AQUIDAUANA,MS,-19.88,-56.025278,BR,private_aerodrome,Brasil,ANAC_privados
SWMS,SWMS,Monte Sinai III,RIBEIRÃO PRETO,São Paulo,-21.177222,-47.800556,BR,heliport,Brasil,ANAC_helipontos
SWMT,SWMT,Chácara São Matheus,JAPURÁ,PR,-23.485,-52.5725,BR,private_aerodrome,Brasil,ANAC_privados
SWMU,SWMU,Fazenda Três Muchachas,BANDEIRANTES,MS,-19.642778,-54.031944,BR,private_aerodrome,Brasil,ANAC_privados
SWMV,SWMV,Paa-Piu,IRACEMA,RR,2.72694444,-62.950556,BR,private_aerodrome,Brasil,ANAC_privados
SWMX,SWMX,Fazenda Jauquara,BARRA DO BUGRES,MT,-15.173889,-57.127222,BR,private_aerodrome,Brasil,ANAC_privados
SWMZ,SWMZ,Agroer Agropecuária,RONDONÓPOLIS,MT,-16.441944,-54.701944,BR,private_aerodrome,Brasil,ANAC_privados
SWNA,SWNA,Novo Aripuanã,NOVO ARIPUANÃ,AM,-5.1175,-60.364444,BR,private_aerodrome,Brasil,ANAC_privados
SWNB,SWNB,Luís Eduardo Magalhães,LUÍS EDUARDO MAGALHÃES,BA,-12.068333,-45.711389,BR,private_aerodrome,Brasil,ANAC_privados
SWNC,SWNC,Fazenda Nictheroy,SENADOR GUIOMARD,AC,-10.2675,-67.698056,BR,private_aerodrome,Brasil,ANAC_privados
SWNE,SWNE,Nelson Saldanha,NOVA VIÇOSA,BA,-17.884444,-39.366667,BR,private_aerodrome,Brasil,ANAC_privados
SWNF,SWNF,Franciscus,DIVINÓPOLIS DO TOCANTINS,TO,-9.4997222,-49.629167,BR,private_aerodrome,Brasil,ANAC_privados
SWNG,SWNG,Samarco Mina do Germano,MARIANA,Minas Gerais,-20.199167,-43.489722,BR,heliport,Brasil,ANAC_helipontos
SWNI,SWNI,Hospital e Maternidade Santa Marina,SÃO PAULO,São Paulo,-23.656944,-46.652778,BR,heliport,Brasil,ANAC_helipontos
SWNJ,SWNJ,Fazenda Itaquerê,NOVO SÃO JOAQUIM,MT,-15.138611,-53.501667,BR,private_aerodrome,Brasil,ANAC_privados
SWNL,SWNL,Fazenda São Sebastião,RIBAS DO RIO PARDO,MS,-20.179167,-54.051667,BR,private_aerodrome,Brasil,ANAC_privados
SWNM,SWNM,Fazenda Módulo Aguapei,PORTO ESPERIDIÃO,MT,-15.826944,-59.234167,BR,private_aerodrome,Brasil,ANAC_privados
SWNN,SWNN,Fazenda Jandaira,TAPURAH,MT,-12.779444,-56.480278,BR,private_aerodrome,Brasil,ANAC_privados
SWNO,SWNO,São Miguel do Tapuio,SÃO MIGUEL DO TAPUIO,PI,-5.4930556,-41.300556,BR,private_aerodrome,Brasil,ANAC_privados
SWNT,SWNT,Fazenda Aracagi,PEIXOTO DE AZEVEDO,MT,-10.561944,-53.474167,BR,private_aerodrome,Brasil,ANAC_privados
SWNU,SWNU,Fazenda Maringá,IPIXUNA DO PARÁ,PA,-3.1619444,-48.106944,BR,private_aerodrome,Brasil,ANAC_privados
SWNV,SWNV,Fazenda Baile,NOVA ANDRADINA,MS,-22.237222,-53.371667,BR,private_aerodrome,Brasil,ANAC_privados
SWNW,SWNW,Roso,ACEGUÁ,RS,-31.734167,-54.088889,BR,private_aerodrome,Brasil,ANAC_privados
SWNX,SWNX,Tek Nações Unidas,SÃO PAULO,São Paulo,-23.616667,-46.701944,BR,heliport,Brasil,ANAC_helipontos
SWNY,SWNY,Fazenda Canaã,LUÍS ANTÔNIO,São Paulo,-21.534444,-47.686111,BR,heliport,Brasil,ANAC_helipontos
SWNZ,SWNZ,Fazenda Jamaica,SERRA NOVA DOURADA,MT,-11.926667,-51.601389,BR,private_aerodrome,Brasil,ANAC_privados
SWOA,SWOA,Arnapar,GOIANIRA,GO,-16.540556,-49.398333,BR,private_aerodrome,Brasil,ANAC_privados
SWOC,SWOC,Fazenda São Bento do Bocajah,CARACOL,MS,-22.025278,-57.364722,BR,private_aerodrome,Brasil,ANAC_privados
SWOD,SWOD,Ondina,SALVADOR,Bahia,-13.009167,-38.503889,BR,heliport,Brasil,ANAC_helipontos
SWOE,SWOE,Estância do Sol,ARAPONGAS,Paraná,-23.508333,-51.431111,BR,heliport,Brasil,ANAC_helipontos
SWOF,SWOF,Fazenda Três Fronteiras,ALTO TAQUARI,MT,-18.039167,-53.151111,BR,private_aerodrome,Brasil,ANAC_privados
SWOG,SWOG,Fazenda Itaipu,SÃO JOSÉ DO RIO CLARO,MT,-13.752222,-56.961111,BR,private_aerodrome,Brasil,ANAC_privados
SWOH,SWOH,Vinícola Don Guerino,ALTO FELIZ,Rio Grande do Sul,-29.379444,-51.330278,BR,heliport,Brasil,ANAC_helipontos
SWOI,SWOI,Fazenda Nova Esperança,CÁCERES,MT,-15.874167,-57.3525,BR,private_aerodrome,Brasil,ANAC_privados
SWOJ,SWOJ,Coudelaria Rocas do Vouga,ITU,São Paulo,-23.298056,-47.402778,BR,heliport,Brasil,ANAC_helipontos
SWOL,SWOL,Fazenda Roncador,BARRA DO GARÇAS,MT,-15.096111,-52.4,BR,private_aerodrome,Brasil,ANAC_privados
SWOM,SWOM,Fazenda Marialva,NAVIRAÍ,MS,-23.018611,-53.980278,BR,private_aerodrome,Brasil,ANAC_privados
SWON,SWON,Clube de Aviação Céu Azul,ARAQUARI,SC,-26.561389,-48.696111,BR,private_aerodrome,Brasil,ANAC_privados
SWOP,SWOP,APTA,SÃO BERNARDO DO CAMPO,São Paulo,-23.768056,-46.592778,BR,heliport,Brasil,ANAC_helipontos
SWOQ,SWOQ,Fazenda Vista Verde,PALMEIRA DO PIAUÍ,PI,-8.4916667,-44.384722,BR,private_aerodrome,Brasil,ANAC_privados
SWOR,SWOR,Fazenda Colorado,BRITÂNIA,GO,-15.453333,-51.224722,BR,private_aerodrome,Brasil,ANAC_privados
SWOS,SWOS,Fazenda Santa Márcia,CAIAPÔNIA,GO,-16.580833,-52.1425,BR,private_aerodrome,Brasil,ANAC_privados
SWOT,SWOT,Fazenda Planorte,SAPEZAL,MT,-13.944444,-58.895556,BR,private_aerodrome,Brasil,ANAC_privados
SWOU,SWOU,Rede Globo 2,SÃO PAULO,São Paulo,-23.615,-46.698333,BR,heliport,Brasil,ANAC_helipontos
SWOV,SWOV,Fazenda Girassol,PEDRA PRETA,MT,-16.845833,-54.046389,BR,private_aerodrome,Brasil,ANAC_privados
SWOX,SWOX,Fazenda Pixoxó,SÃO CARLOS,SP,-21.78,-47.882778,BR,private_aerodrome,Brasil,ANAC_privados
SWOY,SWOY,Fazenda Santa Rita I,PEDRO GOMES,MS,-17.900278,-54.657222,BR,private_aerodrome,Brasil,ANAC_privados
SWOZ,SWOZ,Fazenda Santo Antônio,CAMPO VERDE,MT,-15.310556,-54.899167,BR,private_aerodrome,Brasil,ANAC_privados
SWPA,SWPA,Fazenda Futura,NOVA UBIRATÃ,MT,-13.121944,-55.069722,BR,private_aerodrome,Brasil,ANAC_privados
SWPC,SWPC,Pari-Cachoeira,SÃO GABRIEL DA CACHOEIRA,AM,0.263055556,-69.795556,BR,private_aerodrome,Brasil,ANAC_privados
SWPD,SWPD,Pouso da Águia,CANTÁ,RR,2.78722222,-60.595833,BR,private_aerodrome,Brasil,ANAC_privados
SWPE,SWPE,Fazenda Lagoa da Mata,CARLINDA,MT,-10.131389,-55.586111,BR,private_aerodrome,Brasil,ANAC_privados
SWPF,SWPF,Fazenda Primavera,PIMENTEIRAS DO OESTE,RO,-13.459444,-61.233889,BR,private_aerodrome,Brasil,ANAC_privados
SWPH,SWPH,Fazenda Paulo Abreu,BARRA DO GARÇAS,MT,-15.226111,-52.13,BR,private_aerodrome,Brasil,ANAC_privados
SWPJ,SWPJ,Fazenda Santo Antônio,MOGI MIRIM,São Paulo,-22.464444,-46.9125,BR,heliport,Brasil,ANAC_helipontos
SWPL,SWPL,Leonardo Villas Boas,GAÚCHA DO NORTE,MT,-12.199167,-53.383056,BR,private_aerodrome,Brasil,ANAC_privados
SWPN,SWPN,Pesqueiro Pantanal,SANTO ANTÔNIO DO LEVERGER,MT,-17.324722,-55.528889,BR,private_aerodrome,Brasil,ANAC_privados
SWPO,SWPO,Pequi Metais,PEQUI,Minas Gerais,-19.608056,-44.655278,BR,heliport,Brasil,ANAC_helipontos
SWPP,SWPP,Fazenda Pica-Pau,MOZARLÂNDIA,GO,-14.749167,-50.662778,BR,private_aerodrome,Brasil,ANAC_privados
SWPQ,SWPQ,Fazenda Piraguassu,PORTO ALEGRE DO NORTE,MT,-10.858611,-51.689444,BR,private_aerodrome,Brasil,ANAC_privados
SWPS,SWPS,Fazenda Das Perobas,PRUDENTE DE MORAIS,MG,-19.502222,-44.157778,BR,private_aerodrome,Brasil,ANAC_privados
SWPT,SWPT,Ventura I,SÃO DESIDÉRIO,BA,-13.1775,-46.229722,BR,private_aerodrome,Brasil,ANAC_privados
SWPV,SWPV,Dom Rodrigo El Manco,PIRACURUCA,PI,-3.9419444,-41.67,BR,private_aerodrome,Brasil,ANAC_privados
SWPW,SWPW,CEA-Caçapava,CAÇAPAVA,SP,-23.126667,-45.662778,BR,private_aerodrome,Brasil,ANAC_privados
SWPX,SWPX,Belterra,BELTERRA,PA,-2.6722222,-54.951667,BR,private_aerodrome,Brasil,ANAC_privados
SWQA,SWQA,Bonini,CAMPOS DO JORDÃO,São Paulo,-22.732222,-45.559722,BR,heliport,Brasil,ANAC_helipontos
SWQB,SWQB,Hahn,PIRACAIA,São Paulo,-22.975,-46.390833,BR,heliport,Brasil,ANAC_helipontos
SWQC,SWQC,Fazenda São Francisco,RIO VERDE,GO,-17.502778,-51.595,BR,private_aerodrome,Brasil,ANAC_privados
SWQD,SWQD,WYDA,SOROCABA,São Paulo,-23.443333,-47.436389,BR,heliport,Brasil,ANAC_helipontos
SWQE,SWQE,Querari,SÃO GABRIEL DA CACHOEIRA,AM,1.09138889,-69.833889,BR,private_aerodrome,Brasil,ANAC_privados
SWQF,SWQF,Miguel Dias III,MULUNGU,Ceará,-4.2380556,-38.981111,BR,heliport,Brasil,ANAC_helipontos
SWQG,SWQG,Fazenda Sossego,MARACAJU,MS,-21.458333,-55.416389,BR,private_aerodrome,Brasil,ANAC_privados
SWQH,SWQH,Fazenda Nova Santana,ARIPUANÃ,MT,-10.134444,-60.544444,BR,private_aerodrome,Brasil,ANAC_privados
SWQI,SWQI,Fazenda Caturama,ZACARIAS,SP,-21.113611,-50.038889,BR,private_aerodrome,Brasil,ANAC_privados
SWQJ,SWQJ,COOMEJ,ALMEIRIM,PA,-0.10194444,-52.95,BR,private_aerodrome,Brasil,ANAC_privados
SWQK,SWQK,Pista Aldeia Kubenkrankenh,OURILÂNDIA DO NORTE,PA,-8.1408333,-52.121944,BR,private_aerodrome,Brasil,ANAC_privados
SWQL,SWQL,Fazenda Três Companheiros,DOVERLÂNDIA,GO,-16.6825,-52.252778,BR,private_aerodrome,Brasil,ANAC_privados
SWQM,SWQM,Fazenda Quinzeiro Moeda,MOEDA,Minas Gerais,-20.321944,-44.041944,BR,heliport,Brasil,ANAC_helipontos
SWQN,SWQN,Fazenda Nego Velho,CASTANHEIRA,MT,-10.976944,-58.445,BR,private_aerodrome,Brasil,ANAC_privados
SWQO,SWQO,Fazenda Renascença,FRUTAL,MG,-20.3875,-48.915556,BR,private_aerodrome,Brasil,ANAC_privados
SWQP,SWQP,Rio Vermelho Açúcar e Álcool,JUNQUEIRÓPOLIS,SP,-21.315278,-51.37,BR,private_aerodrome,Brasil,ANAC_privados
SWQQ,SWQQ,Fazenda Taquarussu,SETE QUEDAS,MS,-23.903611,-54.981944,BR,private_aerodrome,Brasil,ANAC_privados
SWQS,SWQS,Fazenda Santa Rosa,RIBAS DO RIO PARDO,MS,-20.941389,-53.435278,BR,private_aerodrome,Brasil,ANAC_privados
SWQT,SWQT,Fazenda São Nicolau,COTRIGUAÇU,MT,-9.8625,-58.230833,BR,private_aerodrome,Brasil,ANAC_privados
SWQU,SWQU,Fazenda Guaporé,VILA BELA DA SANTÍSSIMA TRINDADE,MT,-14.601111,-60.121667,BR,private_aerodrome,Brasil,ANAC_privados
SWQV,SWQV,Volkswagen,SÃO BERNARDO DO CAMPO,São Paulo,-23.729444,-46.549722,BR,heliport,Brasil,ANAC_helipontos
SWQW,SWQW,Fazenda Bacaeri,ALTA FLORESTA,MT,-10.051111,-56.832222,BR,private_aerodrome,Brasil,ANAC_privados
SWQX,SWQX,Fazenda Cachoeira,ÁGUA CLARA,MS,-19.698056,-53.081389,BR,private_aerodrome,Brasil,ANAC_privados
SWQY,SWQY,Fazenda Peturú,PORTO DE MOZ,PA,-2.6844444,-52.3675,BR,private_aerodrome,Brasil,ANAC_privados
SWQZ,SWQZ,Portofino,CAMPOS DO JORDÃO,São Paulo,-22.709167,-45.608611,BR,heliport,Brasil,ANAC_helipontos
SWRA,SWRA,Fazenda Bela Vista,NOVA MONTE VERDE,MT,-10.055,-56.991667,BR,private_aerodrome,Brasil,ANAC_privados
SWRB,SWRB,Fazenda Santa Rita,CAMPINAS DO SUL,RS,-27.706389,-52.723889,BR,private_aerodrome,Brasil,ANAC_privados
SWRC,SWRC,Fazenda Sevilha,RIBEIRÃO CASCALHEIRA,MT,-12.640278,-51.930556,BR,private_aerodrome,Brasil,ANAC_privados
SWRD,SWRD,Chácara Rondoagro,SÃO MIGUEL DO GUAPORÉ,RO,-11.731944,-62.709167,BR,private_aerodrome,Brasil,ANAC_privados
SWRE,SWRE,Fazenda Renovo,ALTO GARÇAS,MT,-16.770556,-53.526944,BR,private_aerodrome,Brasil,ANAC_privados
SWRF,SWRF,Francisco Ramalho,PEDREIRAS,MA,-4.5838889,-44.546111,BR,private_aerodrome,Brasil,ANAC_privados
SWRG,SWRG,Rancho Maria e Tereza,GUAJARÁ-MIRIM,RO,-10.826111,-65.229444,BR,private_aerodrome,Brasil,ANAC_privados
SWRH,SWRH,Fazenda Aurora,SÃO DESIDÉRIO,BA,-12.704722,-46.158889,BR,private_aerodrome,Brasil,ANAC_privados
SWRI,SWRI,Fazenda Roncador I,QUERÊNCIA,MT,-12.157222,-52.2725,BR,private_aerodrome,Brasil,ANAC_privados
SWRJ,SWRJ,Kamar,MANGARATIBA,Rio de Janeiro,-22.9375,-44.078889,BR,heliport,Brasil,ANAC_helipontos
SWRK,SWRK,Pedreira Pombal Fazenda Recanto,BARRA MANSA,Rio de Janeiro,-22.486389,-44.257222,BR,heliport,Brasil,ANAC_helipontos
SWRL,SWRL,Fazenda Pouso Redondo,CORUMBIARA,RO,-12.977222,-61.049167,BR,private_aerodrome,Brasil,ANAC_privados
SWRM,SWRM,FAZENDA REMANSO,CACOAL,RO,-11.182222,-61.088889,BR,private_aerodrome,Brasil,ANAC_privados
SWRP,SWRP,Teles Pires Lodge,APIACÁS,MT,-8.8630556,-57.420556,BR,private_aerodrome,Brasil,ANAC_privados
SWRQ,SWRQ,Aero Park,TERESINA,PI,-5.0605556,-42.674444,BR,private_aerodrome,Brasil,ANAC_privados
SWRS,SWRS,Fazenda Santa Mônica,RONDONÓPOLIS,MT,-16.975,-54.755,BR,private_aerodrome,Brasil,ANAC_privados
SWRT,SWRT,Fazenda Santa Rita,SANTA RITA DO ARAGUAIA,GO,-17.346944,-53.193889,BR,private_aerodrome,Brasil,ANAC_privados
SWRU,SWRU,Grupo Rotta,NOVO PROGRESSO,PA,-7.1513889,-55.805278,BR,private_aerodrome,Brasil,ANAC_privados
SWRV,SWRV,Rochaverá - Alfa,SÃO PAULO,São Paulo,-23.622778,-46.700556,BR,heliport,Brasil,ANAC_helipontos
SWRW,SWRW,Fazenda Santa Alice,MIRASSOL D'OESTE,MT,-15.5875,-58.044444,BR,private_aerodrome,Brasil,ANAC_privados
SWRX,SWRX,Fazenda Piracema,NOVA MUTUM,MT,-13.956667,-55.779167,BR,private_aerodrome,Brasil,ANAC_privados
SWRY,SWRY,Fazenda Santa Maria,PORTO ESTRELA,MT,-15.741667,-57.483333,BR,private_aerodrome,Brasil,ANAC_privados
SWRZ,SWRZ,Fazenda Dourado,NORTELÂNDIA,MT,-14.353333,-56.713889,BR,private_aerodrome,Brasil,ANAC_privados
SWSA,SWSA,Fazenda Santa Maria,LONDRINA,PR,-23.495833,-51.32,BR,private_aerodrome,Brasil,ANAC_privados
SWSC,SWSC,Fazenda São Carlos,PARAÍSO DAS ÁGUAS,MS,-19.1775,-53.102778,BR,private_aerodrome,Brasil,ANAC_privados
SWSD,SWSD,Fazenda Santo Antônio,ARAGUAIANA,MT,-15.616944,-51.814167,BR,private_aerodrome,Brasil,ANAC_privados
SWSE,SWSE,Iguatemi Corporate,PORTO ALEGRE,Rio Grande do Sul,-30.028333,-51.162778,BR,heliport,Brasil,ANAC_helipontos
SWSF,SWSF,Fazenda São Francisco,VILA BELA DA SANTÍSSIMA TRINDADE,MT,-15.223889,-60.216667,BR,private_aerodrome,Brasil,ANAC_privados
SWSG,SWSG,Fazenda Simarelli,CAMPOS DE JÚLIO,MT,-13.604444,-59.317222,BR,private_aerodrome,Brasil,ANAC_privados
SWSH,SWSH,Fazenda Agropecuária Nossa Senhora Aparecida,JOÃO PINHEIRO,MG,-17.124722,-45.604444,BR,private_aerodrome,Brasil,ANAC_privados
SWSI,SWSI,Pousada Amazônia Fishing Lodge,JACAREACANGA,PA,-9.1391667,-57.049722,BR,private_aerodrome,Brasil,ANAC_privados
SWSJ,SWSJ,Fazenda São José,SAPEZAL,MT,-13.741389,-58.885,BR,private_aerodrome,Brasil,ANAC_privados
SWSK,SWSK,Akron,SÃO PAULO,São Paulo,-23.609167,-46.605833,BR,heliport,Brasil,ANAC_helipontos
SWSL,SWSL,Aviação Estrela Bôscoli,LUCAS DO RIO VERDE,MT,-13.323333,-56.048889,BR,private_aerodrome,Brasil,ANAC_privados
SWSM,SWSM,Sulina Sementes,DIAMANTINO,MT,-13.898333,-57.414167,BR,private_aerodrome,Brasil,ANAC_privados
SWSN,SWSN,Fazenda São Valentim,PONTES E LACERDA,MT,-14.962222,-59.321389,BR,private_aerodrome,Brasil,ANAC_privados
SWSO,SWSO,Socimed,TUBARÃO,Santa Catarina,-28.473889,-48.988889,BR,heliport,Brasil,ANAC_helipontos
SWSP,SWSP,Sopave Norte,NOVA UBIRATÃ,MT,-13.725278,-54.738333,BR,private_aerodrome,Brasil,ANAC_privados
SWSQ,SWSQ,São Joaquim,SÃO GABRIEL DA CACHOEIRA,AM,1.73305556,-69.383889,BR,private_aerodrome,Brasil,ANAC_privados
SWSR,SWSR,Guará,GODOFREDO VIANA,Maranhão,-1.2991667,-45.751389,BR,heliport,Brasil,ANAC_helipontos
SWSS,SWSS,Sapucaí,RIO DE JANEIRO,Rio de Janeiro,-22.909722,-43.198333,BR,heliport,Brasil,ANAC_helipontos
SWST,SWST,Bandeiras Centro Empresarial,VOTORANTIM,São Paulo,-23.536667,-47.449444,BR,heliport,Brasil,ANAC_helipontos
SWSU,SWSU,Fazenda Santa Umbelina,NAVIRAÍ,MS,-22.937778,-53.829444,BR,private_aerodrome,Brasil,ANAC_privados
SWSV,SWSV,Fazenda Santa Silvia,COCALINHO,MT,-14.388611,-51.380556,BR,private_aerodrome,Brasil,ANAC_privados
SWSW,SWSW,Toca PCDF,BRASÍLIA,Distrito Federal,-15.779722,-47.913056,BR,heliport,Brasil,ANAC_helipontos
SWSX,SWSX,Xinguara,XINGUARA,PA,-7.0905556,-49.976389,BR,private_aerodrome,Brasil,ANAC_privados
SWSY,SWSY,Fazenda Santa Inês,ESPÍRITO SANTO DO PINHAL,São Paulo,-22.176667,-46.715278,BR,heliport,Brasil,ANAC_helipontos
SWSZ,SWSZ,Fazenda Santa Luzia,NOVA BANDEIRANTES,MT,-9.7736111,-58.062778,BR,private_aerodrome,Brasil,ANAC_privados
SWTA,SWTA,Stelita,POUSO ALEGRE,Minas Gerais,-22.229722,-45.934444,BR,heliport,Brasil,ANAC_helipontos
SWTB,SWTB,Tarobá,SANTA TEREZINHA DE ITAIPU,PR,-25.548056,-54.485278,BR,private_aerodrome,Brasil,ANAC_privados
SWTC,SWTC,Fazenda Beatriz,BRASILÂNDIA,MS,-21.071944,-52.104444,BR,private_aerodrome,Brasil,ANAC_privados
SWTD,SWTD,Fazenda Nova Agropecuária,NOVA BANDEIRANTES,MT,-9.2952778,-58.143333,BR,private_aerodrome,Brasil,ANAC_privados
SWTE,SWTE,WEST SIDE,BARUERI,São Paulo,-23.503611,-46.849444,BR,heliport,Brasil,ANAC_helipontos
SWTF,SWTF,JBS,SÃO PAULO,São Paulo,-23.513611,-46.730833,BR,heliport,Brasil,ANAC_helipontos
SWTG,SWTG,Fazenda Santa Marina,SANTO ANTÔNIO DO ARACANGUÁ,SP,-20.847222,-50.788056,BR,private_aerodrome,Brasil,ANAC_privados
SWTI,SWTI,São Vicente,NOVA LACERDA,MT,-14.519444,-59.78,BR,private_aerodrome,Brasil,ANAC_privados
SWTK,SWTK,Fazenda Santa Maria do Guaporé,VILA BELA DA SANTÍSSIMA TRINDADE,MT,-14.199444,-60.28,BR,private_aerodrome,Brasil,ANAC_privados
SWTL,SWTL,Fazenda Corumbiara,PARECIS,RO,-12.514444,-61.303889,BR,private_aerodrome,Brasil,ANAC_privados
SWTM,SWTM,Moro Golf Club,PONTA GROSSA,Paraná,-25.114722,-50.172222,BR,heliport,Brasil,ANAC_helipontos
SWTN,SWTN,Fazenda Arapucel,ARAPUTANGA,MT,-15.046111,-58.729167,BR,private_aerodrome,Brasil,ANAC_privados
SWTQ,SWTQ,Rio Quente Resorts,RIO QUENTE,GO,-17.768889,-48.761667,BR,private_aerodrome,Brasil,ANAC_privados
SWTR,SWTR,Taraquá,SÃO GABRIEL DA CACHOEIRA,AM,0.124722222,-68.545556,BR,private_aerodrome,Brasil,ANAC_privados
SWTT,SWTT,Supermax,CURITIBA,Paraná,-25.4325,-49.326111,BR,heliport,Brasil,ANAC_helipontos
SWTU,SWTU,Fazenda Tucunaré,SAPEZAL,MT,-13.464722,-58.866389,BR,private_aerodrome,Brasil,ANAC_privados
SWTV,SWTV,On Grace,RIO DE JANEIRO,Rio de Janeiro,-22.9325,-43.374167,BR,heliport,Brasil,ANAC_helipontos
SWTW,SWTW,BS Tower,FORTALEZA,Ceará,-3.7311111,-38.515833,BR,heliport,Brasil,ANAC_helipontos
SWTZ,SWTZ,Fazenda Santo Antônio - Zampieri,RIBAS DO RIO PARDO,MS,-20.739167,-53.535556,BR,private_aerodrome,Brasil,ANAC_privados
SWUB,SWUB,Belo Horizonte,ARAÇÁS,BA,-12.163333,-38.293333,BR,private_aerodrome,Brasil,ANAC_privados
SWUC,SWUC,Fazenda Ouro Verde II,CAMPO NOVO DO PARECIS,MT,-13.515,-57.8925,BR,private_aerodrome,Brasil,ANAC_privados
SWUE,SWUE,Fazenda Tapayuna,NOVA CANAÃ DO NORTE,MT,-10.703333,-55.936667,BR,private_aerodrome,Brasil,ANAC_privados
SWUF,SWUF,Cervejaria Petrópolis,BOITUVA,São Paulo,-23.258333,-47.660833,BR,heliport,Brasil,ANAC_helipontos
SWUG,SWUG,Hospital MATER DEI Betim/Contagem,BETIM,Minas Gerais,-19.941111,-44.147778,BR,heliport,Brasil,ANAC_helipontos
SWUI,SWUI,Ilha do Maia,ANGRA DOS REIS,Rio de Janeiro,-23.027222,-44.332222,BR,heliport,Brasil,ANAC_helipontos
SWUJ,SWUJ,São Gotardo,SÃO GOTARDO,MG,-19.3475,-46.104167,BR,private_aerodrome,Brasil,ANAC_privados
SWUK,SWUK,Uapui-Cachoeira,SÃO GABRIEL DA CACHOEIRA,AM,1.21638889,-69.200556,BR,private_aerodrome,Brasil,ANAC_privados
SWUL,SWUL,Fazenda Furna Azul,ANANÁS,TO,-6.2158333,-48.425833,BR,private_aerodrome,Brasil,ANAC_privados
SWUN,SWUN,Fazenda União,INOCÊNCIA,MS,-19.2925,-52.060833,BR,private_aerodrome,Brasil,ANAC_privados
SWUO,SWUO,Arroz Cristal,APARECIDA DE GOIÂNIA,Goiás,-16.806389,-49.244167,BR,heliport,Brasil,ANAC_helipontos
SWUP,SWUP,Almenat,EMBU DAS ARTES,São Paulo,-23.646389,-46.8825,BR,heliport,Brasil,ANAC_helipontos
SWUQ,SWUQ,Surucucu,ALTO ALEGRE,RR,2.83527778,-63.646389,BR,private_aerodrome,Brasil,ANAC_privados
SWUR,SWUR,Fazenda Ressaca,CÁCERES,MT,-16.188611,-57.705556,BR,private_aerodrome,Brasil,ANAC_privados
SWUS,SWUS,Cacau Show,ITAPEVI,São Paulo,-23.518333,-46.965278,BR,heliport,Brasil,ANAC_helipontos
SWUT,SWUT,Fiat Betim,BETIM,Minas Gerais,-19.970556,-44.106667,BR,heliport,Brasil,ANAC_helipontos
SWUV,SWUV,Fazenda Progresso,SEBASTIÃO LEAL,PI,-7.5025,-44.195833,BR,private_aerodrome,Brasil,ANAC_privados
SWUW,SWUW,Fazenda Okuhara,BARRA DO BUGRES,MT,-15.113889,-56.836944,BR,private_aerodrome,Brasil,ANAC_privados
SWUY,SWUY,Fazenda Videira,POCONÉ,MT,-16.795833,-57.230278,BR,private_aerodrome,Brasil,ANAC_privados
SWVA,SWVA,Hospital Municipal de Salvador,SALVADOR,Bahia,-12.8975,-38.389444,BR,heliport,Brasil,ANAC_helipontos
SWVB,SWVB,ICPB,PORTO BELO,Santa Catarina,-27.143333,-48.5325,BR,heliport,Brasil,ANAC_helipontos
SWVD,SWVD,Vila Don Patto,SÃO ROQUE,São Paulo,-23.563056,-47.136667,BR,heliport,Brasil,ANAC_helipontos
SWVF,SWVF,Fazenda Santo Antônio do Guaporé,VILA BELA DA SANTÍSSIMA TRINDADE,MT,-16.011111,-59.925,BR,private_aerodrome,Brasil,ANAC_privados
SWVG,SWVG,Riacho Verde,TAUÁ,Ceará,-5.9708333,-40.298333,BR,heliport,Brasil,ANAC_helipontos
SWVH,SWVH,Kinbor,PRAIA GRANDE,São Paulo,-24.011667,-46.416667,BR,heliport,Brasil,ANAC_helipontos
SWVJ,SWVJ,Fazenda São Judas Tadeu,COMODORO,MT,-13.598056,-59.950556,BR,private_aerodrome,Brasil,ANAC_privados
SWVK,SWVK,Fazenda Vale do Rio Celeste,NOVA UBIRATÃ,MT,-13.035278,-55.327778,BR,private_aerodrome,Brasil,ANAC_privados
SWVL,SWVL,Volkswagen São Carlos,SÃO CARLOS,São Paulo,-22.063611,-47.874167,BR,heliport,Brasil,ANAC_helipontos
SWVM,SWVM,Vinte e Oito,BELO HORIZONTE,Minas Gerais,-19.962778,-43.958333,BR,heliport,Brasil,ANAC_helipontos
SWVN,SWVN,Clube de Voo Fazenda Novo Horizonte,ITU,SP,-23.173056,-47.411944,BR,private_aerodrome,Brasil,ANAC_privados
SWVO,SWVO,Fazenda Goaçu,RIBAS DO RIO PARDO,MS,-20.030556,-53.358611,BR,private_aerodrome,Brasil,ANAC_privados
SWVP,SWVP,Ages,PARIPIRANGA,Bahia,-10.694167,-37.844722,BR,heliport,Brasil,ANAC_helipontos
SWVQ,SWVQ,Turim,BUÍQUE,Pernambuco,-8.6936111,-37.270833,BR,heliport,Brasil,ANAC_helipontos
SWVS,SWVS,Baía do Padre,VILA BELA DA SANTÍSSIMA TRINDADE,MT,-15.858889,-60.042222,BR,private_aerodrome,Brasil,ANAC_privados
SWVT,SWVT,Via Catarina,PALHOÇA,Santa Catarina,-27.641944,-48.673056,BR,heliport,Brasil,ANAC_helipontos
SWVU,SWVU,Fazenda Ramalhete,RIO BRILHANTE,MS,-21.734167,-54.577222,BR,private_aerodrome,Brasil,ANAC_privados
SWVW,SWVW,Furnaspark Resort,FORMIGA,MG,-20.536111,-45.604722,BR,private_aerodrome,Brasil,ANAC_privados
SWVX,SWVX,Fazenda Guariba,ARIPUANÃ,MT,-10.241389,-60.141111,BR,private_aerodrome,Brasil,ANAC_privados
SWVY,SWVY,Fazenda Floresta Negra,SETE QUEDAS,MS,-23.815,-54.699722,BR,private_aerodrome,Brasil,ANAC_privados
SWWB,SWWB,HELIBRUSQUE,BRUSQUE,Santa Catarina,-27.08,-48.912778,BR,heliport,Brasil,ANAC_helipontos
SWWD,SWWD,Dom Pedro Business Park,ATIBAIA,São Paulo,-23.050556,-46.672778,BR,heliport,Brasil,ANAC_helipontos
SWWE,SWWE,M. Baumann,PIÊN,PR,-26.035833,-49.500833,BR,private_aerodrome,Brasil,ANAC_privados
SWWF,SWWF,Fazenda Inhumas do Chapadão,UBERABA,MG,-19.305833,-48.193333,BR,private_aerodrome,Brasil,ANAC_privados
SWWG,SWWG,Vera Gol,ITABORAÍ,Rio de Janeiro,-22.753056,-42.879444,BR,heliport,Brasil,ANAC_helipontos
SWWH,SWWH,Fazenda Marca Salto,ANGÉLICA,MS,-21.983333,-53.903889,BR,private_aerodrome,Brasil,ANAC_privados
SWWI,SWWI,Fazenda Fortaleza,TESOURO,MT,-15.678333,-53.5825,BR,private_aerodrome,Brasil,ANAC_privados
SWWJ,SWWJ,Helvétia MF,INDAIATUBA,São Paulo,-23.061944,-47.162778,BR,heliport,Brasil,ANAC_helipontos
SWWK,SWWK,Bruno Forcela,ITAPECERICA,Minas Gerais,-20.466667,-45.126944,BR,heliport,Brasil,ANAC_helipontos
SWWM,SWWM,Mantena,MANTENA,MG,-18.771944,-40.948611,BR,private_aerodrome,Brasil,ANAC_privados
SWWN,SWWN,Pingo D'Água,ANGRA DOS REIS,Rio de Janeiro,-22.998611,-44.436667,BR,heliport,Brasil,ANAC_helipontos
SWWP,SWWP,Fazenda Pontal,CORUMBAÍBA,GO,-18.322222,-48.843611,BR,private_aerodrome,Brasil,ANAC_privados
SWWQ,SWWQ,Fazenda Santa Maria,MUNDO NOVO,GO,-13.769444,-49.935278,BR,private_aerodrome,Brasil,ANAC_privados
SWWR,SWWR,Fazenda Roseira,SÃO RAIMUNDO DAS MANGABEIRAS,MA,-7.2308333,-45.881944,BR,private_aerodrome,Brasil,ANAC_privados
SWWS,SWWS,Sorocaba Business Park,SOROCABA,São Paulo,-23.445278,-47.389444,BR,heliport,Brasil,ANAC_helipontos
SWWT,SWWT,Sílvio Gonçalves de Mello,MORADA NOVA DE MINAS,MG,-18.705556,-45.335556,BR,private_aerodrome,Brasil,ANAC_privados
SWWV,SWWV,Posto de Proteção Ambiental Santa Maria,BARÃO DE MELGAÇO,MT,-16.706389,-56.029167,BR,private_aerodrome,Brasil,ANAC_privados
SWWW,SWWW,Posto de Proteção Ambiental São Luis,BARÃO DE MELGAÇO,MT,-16.689167,-56.1775,BR,private_aerodrome,Brasil,ANAC_privados
SWWX,SWWX,Posto de Proteção Ambiental São Joaquim,BARÃO DE MELGAÇO,MT,-16.746111,-56.37,BR,private_aerodrome,Brasil,ANAC_privados
SWWY,SWWY,Posto de Proteção Ambiental Espírito Santo,BARÃO DE MELGAÇO,MT,-16.588056,-56.280278,BR,private_aerodrome,Brasil,ANAC_privados
SWWZ,SWWZ,Fazenda WSA,GENERAL CARNEIRO,MT,-15.383611,-53.459167,BR,private_aerodrome,Brasil,ANAC_privados
SWXA,SWXA,Fazenda Canadazinho,JUSSARA,GO,-15.042222,-51.400556,BR,private_aerodrome,Brasil,ANAC_privados
SWXB,SWXB,Fazenda Jangada,CAMPO VERDE,MT,-15.2975,-55.175833,BR,private_aerodrome,Brasil,ANAC_privados
SWXC,SWXC,Fazenda Tropical,CORUMBIARA,RO,-12.885556,-61.298611,BR,private_aerodrome,Brasil,ANAC_privados
SWXD,SWXD,Joatão do Colorado,SÃO FÉLIX DO ARAGUAIA,MT,-11.493611,-52.618611,BR,private_aerodrome,Brasil,ANAC_privados
SWXE,SWXE,PCH Paranatinga II,CAMPINÁPOLIS,MT,-13.8775,-53.239444,BR,private_aerodrome,Brasil,ANAC_privados
SWXF,SWXF,Fazenda Triflora,SÃO DESIDÉRIO,BA,-12.448889,-45.679444,BR,private_aerodrome,Brasil,ANAC_privados
SWXG,SWXG,Fazenda Cachoeirinha,CAIAPÔNIA,GO,-17.2325,-51.650278,BR,private_aerodrome,Brasil,ANAC_privados
SWXH,SWXH,Helibúzios,ARMAÇÃO DOS BÚZIOS,Rio de Janeiro,-22.755278,-41.960833,BR,heliport,Brasil,ANAC_helipontos
SWXJ,SWXJ,Chácara São José,CUIABÁ,MT,-15.595833,-56.004167,BR,private_aerodrome,Brasil,ANAC_privados
SWXK,SWXK,Fazenda Santa Thereza,APARECIDA DO RIO DOCE,GO,-18.228889,-51.207778,BR,private_aerodrome,Brasil,ANAC_privados
SWXL,SWXL,Fazenda Santa Maria,INOCÊNCIA,MS,-19.721111,-51.950278,BR,private_aerodrome,Brasil,ANAC_privados
SWXO,SWXO,Fazenda Porto Seguro,SÃO FÉLIX DO XINGU,PA,-7.1316667,-52.727222,BR,private_aerodrome,Brasil,ANAC_privados
SWXP,SWXP,GOLD BRAVO,ITAITUBA,PA,-5.7947222,-57.051667,BR,private_aerodrome,Brasil,ANAC_privados
SWXR,SWXR,Fazenda Flights Ranch,SANTANA,BA,-13.005556,-44.060556,BR,private_aerodrome,Brasil,ANAC_privados
SWXS,SWXS,Fazenda Poças,SANTO ANTÔNIO DO LEVERGER,MT,-16.161389,-56.007778,BR,private_aerodrome,Brasil,ANAC_privados
SWXT,SWXT,Fazenda Parnaguá,SANTA FILOMENA,PI,-9.1055556,-45.617222,BR,private_aerodrome,Brasil,ANAC_privados
SWXU,SWXU,E-AR,BRASÍLIA,DF,-15.700556,-47.737222,BR,private_aerodrome,Brasil,ANAC_privados
SWXW,SWXW,Fazenda Montani Bahia,SÃO DESIDÉRIO,BA,-12.999722,-46.075556,BR,private_aerodrome,Brasil,ANAC_privados
SWXX,SWXX,Fazenda Canadá,UBERLÂNDIA,MG,-18.861667,-48.422778,BR,private_aerodrome,Brasil,ANAC_privados
SWXY,SWXY,Fazenda Igurê,GÁLIA,São Paulo,-22.251667,-49.605278,BR,heliport,Brasil,ANAC_helipontos
SWXZ,SWXZ,Fazenda Taquarussu,COMODORO,MT,-13.3125,-60.293333,BR,private_aerodrome,Brasil,ANAC_privados
SWYA,SWYA,FAZENDA SANTA HELENA,RIBAS DO RIO PARDO,MS,-20.200278,-53.336389,BR,private_aerodrome,Brasil,ANAC_privados
SWYB,SWYB,Mina Brucutu,SÃO GONÇALO DO RIO ABAIXO,Minas Gerais,-19.869444,-43.395278,BR,heliport,Brasil,ANAC_helipontos
SWYC,SWYC,Fazenda Rancho Alegre I,VILA BELA DA SANTÍSSIMA TRINDADE,MT,-16.256111,-59.715,BR,private_aerodrome,Brasil,ANAC_privados
SWYD,SWYD,Spazio Faria Lima,SÃO PAULO,São Paulo,-23.585278,-46.682222,BR,heliport,Brasil,ANAC_helipontos
SWYE,SWYE,Fazenda São Lourenço,ALEGRETE,RS,-29.555833,-55.784444,BR,private_aerodrome,Brasil,ANAC_privados
SWYF,SWYF,Ambipar,NOVA ODESSA,São Paulo,-22.76,-47.253889,BR,heliport,Brasil,ANAC_helipontos
SWYG,SWYG,Graciosa,PIRAQUARA,PR,-25.406389,-49.0525,BR,private_aerodrome,Brasil,ANAC_privados
SWYH,SWYH,Fazenda Aliança,ARAPUTANGA,MT,-15.2925,-58.314444,BR,private_aerodrome,Brasil,ANAC_privados
SWYI,SWYI,Iporanga,CAMPOS DO JORDÃO,São Paulo,-22.703333,-45.5125,BR,heliport,Brasil,ANAC_helipontos
SWYJ,SWYJ,San Martin,CAMPOS DOS GOYTACAZES,RJ,-22.005833,-41.230833,BR,private_aerodrome,Brasil,ANAC_privados
SWYK,SWYK,Fazenda Ilha Camargo,BARÃO DE MELGAÇO,MT,-17.0625,-56.583611,BR,private_aerodrome,Brasil,ANAC_privados
SWYL,SWYL,Fazenda Carrapato,ITAPIPOCA,CE,-3.5111111,-39.643611,BR,private_aerodrome,Brasil,ANAC_privados
SWYM,SWYM,Fazenda Anhanguera,CONQUISTA D'OESTE,MT,-14.641667,-59.45,BR,private_aerodrome,Brasil,ANAC_privados
SWYO,SWYO,Usina Branco Peres,ADAMANTINA,SP,-21.482222,-51.025278,BR,private_aerodrome,Brasil,ANAC_privados
SWYP,SWYP,Platinum Corporate,FORTALEZA,Ceará,-3.7330556,-38.509444,BR,heliport,Brasil,ANAC_helipontos
SWYQ,SWYQ,Fazenda Brusque,SÃO FÉLIX DO XINGU,PA,-9.2844444,-51.751667,BR,private_aerodrome,Brasil,ANAC_privados
SWYR,SWYR,Fazenda Nossa Senhora do Pilar,JAURU,MT,-15.350833,-58.793889,BR,private_aerodrome,Brasil,ANAC_privados
SWYS,SWYS,Usina Cerradão,FRUTAL,MG,-19.929722,-49.122778,BR,private_aerodrome,Brasil,ANAC_privados
SWYT,SWYT,BS Design II,FORTALEZA,Ceará,-3.7372222,-38.499444,BR,heliport,Brasil,ANAC_helipontos
SWYU,SWYU,Fazenda Sagarana,CORRENTINA,BA,-13.744167,-46.162778,BR,private_aerodrome,Brasil,ANAC_privados
SWYV,SWYV,Clube Aerodesportivo de Ibirá - SWYV,IBIRÁ,SP,-21.091389,-49.224167,BR,private_aerodrome,Brasil,ANAC_privados
SWYW,SWYW,Fazenda Adriana,ALTO GARÇAS,MT,-16.830833,-53.833611,BR,private_aerodrome,Brasil,ANAC_privados
SWYX,SWYX,FAZENDA ZANCCHETIN,LUCAS DO RIO VERDE,MT,-13.019444,-56.125833,BR,private_aerodrome,Brasil,ANAC_privados
SWYY,SWYY,Fazenda Nova Viena,BARRA DO GARÇAS,MT,-14.886111,-52.278056,BR,private_aerodrome,Brasil,ANAC_privados
SWYZ,SWYZ,Bahiamido,LAJE,Bahia,-13.108889,-39.284167,BR,heliport,Brasil,ANAC_helipontos
SWZA,SWZA,Agrosan,JUARA,MT,-11.396944,-58.117222,BR,private_aerodrome,Brasil,ANAC_privados
SWZB,SWZB,Fronteira,ILHABELA,São Paulo,-23.7675,-45.348056,BR,heliport,Brasil,ANAC_helipontos
SWZC,SWZC,Fazenda Corixo,PORTO ESPERIDIÃO,MT,-16.245833,-58.894444,BR,private_aerodrome,Brasil,ANAC_privados
SWZD,SWZD,Fazenda Denusa Destilaria Nova União,JANDAIA,GO,-17.256111,-50.1425,BR,private_aerodrome,Brasil,ANAC_privados
SWZE,SWZE,Fazenda Tamboril,PONTES E LACERDA,MT,-15.062222,-59.374167,BR,private_aerodrome,Brasil,ANAC_privados
SWZF,SWZF,Haras Recanto dos Gypsies,PORTO FELIZ,São Paulo,-23.236667,-47.500278,BR,heliport,Brasil,ANAC_helipontos
SWZG,SWZG,Fazenda Lagoa Encantada,PORTO ESPERIDIÃO,MT,-16.022222,-58.894444,BR,private_aerodrome,Brasil,ANAC_privados
SWZH,SWZH,Fazenda XV de Outubro,COLATINA,ES,-19.464167,-40.667222,BR,private_aerodrome,Brasil,ANAC_privados
SWZI,SWZI,Multitoc,ITAJUBÁ,Minas Gerais,-22.431667,-45.434167,BR,heliport,Brasil,ANAC_helipontos
SWZJ,SWZJ,Porto dos Sonhos,ARMAÇÃO DOS BÚZIOS,Rio de Janeiro,-22.761667,-41.941667,BR,heliport,Brasil,ANAC_helipontos
SWZL,SWZL,Base Aeroverde,RIO VERDE,GO,-17.741667,-50.968333,BR,private_aerodrome,Brasil,ANAC_privados
SWZM,SWZM,Fazenda América,TABAPORÃ,MT,-11.541389,-56.520833,BR,private_aerodrome,Brasil,ANAC_privados
SWZN,SWZN,Fazenda Tunica,ÁGUA BOA,MT,-14.071667,-52.039444,BR,private_aerodrome,Brasil,ANAC_privados
SWZO,SWZO,Fazenda Lagoa Funda,CAMPO VERDE,MT,-15.340833,-55.140833,BR,private_aerodrome,Brasil,ANAC_privados
SWZP,SWZP,Fazenda Vale Rico,SÃO JOSÉ DO POVO,MT,-16.385556,-54.204167,BR,private_aerodrome,Brasil,ANAC_privados
SWZQ,SWZQ,Fazenda Jussara,SANTA FÉ DE GOIÁS,GO,-15.845278,-51.071944,BR,private_aerodrome,Brasil,ANAC_privados
SWZR,SWZR,Fazenda Sertaneja,ALTA FLORESTA,MT,-9.7041667,-56.011389,BR,private_aerodrome,Brasil,ANAC_privados
SWZS,SWZS,Fazenda Nova Larga,CÁCERES,MT,-16.673056,-57.674722,BR,private_aerodrome,Brasil,ANAC_privados
SWZT,SWZT,Fazenda do Brejo,PARAOPEBA,MG,-19.255,-44.473611,BR,private_aerodrome,Brasil,ANAC_privados
SWZV,SWZV,Fazenda Integrada,CORRENTINA,BA,-13.793333,-46.038611,BR,private_aerodrome,Brasil,ANAC_privados
SWZW,SWZW,Grupo Petrópolis Alagoinhas,ALAGOINHAS,Bahia,-12.163611,-38.448889,BR,heliport,Brasil,ANAC_helipontos
SWZX,SWZX,Selma Nunes,MACAÚBAS,BA,-13.094167,-42.5525,BR,private_aerodrome,Brasil,ANAC_privados
SWZY,SWZY,Fazenda Estrela do Sangue,BRASNORTE,MT,-11.577222,-58.234167,BR,private_aerodrome,Brasil,ANAC_privados
